X,Y,OBJECTID,Incidentid,DateTime,Year,StreetName,CrossStreet,Distance,JunctionRelation,Totalinjuries,TotalAccidentities,EventSeverity,Collisionmanner,Lightcondition,Weather,SurfaceCondition,Unittype_One,Age_Drv1,Gender_Drv1,Traveldirection_One,Unitaction_One,Violation1_Drv1,AlcoholUse_Drv1,DrugUse_Drv1,Unittype_Two,Age_Drv2,Gender_Drv2,Traveldirection_Two,Unitaction_Two,Violation1_Drv2,AlcoholUse_Drv2,DrugUse_Drv2,Latitude,Longitude
-111.9394443,33.41906466,1101,2657937,2012/03/15 22:32:00+00,2012,10th St,Myrtle Ave,-400.224,Driveway,1,0,Accident,ANGLE (Front To Side)(Other Than Left Turn),Dusk,Clear,Dry,Driver,40,Female,Northwest,Making Right Turn,Inattention Distraction,No Apparent Influence,No Apparent Influence,Pedalcyclist,21,Female,West,Going Straight Ahead,No Improper Action,No Apparent Influence,No Apparent Influence,33.41906466,-111.9394443
-111.9405782,33.41905627,278,2584585,2012/01/07 20:22:00+00,2012,10th St,Mill Ave,-190.08,Not Junction Related,0,0,No Accident,ANGLE (Front To Side)(Other Than Left Turn),Daylight,Clear,Dry,Driver,19,Male,Southeast,Making U Turn,Unsafe Lane Change,No Apparent Influence,No Apparent Influence,Driver,42,Male,West,Going Straight Ahead,No Improper Action,No Apparent Influence,No Apparent Influence,33.41905627,-111.9405782
-111.9440074,33.41891491,974,2611089,2012/03/09 01:40:00+00,2012,10th St,Farmer Ave,70.224,Not Junction Related,0,0,No Accident,Single Vehicle,Dark Lighted,Clear,Dry,Driver,21,Male,South,Making Left Turn,Speed To Fast For Conditions,Alcohol,No Apparent Influence,0,0,0,0,0,0,0,0,33.41891491,-111.9440074
-111.947907,33.41779086,14,2584449,2012/01/02 00:03:00+00,2012,11th St,Judd St,200.112,Not Junction Related,0,0,No Accident,Sideswipe Opposite Direction,Daylight,Clear,Dry,Driver,255,0,Unknown,Unknown,Unknown,No Apparent Influence,No Apparent Influence,Driverless,0,0,East,Properly Parked,0,0,0,33.41779086,-111.947907
-111.9442361,33.41777819,91,2597058,2012/01/13 18:05:00+00,2012,11th St,Farmer Ave,0,Intersection Non Interchange,0,0,No Accident,ANGLE (Front To Side)(Other Than Left Turn),Daylight,Clear,Dry,Driver,19,Female,East,Making Left Turn,Failed To Yield Right Of Way,No Apparent Influence,No Apparent Influence,Driver,20,Female,South,Going Straight Ahead,No Improper Action,No Apparent Influence,No Apparent Influence,33.41777819,-111.9442361
-111.9523662,33.41541322,439,2595158,2012/02/21 14:57:00+00,2012,12th Pl,Hardy Dr,-58.08,Not Junction Related,0,0,No Accident,Rear To Side,Daylight,Clear,Dry,Driver,59,Female,North,Backing,Other,No Apparent Influence,No Apparent Influence,Driver,45,Male,East,Going Straight Ahead,No Improper Action,No Apparent Influence,No Apparent Influence,33.41541322,-111.9523662
-111.9472567,33.41464156,803,2630720,2012/03/17 02:19:00+00,2012,13th St,Roosevelt St,0,Intersection Non Interchange,1,0,Accident,ANGLE (Front To Side)(Other Than Left Turn),Dark Lighted,Clear,Dry,Driver,24,Male,North,Making Right Turn,Failed To Yield Right Of Way,No Apparent Influence,No Apparent Influence,Pedalcyclist,20,Male,West,Going Straight Ahead,No Improper Action,No Apparent Influence,No Apparent Influence,33.41464156,-111.9472567
-111.9425144,33.4147226,214,2592290,2012/01/22 09:15:00+00,2012,13th St,Ash Ave,-42.24,Not Junction Related,0,0,No Accident,Single Vehicle,Dark Lighted,Clear,Dry,Driver,255,0,West,Going Straight Ahead,Speed To Fast For Conditions,No Apparent Influence,No Apparent Influence,0,0,0,0,0,0,0,0,33.4147226,-111.9425144
-111.9400728,33.41474878,1451,2625685,2012/04/13 20:26:00+00,2012,13th St,Mill Ave,-53.856,Intersection Related Non Interchange,0,0,No Accident,Rear End,Daylight,Clear,Dry,Driver,22,Male,East,Making Right Turn,Inattention Distraction,No Apparent Influence,No Apparent Influence,Driver,49,Male,East,Stopped In Trafficway,No Improper Action,No Apparent Influence,No Apparent Influence,33.41474878,-111.9400728
-111.9609024,33.41316658,651,2608192,2012/02/27 23:10:00+00,2012,14th St,Priest Dr,-30.096,Not Junction Related,1,0,Accident,Rear End,Daylight,Clear,Dry,Driver,34,Female,East,Going Straight Ahead,Inattention Distraction,No Apparent Influence,No Apparent Influence,Driver,26,Female,East,Stopped In Trafficway,No Improper Action,No Apparent Influence,No Apparent Influence,33.41316658,-111.9609024
-111.9704196,33.41358512,3674,2675649,2012/11/21 19:16:00+00,2012,14th St,52nd St,-279.84,Not Junction Related,1,0,Accident,ANGLE (Front To Side)(Other Than Left Turn),Daylight,Clear,Dry,Pedalcyclist,52,Male,Northeast,Crossing Road,Unsafe Lane Change,No Apparent Influence,No Apparent Influence,Driver,61,Male,East,Going Straight Ahead,No Improper Action,No Apparent Influence,No Apparent Influence,33.41358512,-111.9704196
-111.9693517,33.41358214,143,2598426,2012/01/30 18:49:00+00,2012,14th St,52nd St,45.936,Intersection Related Non Interchange,0,0,No Accident,Rear End,Daylight,Clear,Dry,Driver,23,Female,West,Slowing In Trafficway,Exceeded Lawful Speed,No Apparent Influence,No Apparent Influence,Driver,42,Male,West,Stopped In Trafficway,No Improper Action,No Apparent Influence,No Apparent Influence,33.41358214,-111.9693517
-111.948556,33.42912879,644,2595151,2012/02/15 16:55:00+00,2012,1st St,Roosevelt St,-390.192,Not Junction Related,0,0,No Accident,ANGLE (Front To Side)(Other Than Left Turn),Daylight,Clear,Dry,Driver,25,Female,North,Making Left Turn,Other,No Apparent Influence,No Apparent Influence,Driver,30,Female,East,Going Straight Ahead,No Improper Action,No Apparent Influence,No Apparent Influence,33.42912879,-111.948556
-111.9521793,33.42910936,685,2608197,2012/02/23 16:09:00+00,2012,1st St,Hardy Dr,48.048,Intersection Related Interchange,0,0,No Accident,Single Vehicle,Daylight,Clear,Dry,Driver,75,Male,North,Making Right Turn,Speed To Fast For Conditions,No Apparent Influence,No Apparent Influence,0,0,0,0,0,0,0,0,33.42910936,-111.9521793
-111.9562262,33.42908339,1288,2630325,2012/05/10 17:16:00+00,2012,1st St,Beck Ave,149.952,Not Junction Related,0,0,No Accident,Sideswipe Same Direction,Daylight,Clear,Dry,Driver,44,Male,West,Going Straight Ahead,Other,No Apparent Influence,No Apparent Influence,Driverless,0,0,West,Properly Parked,0,0,0,33.42908339,-111.9562262
-111.9682021,33.42908292,1589,2619307,2012/04/25 13:50:00+00,2012,1st St,52nd St,449.856,Driveway,0,0,No Accident,Rear To Side,Dawn,Cloudy,Dry,Driver,21,Male,North,Backing,Speed To Fast For Conditions,No Apparent Influence,No Apparent Influence,Driverless,0,0,West,Properly Parked,0,0,0,33.42908292,-111.9682021
-111.949802,33.40462861,1371,2619299,2012/04/21 00:27:00+00,2012,22nd St,Roosevelt St,-599.808,Driveway,0,0,No Accident,ANGLE (Front To Side)(Other Than Left Turn),Daylight,Clear,Dry,Driver,62,Male,East,Overtaking Passing,Other Unsafe Passing,No Apparent Influence,No Apparent Influence,Driver,41,Male,Northeast,Making Left Turn,No Improper Action,No Apparent Influence,No Apparent Influence,33.40462861,-111.949802
-111.9524696,33.42772496,354,2592258,2012/01/22 19:17:00+00,2012,2nd St,Hardy Dr,-50.16,Unknown Non Interchange,0,0,No Accident,Unknown,Dark Unknown Lighting,Cloudy,Unknown,Driver,255,0,Unknown,Unknown,Unknown,No Apparent Influence,No Apparent Influence,Driver,255,0,Unknown,Properly Parked,No Improper Action,No Apparent Influence,No Apparent Influence,33.42772496,-111.9524696
-111.9529612,33.42772383,384,2586105,2012/01/25 19:30:00+00,2012,2nd St,Hardy Dr,-200.112,Unknown,0,0,No Accident,Unknown,Daylight,Clear,Unknown,Driver,255,0,Unknown,Unknown,Unknown,No Apparent Influence,No Apparent Influence,Driverless,0,0,East,Properly Parked,0,0,0,33.42772383,-111.9529612
-111.9783668,33.38548036,62,2591809,2012/01/10 23:31:00+00,2012,48th St,Vineyard Rd,0,Intersection Non Interchange,1,0,Accident,Left Turn,Daylight,Clear,Dry,Driver,19,Male,South,Making Left Turn,Failed To Yield Right Of Way,No Apparent Influence,No Apparent Influence,Pedestrian,10,Female,East,Unknown,No Improper Action,No Apparent Influence,No Apparent Influence,33.38548036,-111.9783668
-111.9783259,33.39346997,586,2597299,2012/02/08 19:43:00+00,2012,48th St,Southern Ave,257.136,Not Junction Related,2,0,Accident,ANGLE (Front To Side)(Other Than Left Turn),Daylight,Clear,Dry,Driver,64,Female,West,Other,Other,No Apparent Influence,No Apparent Influence,Driver,21,Female,North,Going Straight Ahead,No Improper Action,No Apparent Influence,No Apparent Influence,33.39346997,-111.9783259
-111.9783348,33.39199479,780,2610456,2012/02/24 13:47:00+00,2012,48th St,Southern Ave,-279.84,Not Junction Related,1,0,Accident,Sideswipe Opposite Direction,Daylight,Clear,Dry,Driver,43,Male,South,Making Left Turn,Inattention Distraction,No Apparent Influence,No Apparent Influence,Driver,20,Male,North,Going Straight Ahead,No Improper Action,No Apparent Influence,No Apparent Influence,33.39199479,-111.9783348
-111.9783259,33.39342325,1849,2636452,2012/06/04 16:27:00+00,2012,48th St,Southern Ave,240.24,Not Junction Related,1,0,Accident,ANGLE (Front To Side)(Other Than Left Turn),Daylight,Clear,Dry,Pedestrian,15,Male,North,Crossing Road,Did Not Use Crosswalk,No Apparent Influence,No Apparent Influence,Driver,32,Male,West,Going Straight Ahead,No Improper Action,No Apparent Influence,No Apparent Influence,33.39342325,-111.9783259
-111.9783192,33.39549854,2968,2664776,2012/10/06 00:37:00+00,2012,48th St,Fairmont Dr,-330,Not Junction Related,1,0,Accident,Rear End,Daylight,Clear,Dry,Driver,34,Male,South,Going Straight Ahead,Speed To Fast For Conditions,No Apparent Influence,No Apparent Influence,Driver,111,Unknown,South,Stopped In Trafficway,Unknown,No Apparent Influence,No Apparent Influence,33.39549854,-111.9783192
-111.978327,33.39399222,3383,2675680,2012/11/02 22:21:00+00,2012,48th St,Hidalgo Ave,0,Intersection Non Interchange,1,0,Accident,Left Turn,Daylight,Clear,Dry,Driver,20,Female,Northwest,Making Left Turn,Failed To Yield Right Of Way,No Apparent Influence,No Apparent Influence,Driver,43,Male,South,Going Straight Ahead,No Improper Action,No Apparent Influence,No Apparent Influence,33.39399222,-111.978327
-111.9783402,33.39111666,3481,2681605,2012/11/01 00:55:00+00,2012,48th St,Nancy Ln,5.808,Intersection Non Interchange,2,0,Accident,Head On,Dark Lighted,Clear,Dry,Driver,19,Male,Northeast,Making Left Turn,Failed To Yield Right Of Way,No Apparent Influence,No Apparent Influence,Driver,38,Female,South,Going Straight Ahead,No Improper Action,No Apparent Influence,No Apparent Influence,33.39111666,-111.9783402
-111.9783268,33.3941763,3516,2675681,2012/11/01 23:50:00+00,2012,48th St,Southern Ave,513.744,Not Junction Related,1,0,Accident,Rear End,Daylight,Clear,Dry,Driver,54,Female,South,Going Straight Ahead,Speed To Fast For Conditions,No Apparent Influence,No Apparent Influence,Driver,56,Male,South,Stopped In Trafficway,No Improper Action,No Apparent Influence,No Apparent Influence,33.3941763,-111.9783268
-111.9783518,33.38739876,3892,2686503,2012/11/16 00:21:00+00,2012,48th St,Apollo Rd,0,Intersection Related Non Interchange,1,0,Accident,Left Turn,Dusk,Clear,Dry,Driver,24,Male,Northeast,Making Left Turn,Made Improper Turn,No Apparent Influence,No Apparent Influence,Driver,24,Male,South,Going Straight Ahead,No Improper Action,No Apparent Influence,No Apparent Influence,33.38739876,-111.9783518
-111.9783246,33.39485222,4169,2678069,2012/12/08 19:38:00+00,2012,48th St,Southern Ave,759.792,Not Junction Related,1,0,Accident,Sideswipe Same Direction,Daylight,Clear,Dry,Driver,42,Male,North,Changing Lanes,Unsafe Lane Change,No Apparent Influence,No Apparent Influence,Driver,24,Male,North,Going Straight Ahead,No Improper Action,No Apparent Influence,No Apparent Influence,33.39485222,-111.9783246
-111.9783289,33.39251653,4269,2698164,2013/01/10 18:00:00+00,2013,48th St,Southern Ave,-89.76,Not Junction Related,1,0,Accident,ANGLE (Front To Side)(Other Than Left Turn),Daylight,Clear,Dry,Driver,55,Male,East,Other,Failed To Yield Right Of Way,No Apparent Influence,No Apparent Influence,Pedalcyclist,21,Male,North,Going Straight Ahead,No Improper Action,No Apparent Influence,No Apparent Influence,33.39251653,-111.9783289
-111.9783273,33.39401419,622,2599711,2012/02/10 17:05:00+00,2012,48th St,Southern Ave,455.136,Driveway,0,0,No Accident,ANGLE (Front To Side)(Other Than Left Turn),Daylight,Clear,Dry,Driver,45,Male,North,Making Right Turn,Made Improper Turn,No Apparent Influence,No Apparent Influence,Driver,36,Male,North,Going Straight Ahead,No Improper Action,No Apparent Influence,No Apparent Influence,33.39401419,-111.9783273
-111.9762517,33.42203068,1021,2630707,2012/03/26 22:03:00+00,2012,48th St,University Dr,50.16,Intersection Related Non Interchange,0,0,No Accident,Rear End,Daylight,Clear,Dry,Driver,52,Male,South,Going Straight Ahead,Followed Too Closely,No Apparent Influence,No Apparent Influence,Driver,25,Male,South,Stopped In Trafficway,No Improper Action,No Apparent Influence,No Apparent Influence,33.42203068,-111.9762517
-111.9783295,33.39246161,1076,2616022,2012/03/14 03:10:00+00,2012,48th St,Southern Ave,-109.824,Driveway,0,0,No Accident,Left Turn,Dark Lighted,Clear,Dry,Driver,48,Female,East,Making Left Turn,Failed To Yield Right Of Way,No Apparent Influence,No Apparent Influence,Driver,38,Male,South,Going Straight Ahead,No Improper Action,No Apparent Influence,No Apparent Influence,33.39246161,-111.9783295
-111.978326,33.39331332,1320,2648734,2012/05/04 19:07:00+00,2012,48th St,Southern Ave,200.112,Not Junction Related,0,0,No Accident,Left Turn,Daylight,Clear,Dry,Driver,53,Male,South,Making Left Turn,Failed To Yield Right Of Way,No Apparent Influence,No Apparent Influence,Driver,57,Male,North,Going Straight Ahead,No Improper Action,No Apparent Influence,No Apparent Influence,33.39331332,-111.978326
-111.9783182,33.39566573,1508,2629186,2012/04/30 00:28:00+00,2012,48th St,Southern Ave,1056,Not Junction Related,0,0,No Accident,Other,Daylight,Clear,Dry,Driver,18,Male,South,Going Straight Ahead,Failed To Keep In Proper Lane,No Apparent Influence,No Apparent Influence,Driverless,0,0,Unknown,Properly Parked,0,0,0,33.39566573,-111.9783182
-111.9695053,33.41257515,205,2600272,2012/02/02 19:14:00+00,2012,52nd St,15th St,42.24,Intersection Related Non Interchange,1,0,Accident,Rear End,Daylight,Clear,Dry,Driver,21,Male,South,Going Straight Ahead,Inattention Distraction,No Apparent Influence,No Apparent Influence,Driver,48,Male,South,Slowing In Trafficway,No Improper Action,No Apparent Influence,No Apparent Influence,33.41257515,-111.9695053
-111.9695557,33.42339587,1250,2648764,2012/05/03 23:58:00+00,2012,52nd St,University Dr,530.112,Not Junction Related,1,0,Accident,Rear End,Daylight,Clear,Dry,Driver,37,Female,North,Going Straight Ahead,Speed To Fast For Conditions,No Apparent Influence,No Apparent Influence,Driver,52,Female,Northeast,Making Right Turn,No Improper Action,No Apparent Influence,No Apparent Influence,33.42339587,-111.9695557
-111.9695013,33.413749,1942,2655647,2012/05/16 00:24:00+00,2012,52nd St,14th St,61.248,Intersection Related Non Interchange,1,0,Accident,Rear End,Daylight,Clear,Dry,Driver,30,Female,South,Going Straight Ahead,Inattention Distraction,No Apparent Influence,No Apparent Influence,Driver,51,Male,South,Stopped In Trafficway,No Improper Action,No Apparent Influence,No Apparent Influence,33.413749,-111.9695013
-111.9695178,33.41099274,51,2598807,2012/01/05 00:25:00+00,2012,52nd St,16th St,-200.112,Not Junction Related,0,0,No Accident,Rear End,Daylight,Clear,Dry,Driver,21,Female,South,Going Straight Ahead,Inattention Distraction,No Apparent Influence,No Apparent Influence,Driver,48,Male,South,Stopped In Trafficway,No Improper Action,No Apparent Influence,No Apparent Influence,33.41099274,-111.9695178
-111.9695543,33.42177454,1034,2622863,2012/03/09 21:23:00+00,2012,52nd St,University Dr,-60.192,Intersection Related Non Interchange,0,0,No Accident,Sideswipe Same Direction,Daylight,Clear,Dry,Driver,39,Male,North,Going Straight Ahead,Failed To Keep In Proper Lane,No Apparent Influence,No Apparent Influence,Driver,55,Male,North,Stopped In Trafficway,No Improper Action,No Apparent Influence,No Apparent Influence,33.42177454,-111.9695543
-111.9695494,33.42137912,1388,2631154,2012/05/04 23:24:00+00,2012,52nd St,University Dr,-203.808,Driveway,0,0,No Accident,Left Turn,Daylight,Clear,Dry,Driver,25,Male,East,Making Left Turn,Made Improper Turn,No Apparent Influence,No Apparent Influence,Driver,44,Female,North,Going Straight Ahead,No Improper Action,No Apparent Influence,No Apparent Influence,33.42137912,-111.9695494
-111.9610303,33.44530125,1164,2630709,2012/03/28 00:05:00+00,2012,56th St,Washington St,0,Intersection Non Interchange,1,0,Accident,ANGLE (Front To Side)(Other Than Left Turn),Daylight,Clear,Dry,Pedalcyclist,30,Male,West,Other,Other,No Apparent Influence,No Apparent Influence,Driver,57,Female,North,Making Right Turn,No Improper Action,No Apparent Influence,No Apparent Influence,33.44530125,-111.9610303
-111.9631585,33.37796482,4091,2732836,2013/01/14 00:28:00+00,2013,56th St,Baseline Rd,-99.792,Not Junction Related,6,0,Accident,ANGLE (Front To Side)(Other Than Left Turn),Dusk,Unknown,Dry,Driver,24,Male,West,Changing Lanes,Unsafe Lane Change,Alcohol,No Apparent Influence,Driver,27,Male,East,Going Straight Ahead,No Improper Action,No Apparent Influence,No Apparent Influence,33.37796482,-111.9631585
-111.9631613,33.37813777,140,2601574,2012/01/30 00:16:00+00,2012,56th St,Baseline Rd,-36.96,Intersection Related Non Interchange,0,0,No Accident,Rear End,Daylight,Clear,Dry,Driver,111,Unknown,North,Slowing In Trafficway,Speed To Fast For Conditions,No Apparent Influence,No Apparent Influence,Driver,39,Male,North,Stopped In Trafficway,No Improper Action,No Apparent Influence,No Apparent Influence,33.37813777,-111.9631613
-111.9631594,33.37801972,1137,2647286,2012/04/05 23:43:00+00,2012,56th St,Baseline Rd,-80.256,Intersection Related Non Interchange,0,0,No Accident,Rear End,Daylight,Clear,Dry,Driver,17,Female,North,Going Straight Ahead,Inattention Distraction,No Apparent Influence,No Apparent Influence,Driver,44,Male,North,Stopped In Trafficway,No Improper Action,No Apparent Influence,No Apparent Influence,33.37801972,-111.9631594
-111.9374568,33.42550867,573,2608265,2012/03/04 07:27:00+00,2012,5th St,Forest Ave,-242.88,Not Junction Related,1,0,Accident,Single Vehicle,Dark Lighted,Clear,Dry,Driver,19,Male,West,Making Left Turn,Knowingly Operated With Faulty Missing Equipment,Alcohol,No Apparent Influence,0,0,0,0,0,0,0,0,33.42550867,-111.9374568
-111.9442811,33.4254682,900,2608281,2012/03/08 02:42:00+00,2012,5th St,Farmer Ave,0,Intersection Non Interchange,1,0,Accident,ANGLE (Front To Side)(Other Than Left Turn),Dark Unknown Lighting,Clear,Dry,Pedalcyclist,24,Male,East,Going Straight Ahead,Knowingly Operated With Faulty Missing Equipment,Alcohol,No Apparent Influence,Driver,36,Male,South,Going Straight Ahead,No Improper Action,No Apparent Influence,No Apparent Influence,33.4254682,-111.9442811
-111.9367424,33.42551066,968,2608298,2012/03/09 00:53:00+00,2012,5th St,Forest Ave,-24.816,Intersection Related Non Interchange,1,0,Accident,ANGLE (Front To Side)(Other Than Left Turn),Daylight,Clear,Dry,Driver,57,Male,West,Going Straight Ahead,Other,No Apparent Influence,No Apparent Influence,Pedestrian,20,Male,North,Crossing Road,No Improper Action,No Apparent Influence,No Apparent Influence,33.42551066,-111.9367424
-111.9535117,33.42548882,1758,2632686,2012/06/09 00:08:00+00,2012,5th St,Westfall Dr,99.792,Not Junction Related,1,0,Accident,Other,Daylight,Clear,Dry,Driver,36,Male,West,Going Straight Ahead,Drove Rode In Opposing Traffic Lane,No Apparent Influence,No Apparent Influence,Pedestrian,35,Male,West,Other,No Improper Action,No Apparent Influence,No Apparent Influence,33.42548882,-111.9535117
-111.9004586,33.42569559,1831,2648183,2012/06/16 01:52:00+00,2012,5th St,Smith Rd,0,Intersection Non Interchange,1,0,Accident,ANGLE (Front To Side)(Other Than Left Turn),Daylight,Clear,Dry,Driver,37,Female,West,Making Right Turn,Inattention Distraction,No Apparent Influence,No Apparent Influence,Pedestrian,18,Female,South,Walking Against Traffic,No Improper Action,No Apparent Influence,No Apparent Influence,33.42569559,-111.9004586
-111.9608044,33.42557778,1945,2655613,2012/05/16 13:36:00+00,2012,5th St,Priest Dr,50.16,Intersection Related Non Interchange,1,0,Accident,ANGLE (Front To Side)(Other Than Left Turn),Daylight,Clear,Dry,Pedalcyclist,41,Male,South,Going Straight Ahead,Other,No Apparent Influence,No Apparent Influence,Driver,53,Female,Northwest,Making Right Turn,No Improper Action,No Apparent Influence,No Apparent Influence,33.42557778,-111.9608044
-111.9586635,33.425506,2233,2650903,2012/07/30 21:06:00+00,2012,5th St,Margo Dr,-89.76,Not Junction Related,1,0,Accident,Single Vehicle,Daylight,Clear,Dry,Driver,28,Male,West,Going Straight Ahead,Speed To Fast For Conditions,No Apparent Influence,No Apparent Influence,0,0,0,0,0,0,0,0,33.425506,-111.9586635
-111.9398608,33.42550069,2828,2671344,2012/09/16 09:04:00+00,2012,5th St,Mill Ave,44.88,Intersection Related Non Interchange,1,0,Accident,ANGLE (Front To Side)(Other Than Left Turn),Dark Lighted,Clear,Dry,Pedestrian,23,Female,South,Crossing Road,Disregarded Traffic Signal,Alcohol,No Apparent Influence,Driver,21,Female,East,Going Straight Ahead,No Improper Action,No Apparent Influence,No Apparent Influence,33.42550069,-111.9398608
-111.9369685,33.42551003,3207,2668315,2012/10/19 00:54:00+00,2012,5th St,Forest Ave,-93.984,Not Junction Related,3,0,Accident,ANGLE (Front To Side)(Other Than Left Turn),Dusk,Clear,Dry,Pedalcyclist,33,Male,East,Making Left Turn,Unsafe Lane Change,No Apparent Influence,No Apparent Influence,Driver,42,Female,East,Going Straight Ahead,No Improper Action,No Apparent Influence,No Apparent Influence,33.42551003,-111.9369685
-111.9433507,33.4254887,3224,2662952,2012/10/20 03:55:00+00,2012,5th St,Ash Ave,3.168,Intersection Interchange,1,0,Accident,Left Turn,Dark Lighted,Clear,Dry,Driver,27,Female,West,Making Left Turn,Failed To Yield Right Of Way,No Apparent Influence,No Apparent Influence,Driver,21,Male,East,Going Straight Ahead,No Improper Action,No Apparent Influence,No Apparent Influence,33.4254887,-111.9433507
-111.9405838,33.42549819,3275,2663018,2012/10/17 00:30:00+00,2012,5th St,Mill Ave,-175.824,Intersection Related Non Interchange,1,0,Accident,ANGLE (Front To Side)(Other Than Left Turn),Daylight,Clear,Dry,Driver,16,Male,Northwest,Making Right Turn,Failed To Yield Right Of Way,No Apparent Influence,No Apparent Influence,Pedalcyclist,21,Male,West,Going Straight Ahead,No Improper Action,No Apparent Influence,No Apparent Influence,33.42549819,-111.9405838
-111.9412656,33.42549632,3497,2679263,2012/11/01 10:10:00+00,2012,5th St,Maple Ave,0,Intersection Related Non Interchange,1,0,Accident,Rear End,Dark Lighted,Clear,Dry,Driver,22,Male,East,Going Straight Ahead,Speed To Fast For Conditions,Alcohol,No Apparent Influence,Driver,52,Male,East,Going Straight Ahead,No Improper Action,No Apparent Influence,No Apparent Influence,33.42549632,-111.9412656
-111.9404986,33.42549836,3796,2676045,2012/11/18 08:20:00+00,2012,5th St,Mill Ave,-149.952,Not Junction Related,1,0,Accident,Head On,Dark Lighted,Clear,Dry,Pedestrian,27,Female,North,Crossing Road,Other,No Apparent Influence,No Apparent Influence,Driver,60,Male,East,Going Straight Ahead,No Improper Action,No Apparent Influence,No Apparent Influence,33.42549836,-111.9404986
-111.9367261,33.42551071,4459,2687268,2013/01/26 18:00:00+00,2013,5th St,Forest Ave,-20.064,Not Junction Related,1,0,Accident,Single Vehicle,Daylight,Rain,Wet,Driver,112,Unknown,West,Driverless Moving Vehicle,Unknown,No Apparent Influence,No Apparent Influence,0,0,0,0,0,0,0,0,33.42551071,-111.9367261
-111.9401381,33.42549906,216,2596103,2012/01/22 09:50:00+00,2012,5th St,Mill Ave,-40.128,Intersection Related Non Interchange,0,0,No Accident,Other,Dark Lighted,Clear,Dry,Driver,29,Male,East,Backing,Inattention Distraction,Alcohol,No Apparent Influence,Driver,42,Male,East,Stopped In Trafficway,No Improper Action,No Apparent Influence,No Apparent Influence,33.42549906,-111.9401381
-111.9430328,33.42548984,462,2588968,2012/02/11 18:00:00+00,2012,5th St,Ash Ave,99.792,Not Junction Related,0,0,No Accident,Unknown,Dark Unknown Lighting,Clear,Dry,Driver,255,0,Unknown,Unknown,Unknown,No Apparent Influence,No Apparent Influence,Driver,23,Female,East,Properly Parked,Other,No Apparent Influence,No Apparent Influence,33.42548984,-111.9430328
-111.9431967,33.42548927,806,2606523,2012/03/17 05:34:00+00,2012,5th St,Ash Ave,50.16,Not Junction Related,0,0,No Accident,Rear To Rear,Dark Lighted,Clear,Dry,Driver,21,Male,West,Backing,Other,Alcohol,No Apparent Influence,Driver,255,0,Unknown,Properly Parked,No Improper Action,No Apparent Influence,No Apparent Influence,33.42548927,-111.9431967
-111.9415605,33.42549519,1069,2630795,2012/03/14 00:54:00+00,2012,5th St,Maple Ave,-89.76,Intersection Related Non Interchange,0,0,No Accident,Rear End,Daylight,Clear,Dry,Driver,19,Female,East,Going Straight Ahead,Inattention Distraction,No Apparent Influence,No Apparent Influence,Driver,22,Female,East,Stopped In Trafficway,No Improper Action,No Apparent Influence,No Apparent Influence,33.42549519,-111.9415605
-111.9371848,33.42550943,1111,2629040,2012/03/16 09:18:00+00,2012,5th St,Forest Ave,-159.984,Driveway,0,0,No Accident,Single Vehicle,Dark Lighted,Clear,Dry,Driver,24,Male,North,Going Straight Ahead,Inattention Distraction,Alcohol,No Apparent Influence,0,0,0,0,0,0,0,0,33.42550943,-111.9371848
-111.9363762,33.42551248,1246,2630248,2012/05/03 20:05:00+00,2012,5th St,Forest Ave,87.12,Not Junction Related,0,0,No Accident,ANGLE (Front To Side)(Other Than Left Turn),Daylight,Clear,Dry,Driver,58,Male,Northeast,Leaving Parking Position,Failed To Yield Right Of Way,No Apparent Influence,No Apparent Influence,Driver,40,Female,East,Going Straight Ahead,No Improper Action,No Apparent Influence,No Apparent Influence,33.42551248,-111.9363762
-111.9350155,33.45835991,3646,2704645,2012/12/07 13:33:00+00,2012,68th St,Continental Dr,0,Intersection Related Non Interchange,1,0,Accident,Sideswipe Opposite Direction,Dark Lighted,Clear,Dry,Driver,79,Male,Southwest,Making Right Turn,Inattention Distraction,No Apparent Influence,No Apparent Influence,Pedestrian,14,Male,North,Crossing Road,No Improper Action,No Apparent Influence,No Apparent Influence,33.45835991,-111.9350155
-111.929066,33.42429709,174,2657858,2012/01/31 23:40:00+00,2012,6th St,Packard Dr,0,Intersection Non Interchange,0,0,No Accident,Left Turn,Daylight,Clear,Dry,Driver,21,Female,East,Making Left Turn,Inattention Distraction,No Apparent Influence,No Apparent Influence,Driver,26,Male,West,Going Straight Ahead,No Improper Action,No Apparent Influence,No Apparent Influence,33.42429709,-111.929066
-111.9365397,33.42435766,639,2595182,2012/02/11 23:00:00+00,2012,6th St,Forest Ave,34.848,Not Junction Related,0,0,No Accident,ANGLE (Front To Side)(Other Than Left Turn),Dark Unknown Lighting,Clear,Dry,Driver,111,Unknown,South,Unknown,Unknown,No Apparent Influence,No Apparent Influence,Driverless,0,0,Unknown,Properly Parked,0,0,0,33.42435766,-111.9365397
-111.9398403,33.42434317,762,2595177,2012/02/18 00:30:00+00,2012,6th St,Mill Ave,50.16,Intersection Related Non Interchange,0,0,No Accident,Rear To Side,Daylight,Clear,Dry,Driver,111,Unknown,South,Backing,Inattention Distraction,No Apparent Influence,No Apparent Influence,Driver,39,Female,West,Stopped In Trafficway,No Improper Action,No Apparent Influence,No Apparent Influence,33.42434317,-111.9398403