X,Y,OBJECTID,Incidentid,DateTime,Year,StreetName,CrossStreet,Distance,JunctionRelation,Totalinjuries,TotalAccidentities,EventSeverity,Collisionmanner,Lightcondition,Weather,SurfaceCondition,Unittype_One,Age_Drv1,Gender_Drv1,Traveldirection_One,Unitaction_One,Violation1_Drv1,AlcoholUse_Drv1,DrugUse_Drv1,Unittype_Two,Age_Drv2,Gender_Drv2,Traveldirection_Two,Unitaction_Two,Violation1_Drv2,AlcoholUse_Drv2,DrugUse_Drv2,Latitude,Longitude
-111.9167469,33.41475994,793,2595226,2012/02/25 03:11:00+00,2012,Apache Blvd,Cedar St,109.824,Not Junction Related,0,0,No Accident,Single Vehicle,Dark Lighted,Clear,Dry,Driver,45,Female,West,Going Straight Ahead,Failed To Keep In Proper Lane,No Apparent Influence,No Apparent Influence,0,0,0,0,0,0,0,0,33.41475994,-111.9167469
-111.9071564,33.41476332,1065,2624392,2012/03/13 00:21:00+00,2012,Apache Blvd,Mcclintock Dr,599.808,Not Junction Related,0,0,No Accident,Rear End,Daylight,Clear,Dry,Driver,49,Female,East,Going Straight Ahead,Speed To Fast For Conditions,No Apparent Influence,No Apparent Influence,Driver,36,Male,East,Going Straight Ahead,No Improper Action,No Apparent Influence,No Apparent Influence,33.41476332,-111.9071564
-111.9088601,33.41475603,1271,2627664,2012/05/09 21:40:00+00,2012,Apache Blvd,Mcclintock Dr,80.256,Intersection Related Non Interchange,0,0,No Accident,Rear End,Daylight,Clear,Dry,Driver,45,Male,West,Going Straight Ahead,Speed To Fast For Conditions,No Apparent Influence,No Apparent Influence,Driver,57,Male,West,Stopped In Trafficway,No Improper Action,No Apparent Influence,No Apparent Influence,33.41475603,-111.9088601
-111.9124521,33.41475519,1316,2630016,2012/04/07 22:36:00+00,2012,Apache Blvd,Elm St,0,Intersection Non Interchange,0,0,No Accident,Left Turn,Daylight,Clear,Dry,Driver,45,Male,East,Going Straight Ahead,Disregarded Traffic Signal,No Apparent Influence,No Apparent Influence,Driver,18,Male,Southwest,Making Left Turn,No Improper Action,No Apparent Influence,No Apparent Influence,33.41475519,-111.9124521
-111.9125078,33.41475593,1350,2623553,2012/04/19 21:19:00+00,2012,Apache Blvd,Una Butte Dr,-53.856,Intersection Related Non Interchange,0,0,No Accident,Rear End,Daylight,Clear,Dry,Driver,28,Male,East,Going Straight Ahead,Inattention Distraction,No Apparent Influence,No Apparent Influence,Driver,38,Male,East,Stopped In Trafficway,No Improper Action,No Apparent Influence,No Apparent Influence,33.41475593,-111.9125078
-111.9128059,33.41475777,1493,2629977,2012/04/28 18:34:00+00,2012,Apache Blvd,Elm St,-108.24,Intersection Related Non Interchange,0,0,No Accident,Rear End,Daylight,Clear,Dry,Driver,25,Female,East,Going Straight Ahead,Inattention Distraction,No Apparent Influence,No Apparent Influence,Driver,36,Female,East,Stopped In Trafficway,No Improper Action,No Apparent Influence,No Apparent Influence,33.41475777,-111.9128059
-111.9086962,33.41475572,1523,2630028,2012/04/08 05:34:00+00,2012,Apache Blvd,Mcclintock Dr,129.888,Intersection Related Non Interchange,0,0,No Accident,Rear End,Dark Lighted,Clear,Dry,Driver,48,Male,West,Going Straight Ahead,Inattention Distraction,No Apparent Influence,No Apparent Influence,Driver,26,Male,West,Going Straight Ahead,No Improper Action,No Apparent Influence,No Apparent Influence,33.41475572,-111.9086962
-111.9653457,33.38687907,465,2600099,2012/02/08 13:02:00+00,2012,Arizona Mills Cir,Arizona Mills Conn,-950.4,Not Junction Related,0,0,No Accident,Single Vehicle,Dark Lighted,Clear,Unknown,Driver,255,0,Northwest,Negotiating A Curve,Unknown,No Apparent Influence,No Apparent Influence,0,0,0,0,0,0,0,0,33.38687907,-111.9653457
-111.9620753,33.38148068,705,2589001,2012/02/13 20:59:00+00,2012,Arizona Mills Cir,Darrow Dr,145.2,Not Junction Related,0,0,No Accident,Left Turn,Daylight,Clear,Dry,Driver,66,Male,Northwest,Making Left Turn,Other,No Apparent Influence,No Apparent Influence,Driver,20,Female,North,Going Straight Ahead,No Improper Action,No Apparent Influence,No Apparent Influence,33.38148068,-111.9620753
-111.961589,33.38466167,1359,2622438,2012/04/20 07:24:00+00,2012,Arizona Mills Conn,Priest Dr,-200.112,Not Junction Related,2,0,Accident,Single Vehicle,Dark Lighted,Clear,Dry,Driver,20,Male,West,Negotiating A Curve,Speed To Fast For Conditions,No Apparent Influence,No Apparent Influence,0,0,0,0,0,0,0,0,33.38466167,-111.961589
-111.9423879,33.42220219,972,2608349,2012/03/09 01:35:00+00,2012,Ash Ave,University Dr,99.792,Intersection Related Non Interchange,1,0,Accident,Rear End,Dark Lighted,Clear,Dry,Driver,21,Male,South,Going Straight Ahead,Speed To Fast For Conditions,Alcohol,No Apparent Influence,Driver,20,Male,South,Stopped In Trafficway,No Improper Action,No Apparent Influence,No Apparent Influence,33.42220219,-111.9423879
-111.9433601,33.42548764,1314,2640184,2012/04/07 08:05:00+00,2012,Ash Ave,5th St,0,Intersection Non Interchange,1,0,Accident,Single Vehicle,Dark Lighted,Clear,Dry,Driver,35,Male,North,Going Straight Ahead,Unknown,No Apparent Influence,No Apparent Influence,0,0,0,0,0,0,0,0,33.42548764,-111.9433601
-111.9433199,33.43074821,2124,2655778,2012/06/30 10:24:00+00,2012,Ash Ave,Rio Salado Pkwy,-291.984,Not Junction Related,1,0,Accident,Rear End,Dark Lighted,Clear,Dry,Driver,255,0,South,Going Straight Ahead,Speed To Fast For Conditions,No Apparent Influence,No Apparent Influence,Driver,24,Female,South,Making Right Turn,No Improper Action,No Apparent Influence,No Apparent Influence,33.43074821,-111.9433199
-111.943359,33.42539977,2543,2674490,2012/08/30 19:59:00+00,2012,Ash Ave,5th St,-32.208,Intersection Related Non Interchange,1,0,Accident,Left Turn,Daylight,Clear,Dry,Driver,52,Male,Southwest,Making Left Turn,Failed To Yield Right Of Way,No Apparent Influence,No Apparent Influence,Pedestrian,37,Male,East,Crossing Road,No Improper Action,No Apparent Influence,No Apparent Influence,33.42539977,-111.943359
-111.9432977,33.4303697,3538,2674113,2012/10/13 13:12:00+00,2012,Ash Ave,1st St,400.224,Not Junction Related,1,0,Accident,Single Vehicle,Dawn,Clear,Dry,Driver,111,Unknown,South,Going Straight Ahead,Speed To Fast For Conditions,No Apparent Influence,No Apparent Influence,0,0,0,0,0,0,0,0,33.4303697,-111.9432977
-111.9396318,33.38327864,104,2598427,2012/01/27 17:19:00+00,2012,Ash Ave,Mill Ave,-59.136,Intersection Related Non Interchange,0,0,No Accident,Head On,Daylight,Clear,Dry,Driver,19,Female,South,Making Right Turn,Speed To Fast For Conditions,No Apparent Influence,No Apparent Influence,Driver,28,Male,East,Stopped In Trafficway,No Improper Action,No Apparent Influence,No Apparent Influence,33.38327864,-111.9396318
-111.9429327,33.42737947,376,2598639,2012/01/24 23:24:00+00,2012,Ash Ave,3rd St,-70.752,Intersection Related Non Interchange,0,0,No Accident,Rear End,Daylight,Cloudy,Dry,Driver,22,Female,North,Going Straight Ahead,Speed To Fast For Conditions,No Apparent Influence,No Apparent Influence,Driver,28,Male,North,Stopped In Trafficway,No Improper Action,No Apparent Influence,No Apparent Influence,33.42737947,-111.9429327
-111.9433947,33.43153686,1170,2611259,2012/03/28 08:34:00+00,2012,Ash Ave,Rio Salado Pkwy,0,Intersection Non Interchange,0,0,No Accident,Single Vehicle,Dark Lighted,Clear,Dry,Driver,25,Male,North,Negotiating A Curve,Other,Alcohol,No Apparent Influence,0,0,0,0,0,0,0,0,33.43153686,-111.9433947
-111.9429547,33.42960179,1495,2623555,2012/04/28 22:58:00+00,2012,Ash Ave,1st St,99.792,Driveway,0,0,No Accident,ANGLE (Front To Side)(Other Than Left Turn),Daylight,Clear,Dry,Driver,48,Male,West,Making Left Turn,Failed To Yield Right Of Way,No Apparent Influence,No Apparent Influence,Driver,20,Male,North,Going Straight Ahead,No Improper Action,No Apparent Influence,No Apparent Influence,33.42960179,-111.9429547
-111.9639267,33.34547732,2224,2640056,2012/07/13 16:15:00+00,2012,Auto Dr,Priest Dr,-240.768,Driveway,1,0,Accident,Sideswipe Same Direction,Daylight,Rain,Wet,Driver,27,Male,East,Changing Lanes,Unsafe Lane Change,No Apparent Influence,No Apparent Influence,Driver,40,Female,East,Going Straight Ahead,No Improper Action,No Apparent Influence,No Apparent Influence,33.34547732,-111.9639267
-111.9687102,33.34361997,1641,2655587,2012/05/30 19:41:00+00,2012,Autoplex Loop,Test Dr,-1584,Not Junction Related,0,0,No Accident,Left Turn,Daylight,Clear,Dry,Driver,52,Female,Southeast,Making Left Turn,Other,No Apparent Influence,No Apparent Influence,Driver,50,Male,North,Going Straight Ahead,No Improper Action,No Apparent Influence,No Apparent Influence,33.34361997,-111.9687102
-111.9286762,33.37824479,25,2599099,2012/01/03 01:52:00+00,2012,Baseline Rd,Rural Rd,0,Intersection Non Interchange,1,0,Accident,ANGLE (Front To Side)(Other Than Left Turn),Dark Lighted,Clear,Dry,Driver,72,Female,East,Going Straight Ahead,Unknown,No Apparent Influence,No Apparent Influence,Driver,47,Male,Southwest,Making Left Turn,Unknown,No Apparent Influence,No Apparent Influence,33.37824479,-111.9286762
-111.963358,33.37824004,215,2599092,2012/01/19 02:17:00+00,2012,Baseline Rd,Priest Dr,-60.192,Intersection Related Non Interchange,2,0,Accident,Rear End,Dark Lighted,Clear,Dry,Driver,34,Male,East,Going Straight Ahead,Speed To Fast For Conditions,No Apparent Influence,No Apparent Influence,Driver,31,Female,East,Stopped In Trafficway,No Improper Action,No Apparent Influence,No Apparent Influence,33.37824004,-111.963358
-111.9525018,33.37820997,253,2598200,2012/01/21 04:35:00+00,2012,Baseline Rd,Hardy Dr,0,Intersection Non Interchange,3,0,Accident,Left Turn,Dark Lighted,Clear,Dry,Driver,23,Female,Southwest,Making Left Turn,Made Improper Turn,No Apparent Influence,No Apparent Influence,Driver,24,Male,East,Going Straight Ahead,Speed To Fast For Conditions,Alcohol,No Apparent Influence,33.37820997,-111.9525018
-111.961494,33.37823578,259,2598402,2012/01/21 19:23:00+00,2012,Baseline Rd,Darrow Dr,-115.104,Intersection Related Non Interchange,1,0,Accident,Rear End,Daylight,Cloudy,Dry,Driver,41,Female,West,Going Straight Ahead,Speed To Fast For Conditions,No Apparent Influence,No Apparent Influence,Driver,35,Female,West,Stopped In Trafficway,No Improper Action,No Apparent Influence,No Apparent Influence,33.37823578,-111.961494
-111.9739525,33.37820826,260,2599213,2012/01/21 20:30:00+00,2012,Baseline Rd,Calle Los Cerros,38.016,Not Junction Related,1,0,Accident,Rear End,Daylight,Clear,Dry,Driver,17,Male,East,Going Straight Ahead,Inattention Distraction,No Apparent Influence,No Apparent Influence,Driver,41,Male,East,Going Straight Ahead,No Improper Action,No Apparent Influence,No Apparent Influence,33.37820826,-111.9739525
-111.9718986,33.37821443,282,2597965,2012/01/08 01:22:00+00,2012,Baseline Rd,Pointe Pkwy,25.872,Intersection Interchange,2,0,Accident,Rear End,Daylight,Clear,Dry,Driver,51,Male,East,Going Straight Ahead,Speed To Fast For Conditions,No Apparent Influence,No Apparent Influence,Driver,49,Female,East,Stopped In Trafficway,No Improper Action,No Apparent Influence,No Apparent Influence,33.37821443,-111.9718986
-111.956945,33.37822564,372,2595911,2012/01/24 22:56:00+00,2012,Baseline Rd,Darrow Dr,1274.064,Intersection Non Interchange,2,0,Accident,ANGLE (Front To Side)(Other Than Left Turn),Daylight,Clear,Dry,Driver,24,Male,West,Changing Lanes,Unsafe Lane Change,No Apparent Influence,No Apparent Influence,Driver,25,Female,West,Going Straight Ahead,No Improper Action,No Apparent Influence,No Apparent Influence,33.37822564,-111.956945
-111.9607451,33.37823998,424,2603134,2012/02/19 21:11:00+00,2012,Baseline Rd,Darrow Dr,114.048,Intersection Related Non Interchange,2,0,Accident,Rear End,Daylight,Clear,Dry,Driver,20,Female,West,Stopped In Trafficway,Speed To Fast For Conditions,No Apparent Influence,No Apparent Influence,Driver,40,Male,West,Going Straight Ahead,No Improper Action,No Apparent Influence,No Apparent Influence,33.37823998,-111.9607451
-111.9093287,33.37842096,456,2601260,2012/02/22 18:00:00+00,2012,Baseline Rd,Mcclintock Dr,-23.76,Intersection Related Non Interchange,1,0,Accident,Sideswipe Same Direction,Daylight,Clear,Unknown,Driver,27,Male,East,Changing Lanes,Unsafe Lane Change,No Apparent Influence,No Apparent Influence,Driver,52,Female,East,Going Straight Ahead,No Improper Action,No Apparent Influence,No Apparent Influence,33.37842096,-111.9093287
-111.9205813,33.37831868,475,2595667,2012/02/03 05:11:00+00,2012,Baseline Rd,Lakeshore Dr,-27.984,Intersection Related Non Interchange,1,0,Accident,Other,Dark Lighted,Clear,Dry,Driver,255,0,East,Going Straight Ahead,No Improper Action,No Apparent Influence,No Apparent Influence,Pedestrian,42,Female,South,Crossing Road,Disregarded Traffic Signal,Alcohol,No Apparent Influence,33.37831868,-111.9205813
-111.9570255,33.37822533,497,2589079,2012/02/11 19:45:00+00,2012,Baseline Rd,Terry Ln,-500.016,Not Junction Related,1,0,Accident,ANGLE (Front To Side)(Other Than Left Turn),Daylight,Clear,Dry,Driver,58,Male,Southeast,Making Right Turn,Inattention Distraction,No Apparent Influence,No Apparent Influence,Pedalcyclist,30,Female,West,Going Straight Ahead,Other,No Apparent Influence,No Apparent Influence,33.37822533,-111.9570255
-111.9700011,33.37825114,504,2597140,2012/02/05 07:28:00+00,2012,Baseline Rd,Wendler Dr,-70.224,Intersection Non Interchange,1,0,Accident,Single Vehicle,Dark Lighted,Clear,Dry,Driver,23,Male,East,Going Straight Ahead,Speed To Fast For Conditions,No Apparent Influence,No Apparent Influence,0,0,0,0,0,0,0,0,33.37825114,-111.9700011
-111.9675477,33.37829215,578,2606525,2012/03/04 21:26:00+00,2012,Baseline Rd,Interstate 10 Exit 155 C2-Ramp,-54.912,Intersection Related Non Interchange,2,0,Accident,Rear End,Daylight,Clear,Dry,Driver,25,Female,East,Slowing In Trafficway,Speed To Fast For Conditions,No Apparent Influence,No Apparent Influence,Driver,44,Female,East,Stopped In Trafficway,No Improper Action,No Apparent Influence,No Apparent Influence,33.37829215,-111.9675477
-111.9631616,33.37823941,636,2603440,2012/02/23 14:04:00+00,2012,Baseline Rd,Priest Dr,0,Intersection Non Interchange,2,0,Accident,ANGLE (Front To Side)(Other Than Left Turn),Daylight,Clear,Dry,Driver,17,Female,East,Going Straight Ahead,Disregarded Traffic Signal,No Apparent Influence,No Apparent Influence,Driver,34,Male,South,Going Straight Ahead,No Improper Action,No Apparent Influence,No Apparent Influence,33.37823941,-111.9631616
-111.9521677,33.37820843,650,2603476,2012/02/27 22:44:00+00,2012,Baseline Rd,Hardy Dr,101.904,Intersection Related Non Interchange,1,0,Accident,ANGLE (Front To Side)(Other Than Left Turn),Daylight,Clear,Dry,Driver,47,Female,North,Making Left Turn,No Improper Action,No Apparent Influence,No Apparent Influence,Driver,41,Female,West,Going Straight Ahead,Made Improper Turn,No Apparent Influence,No Apparent Influence,33.37820843,-111.9521677
-111.9535335,33.37821561,653,2603477,2012/02/27 23:28:00+00,2012,Baseline Rd,Hardy Dr,-315.216,Not Junction Related,1,0,Accident,Rear End,Daylight,Clear,Dry,Driver,59,Female,East,Going Straight Ahead,Inattention Distraction,No Apparent Influence,No Apparent Influence,Driver,59,Female,East,Stopped In Trafficway,No Improper Action,No Apparent Influence,No Apparent Influence,33.37821561,-111.9535335
-111.9533534,33.37821481,689,2597077,2012/02/12 02:11:00+00,2012,Baseline Rd,Hardy Dr,-259.776,Driveway,2,0,Accident,Left Turn,Dark Lighted,Clear,Dry,Driver,16,Female,North,Making Left Turn,Other,No Apparent Influence,No Apparent Influence,Driver,32,Male,East,Going Straight Ahead,No Improper Action,No Apparent Influence,No Apparent Influence,33.37821481,-111.9533534
-111.9740768,33.37820736,770,2599596,2012/02/23 22:25:00+00,2012,Baseline Rd,Calle Los Cerros,0,Intersection Non Interchange,1,0,Accident,Rear End,Daylight,Clear,Dry,Driver,58,Male,East,Going Straight Ahead,Speed To Fast For Conditions,No Apparent Influence,No Apparent Influence,Driver,36,Male,East,Stopped In Trafficway,No Improper Action,No Apparent Influence,No Apparent Influence,33.37820736,-111.9740768
-111.967515,33.37829276,849,2622444,2012/03/21 20:06:00+00,2012,Baseline Rd,Interstate 10 Exit 155 J1-Ramp,-44.88,Not Junction Related,2,0,Accident,Rear End,Daylight,Clear,Dry,Driver,17,Male,Northwest,Going Straight Ahead,Inattention Distraction,No Apparent Influence,No Apparent Influence,Driver,27,Male,Northwest,Stopped In Trafficway,No Improper Action,No Apparent Influence,No Apparent Influence,33.37829276,-111.967515
-111.9719835,33.37821381,940,2648303,2012/03/31 22:36:00+00,2012,Baseline Rd,Pointe Pkwy,0,Intersection Related Non Interchange,6,0,Accident,Rear End,Daylight,Clear,Dry,Driver,21,Male,East,Going Straight Ahead,Speed To Fast For Conditions,No Apparent Influence,No Apparent Influence,Driver,26,Female,East,Going Straight Ahead,Speed To Fast For Conditions,No Apparent Influence,No Apparent Influence,33.37821381,-111.9719835
-111.9611174,33.37824016,942,2645954,2012/04/01 01:14:00+00,2012,Baseline Rd,Darrow Dr,0,Intersection Non Interchange,1,0,Accident,ANGLE (Front To Side)(Other Than Left Turn),Dusk,Clear,Dry,Driver,46,Male,West,Going Straight Ahead,Drove Rode In Opposing Traffic Lane,No Apparent Influence,No Apparent Influence,Driver,17,Female,Northeast,Making Right Turn,No Improper Action,No Apparent Influence,No Apparent Influence,33.37824016,-111.9611174
-111.9472864,33.37819329,959,2640073,2012/04/02 19:23:00+00,2012,Baseline Rd,Kyrene Rd,-400.224,Not Junction Related,1,0,Accident,ANGLE (Front To Side)(Other Than Left Turn),Daylight,Clear,Dry,Driver,23,Male,East,Changing Lanes,Unsafe Lane Change,No Apparent Influence,No Apparent Influence,Driver,41,Male,East,Going Straight Ahead,No Improper Action,No Apparent Influence,No Apparent Influence,33.37819329,-111.9472864
-111.9539755,33.37821756,967,2613346,2012/03/22 03:58:00+00,2012,Baseline Rd,Hardy Dr,-449.856,Not Junction Related,2,0,Accident,Head On,Dark Lighted,Clear,Dry,Driver,21,Male,West,Going Straight Ahead,Drove Rode In Opposing Traffic Lane,Alcohol,No Apparent Influence,Driver,23,Male,East,Going Straight Ahead,No Improper Action,No Apparent Influence,No Apparent Influence,33.37821756,-111.9539755
-111.9461465,33.37819749,986,2611314,2012/03/22 23:46:00+00,2012,Baseline Rd,Kyrene Rd,-51.744,Intersection Non Interchange,1,0,Accident,ANGLE (Front To Side)(Other Than Left Turn),Daylight,Clear,Dry,Driver,73,Male,East,Making Right Turn,Unknown,No Apparent Influence,No Apparent Influence,Pedalcyclist,22,Female,South,Going Straight Ahead,Unknown,No Apparent Influence,No Apparent Influence,33.37819749,-111.9461465
-111.9348223,33.37822586,995,2611503,2012/03/23 21:36:00+00,2012,Baseline Rd,College Ave,127.248,Not Junction Related,2,0,Accident,Rear End,Daylight,Clear,Dry,Driver,72,Female,East,Going Straight Ahead,Speed To Fast For Conditions,No Apparent Influence,No Apparent Influence,Driver,22,Male,East,Other,No Improper Action,No Apparent Influence,No Apparent Influence,33.37822586,-111.9348223
-111.9289709,33.37824353,1106,2630712,2012/03/16 00:57:00+00,2012,Baseline Rd,Rural Rd,-89.76,Intersection Related Non Interchange,1,0,Accident,Rear End,Daylight,Clear,Dry,Driver,24,Male,East,Going Straight Ahead,Speed To Fast For Conditions,No Apparent Influence,No Apparent Influence,Driver,22,Female,East,Stopped In Trafficway,No Improper Action,No Apparent Influence,No Apparent Influence,33.37824353,-111.9289709
-111.925912,33.37825495,1166,2629004,2012/03/28 02:23:00+00,2012,Baseline Rd,Rural Rd,843.744,Not Junction Related,1,0,Accident,Sideswipe Opposite Direction,Dark Lighted,Clear,Dry,Pedestrian,42,Male,North,Crossing Road,Did Not Use Crosswalk,Alcohol,No Apparent Influence,Driver,23,Male,East,Going Straight Ahead,No Improper Action,No Apparent Influence,No Apparent Influence,33.37825495,-111.925912
-111.9065049,33.37843353,1181,2630144,2012/03/28 22:19:00+00,2012,Baseline Rd,Mcclintock Dr,837.936,Not Junction Related,1,0,Accident,ANGLE (Front To Side)(Other Than Left Turn),Daylight,Clear,Dry,Driver,39,Female,Southeast,Making Left Turn,Other,No Apparent Influence,No Apparent Influence,Driver,70,Male,West,Going Straight Ahead,No Improper Action,No Apparent Influence,No Apparent Influence,33.37843353,-111.9065049
-111.9396601,33.3782158,1256,2630938,2012/04/21 01:14:00+00,2012,Baseline Rd,Mill Ave,-93.984,Intersection Related Non Interchange,2,0,Accident,Rear End,Daylight,Clear,Dry,Driver,28,Female,East,Slowing In Trafficway,Inattention Distraction,No Apparent Influence,No Apparent Influence,Driver,22,Male,East,Stopped In Trafficway,No Improper Action,No Apparent Influence,No Apparent Influence,33.3782158,-111.9396601
-111.9396797,33.37821611,1282,2627239,2012/05/10 03:08:00+00,2012,Baseline Rd,Mill Ave,-99.792,Intersection Related Non Interchange,1,0,Accident,ANGLE (Front To Side)(Other Than Left Turn),Dark Lighted,Clear,Dry,Pedestrian,51,Male,North,Going Straight Ahead,Did Not Use Crosswalk,No Apparent Influence,No Apparent Influence,Driver,111,Unknown,Southeast,Making Left Turn,No Improper Action,No Apparent Influence,No Apparent Influence,33.37821611,-111.9396797
-111.9140032,33.37838679,1365,2631004,2012/04/20 22:31:00+00,2012,Baseline Rd,Marine Dr,-67.056,Not Junction Related,1,0,Accident,Rear End,Daylight,Unknown,Dry,Driver,67,Male,East,Going Straight Ahead,Followed Too Closely,No Apparent Influence,No Apparent Influence,Driver,24,Male,East,Stopped In Trafficway,No Improper Action,No Apparent Influence,No Apparent Influence,33.37838679,-111.9140032
-111.9634104,33.3782402,1399,2631139,2012/05/05 18:34:00+00,2012,Baseline Rd,Priest Dr,-76.032,Intersection Related Interchange,1,0,Accident,Rear End,Daylight,Clear,Dry,Driver,31,Male,East,Going Straight Ahead,Inattention Distraction,No Apparent Influence,No Apparent Influence,Driver,24,Male,East,Going Straight Ahead,Inattention Distraction,No Apparent Influence,No Apparent Influence,33.3782402,-111.9634104
-111.9613103,33.37823696,1422,2650821,2012/05/08 19:46:00+00,2012,Baseline Rd,Darrow Dr,-59.136,Intersection Related Non Interchange,1,0,Accident,Left Turn,Daylight,Clear,Dry,Driver,21,Female,Northwest,Making Left Turn,Other,No Apparent Influence,No Apparent Influence,Driver,37,Female,East,Going Straight Ahead,No Improper Action,No Apparent Influence,No Apparent Influence,33.37823696,-111.9613103
-111.96515,33.37826131,1439,2648412,2012/04/12 18:42:00+00,2012,Baseline Rd,Lindon Ln,89.76,Intersection Related Non Interchange,2,0,Accident,Rear End,Daylight,Clear,Dry,Driver,52,Male,West,Going Straight Ahead,Inattention Distraction,No Apparent Influence,No Apparent Influence,Driver,36,Male,West,Stopped In Trafficway,No Improper Action,No Apparent Influence,No Apparent Influence,33.37826131,-111.96515
-111.9086411,33.37842432,1452,2648386,2012/04/13 20:56:00+00,2012,Baseline Rd,Mcclintock Dr,185.856,Driveway,2,0,Accident,ANGLE (Front To Side)(Other Than Left Turn),Daylight,Clear,Dry,Driver,25,Female,North,Making Left Turn,Failed To Yield Right Of Way,No Apparent Influence,No Apparent Influence,Driver,40,Male,East,Going Straight Ahead,No Improper Action,No Apparent Influence,No Apparent Influence,33.37842432,-111.9086411
-111.9771929,33.37818816,1590,2623534,2012/04/25 14:32:00+00,2012,Baseline Rd,48th St,370.128,Driveway,2,0,Accident,Left Turn,Daylight,Cloudy,Dry,Driver,27,Female,South,Making Left Turn,Failed To Yield Right Of Way,No Apparent Influence,No Apparent Influence,Driver,33,Male,West,Going Straight Ahead,No Improper Action,No Apparent Influence,No Apparent Influence,33.37818816,-111.9771929
-111.9526655,33.37821092,1690,2627237,2012/05/18 00:04:00+00,2012,Baseline Rd,Hardy Dr,-50.16,Intersection Related Non Interchange,1,0,Accident,Rear End,Daylight,Clear,Dry,Driver,30,Male,East,Going Straight Ahead,Inattention Distraction,Alcohol,No Apparent Influence,Driver,43,Male,East,Stopped In Trafficway,No Improper Action,No Apparent Influence,No Apparent Influence,33.37821092,-111.9526655
-111.9771274,33.37818857,1710,2627675,2012/05/19 02:39:00+00,2012,Baseline Rd,48th St,390.192,Not Junction Related,1,0,Accident,Left Turn,Dark Lighted,Clear,Dry,Driver,21,Male,North,Making Left Turn,Other,No Apparent Influence,No Apparent Influence,Driver,31,Female,West,Going Straight Ahead,No Improper Action,No Apparent Influence,No Apparent Influence,33.37818857,-111.9771274
-111.9439974,33.37821274,1725,2627842,2012/05/21 13:59:00+00,2012,Baseline Rd,Kyrene Rd,-36.96,Not Junction Related,1,0,Accident,Rear End,Daylight,Clear,Dry,Driver,55,Male,West,Going Straight Ahead,Speed To Fast For Conditions,No Apparent Influence,No Apparent Influence,Driver,43,Male,West,Stopped In Trafficway,No Improper Action,No Apparent Influence,No Apparent Influence,33.37821274,-111.9439974
-111.9708546,33.37823272,1805,2629206,2012/06/14 20:58:00+00,2012,Baseline Rd,Pointe Pkwy,344.784,Intersection Related Non Interchange,1,0,Accident,Rear End,Daylight,Clear,Dry,Driver,23,Male,East,Going Straight Ahead,Inattention Distraction,No Apparent Influence,No Apparent Influence,Driver,57,Female,East,Stopped In Trafficway,No Improper Action,No Apparent Influence,No Apparent Influence,33.37823272,-111.9708546
-111.9634203,33.37824023,1817,2648204,2012/06/15 19:54:00+00,2012,Baseline Rd,Priest Dr,-79.2,Not Junction Related,2,0,Accident,Rear End,Daylight,Clear,Dry,Driver,29,Male,West,Going Straight Ahead,Followed Too Closely,No Apparent Influence,No Apparent Influence,Driver,51,Male,West,Stopped In Trafficway,No Improper Action,No Apparent Influence,No Apparent Influence,33.37824023,-111.9634203
-111.9274351,33.37824816,1825,2656397,2012/06/01 23:13:00+00,2012,Baseline Rd,Rural Rd,379.104,Not Junction Related,1,0,Accident,ANGLE (Front To Side)(Other Than Left Turn),Daylight,Clear,Dry,Driver,24,Female,Northeast,Other,Failed To Yield Right Of Way,No Apparent Influence,No Apparent Influence,Driver,26,Male,East,Going Straight Ahead,No Improper Action,No Apparent Influence,No Apparent Influence,33.37824816,-111.9274351
-111.9782406,33.37818157,1846,2628695,2012/06/03 22:56:00+00,2012,Baseline Rd,48th St,50.16,Intersection Related Interchange,1,0,Accident,Rear End,Daylight,Clear,Dry,Driver,30,Female,East,Going Straight Ahead,Inattention Distraction,No Apparent Influence,No Apparent Influence,Driver,40,Male,East,Stopped In Trafficway,No Improper Action,No Apparent Influence,No Apparent Influence,33.37818157,-111.9782406
-111.9550001,33.37822094,2018,2650801,2012/07/18 23:53:00+00,2012,Baseline Rd,Terry Ln,118.8,Not Junction Related,1,0,Accident,Other,Daylight,Clear,Dry,Pedalcyclist,11,Male,North,Other,Other,No Apparent Influence,No Apparent Influence,Driver,56,Male,East,Going Straight Ahead,No Improper Action,No Apparent Influence,No Apparent Influence,33.37822094,-111.9550001
-111.9394503,33.3782102,2031,2640110,2012/07/20 12:34:00+00,2012,Baseline Rd,Mill Ave,-30.096,Intersection Related Non Interchange,1,0,Accident,ANGLE (Front To Side)(Other Than Left Turn),Daylight,Clear,Dry,Pedalcyclist,25,Female,South,Going Straight Ahead,Disregarded Traffic Signal,No Apparent Influence,No Apparent Influence,Driver,25,Female,East,Going Straight Ahead,No Improper Action,No Apparent Influence,No Apparent Influence,33.3782102,-111.9394503
-111.9042282,33.37844122,2088,2638542,2012/06/26 22:07:00+00,2012,Baseline Rd,Hazelton Ln,115.104,Not Junction Related,1,0,Accident,Rear End,Daylight,Clear,Dry,Driver,47,Female,West,Going Straight Ahead,Speed To Fast For Conditions,No Apparent Influence,No Apparent Influence,Driver,40,Female,West,Slowing In Trafficway,No Improper Action,No Apparent Influence,No Apparent Influence,33.37844122,-111.9042282