X,Y,OBJECTID,Incidentid,DateTime,Year,StreetName,CrossStreet,Distance,JunctionRelation,Totalinjuries,TotalAccidentities,EventSeverity,Collisionmanner,Lightcondition,Weather,SurfaceCondition,Unittype_One,Age_Drv1,Gender_Drv1,Traveldirection_One,Unitaction_One,Violation1_Drv1,AlcoholUse_Drv1,DrugUse_Drv1,Unittype_Two,Age_Drv2,Gender_Drv2,Traveldirection_Two,Unitaction_Two,Violation1_Drv2,AlcoholUse_Drv2,DrugUse_Drv2,Latitude,Longitude
-111.9275301,33.37824808,2105,2629174,2012/06/28 20:02:00+00,2012,Baseline Rd,Rural Rd,350.064,Driveway,1,0,Accident,ANGLE (Front To Side)(Other Than Left Turn),Daylight,Clear,Dry,Pedalcyclist,27,Male,East,Going Straight Ahead,Drove Rode In Opposing Traffic Lane,No Apparent Influence,No Apparent Influence,Driver,60,Female,South,Making Right Turn,No Improper Action,No Apparent Influence,No Apparent Influence,33.37824808,-111.9275301
-111.9769998,33.37818937,2213,2640087,2012/07/13 00:18:00+00,2012,Baseline Rd,48th St,429.264,Not Junction Related,1,0,Accident,Rear End,Daylight,Clear,Dry,Driver,25,Male,West,Going Straight Ahead,Speed To Fast For Conditions,No Apparent Influence,No Apparent Influence,Driver,54,Female,West,Stopped In Trafficway,No Improper Action,No Apparent Influence,No Apparent Influence,33.37818937,-111.9769998
-111.9638427,33.37824157,2448,2657061,2012/08/24 00:40:00+00,2012,Baseline Rd,Priest Dr,-208.032,Not Junction Related,1,0,Accident,Rear End,Daylight,Clear,Dry,Driver,27,Female,East,Going Straight Ahead,Inattention Distraction,No Apparent Influence,Drugs,Driver,40,Female,East,Stopped In Trafficway,No Improper Action,No Apparent Influence,No Apparent Influence,33.37824157,-111.9638427
-111.9716431,33.37821772,2468,2650870,2012/08/02 23:10:00+00,2012,Baseline Rd,Pointe Pkwy,104.016,Not Junction Related,1,0,Accident,Rear End,Daylight,Clear,Dry,Driver,39,Female,East,Going Straight Ahead,Inattention Distraction,No Apparent Influence,No Apparent Influence,Driver,48,Male,East,Slowing In Trafficway,No Improper Action,No Apparent Influence,No Apparent Influence,33.37821772,-111.9716431
-111.9559609,33.37822637,2492,2650715,2012/08/04 14:31:00+00,2012,Baseline Rd,Hardy Dr,-1056,Driveway,1,0,Accident,Sideswipe Same Direction,Daylight,Clear,Dry,Driver,54,Female,Northeast,Making Right Turn,Unknown,No Apparent Influence,No Apparent Influence,Driver,45,Male,Northeast,Making Right Turn,Unknown,No Apparent Influence,No Apparent Influence,33.37822637,-111.9559609
-111.9281525,33.37824758,2506,2641912,2012/08/06 03:51:00+00,2012,Baseline Rd,Rural Rd,159.984,Not Junction Related,1,0,Accident,Other,Dark Lighted,Clear,Dry,Pedestrian,21,Male,North,Walking Against Traffic,Did Not Use Crosswalk,Alcohol,No Apparent Influence,Driver,41,Female,East,Going Straight Ahead,No Improper Action,No Apparent Influence,No Apparent Influence,33.37824758,-111.9281525
-111.9472705,33.37819356,2511,2665126,2012/08/28 14:37:00+00,2012,Baseline Rd,Farmer Ave,119.856,Intersection Related Non Interchange,1,0,Accident,Rear End,Daylight,Clear,Dry,Driver,51,Male,East,Going Straight Ahead,Speed To Fast For Conditions,No Apparent Influence,No Apparent Influence,Driver,27,Female,East,Stopped In Trafficway,No Improper Action,No Apparent Influence,No Apparent Influence,33.37819356,-111.9472705
-111.955023,33.37822101,2606,2641889,2012/08/16 04:38:00+00,2012,Baseline Rd,Terry Ln,111.936,Driveway,1,0,Accident,ANGLE (Front To Side)(Other Than Left Turn),Dark Lighted,Clear,Dry,Pedalcyclist,27,Male,West,Going Straight Ahead,Drove Rode In Opposing Traffic Lane,No Apparent Influence,No Apparent Influence,Driver,49,Female,North,Making Left Turn,Failed To Yield Right Of Way,No Apparent Influence,No Apparent Influence,33.37822101,-111.955023
-111.9738673,33.37820827,2609,2665011,2012/08/16 13:45:00+00,2012,Baseline Rd,Calle Los Cerros,63.888,Intersection Related Non Interchange,1,0,Accident,Rear End,Daylight,Cloudy,Dry,Driver,52,Female,East,Going Straight Ahead,Speed To Fast For Conditions,No Apparent Influence,No Apparent Influence,Driver,53,Female,East,Stopped In Trafficway,No Improper Action,No Apparent Influence,No Apparent Influence,33.37820827,-111.9738673
-111.9756215,33.37819802,2692,2664764,2012/08/08 00:20:00+00,2012,Baseline Rd,48th St,850.08,Not Junction Related,2,0,Accident,Left Turn,Daylight,Clear,Dry,Driver,20,Male,East,Making Left Turn,Made Improper Turn,No Apparent Influence,No Apparent Influence,Driver,44,Female,East,Going Straight Ahead,No Improper Action,No Apparent Influence,No Apparent Influence,33.37819802,-111.9756215
-111.977265,33.37818771,2713,2665178,2012/09/02 00:36:00+00,2012,Baseline Rd,48th St,347.952,Not Junction Related,2,0,Accident,Left Turn,Daylight,Clear,Dry,Driver,31,Female,North,Making Left Turn,Made Improper Turn,No Apparent Influence,No Apparent Influence,Driver,29,Female,West,Going Straight Ahead,No Improper Action,No Apparent Influence,No Apparent Influence,33.37818771,-111.977265
-111.9518467,33.3782079,2762,2664767,2012/08/17 03:46:00+00,2012,Baseline Rd,Hardy Dr,200.112,Not Junction Related,2,0,Accident,ANGLE (Front To Side)(Other Than Left Turn),Dark Lighted,Cloudy,Dry,Driver,42,Female,South,Making Left Turn,Inattention Distraction,No Apparent Influence,No Apparent Influence,Driver,21,Female,West,Going Straight Ahead,No Improper Action,No Apparent Influence,No Apparent Influence,33.3782079,-111.9518467
-111.9291673,33.3782427,2880,2664601,2012/09/06 18:17:00+00,2012,Baseline Rd,Rural Rd,-149.952,Not Junction Related,1,0,Accident,Rear End,Daylight,Clear,Dry,Driver,40,Male,East,Going Straight Ahead,Speed To Fast For Conditions,No Apparent Influence,No Apparent Influence,Driver,48,Female,East,Stopped In Trafficway,No Improper Action,No Apparent Influence,No Apparent Influence,33.3782427,-111.9291673
-111.9440269,33.37821253,3101,2668317,2012/09/06 23:25:00+00,2012,Baseline Rd,Kyrene Rd,-45.936,Intersection Related Non Interchange,1,0,Accident,ANGLE (Front To Side)(Other Than Left Turn),Daylight,Clear,Dry,Pedestrian,62,Male,North,Going Straight Ahead,Disregarded Traffic Signal,No Apparent Influence,No Apparent Influence,Driver,41,Female,Northwest,Making Left Turn,No Improper Action,No Apparent Influence,No Apparent Influence,33.37821253,-111.9440269
-111.961379,33.37823582,3212,2675659,2012/10/19 15:02:00+00,2012,Baseline Rd,Darrow Dr,-80.256,Intersection Related Non Interchange,2,0,Accident,Other,Daylight,Clear,Dry,Driver,57,Male,East,Other,Other,No Apparent Influence,No Apparent Influence,Driver,37,Male,East,Going Straight Ahead,No Improper Action,No Apparent Influence,No Apparent Influence,33.37823582,-111.961379
-111.9687992,33.37826327,3262,2674918,2012/10/16 05:55:00+00,2012,Baseline Rd,Interstate 10 Exit 155 G-Ramp,-53.856,Intersection Related Interchange,1,0,Accident,Rear End,Dark Lighted,Clear,Dry,Driver,46,Male,West,Going Straight Ahead,Inattention Distraction,Alcohol,No Apparent Influence,Driver,18,Female,West,Stopped In Trafficway,No Improper Action,No Apparent Influence,No Apparent Influence,33.37826327,-111.9687992
-111.935526,33.37822115,3315,2677796,2012/11/02 19:19:00+00,2012,Baseline Rd,College Ave,-88.176,Not Junction Related,1,0,Accident,ANGLE (Front To Side)(Other Than Left Turn),Daylight,Clear,Dry,Driver,23,Male,South,Making Left Turn,Failed To Yield Right Of Way,No Apparent Influence,No Apparent Influence,Driver,37,Female,West,Going Straight Ahead,No Improper Action,No Apparent Influence,No Apparent Influence,33.37822115,-111.935526
-111.9667145,33.37828483,3320,2674846,2012/10/23 23:40:00+00,2012,Baseline Rd,Interstate 10 Exit 155 J1-Ramp,200.112,Intersection Non Interchange,1,0,Accident,Rear End,Daylight,Clear,Dry,Driver,40,Male,West,Going Straight Ahead,Speed To Fast For Conditions,No Apparent Influence,No Apparent Influence,Driver,24,Female,West,Stopped In Trafficway,No Improper Action,No Apparent Influence,No Apparent Influence,33.37828483,-111.9667145
-111.9571072,33.37822507,3423,2657962,2012/10/10 14:36:00+00,2012,Baseline Rd,Beck Ave,804.144,Driveway,2,0,Accident,Left Turn,Daylight,Clear,Dry,Driver,56,Female,South,Making Left Turn,Made Improper Turn,No Apparent Influence,No Apparent Influence,Driver,32,Male,East,Going Straight Ahead,No Improper Action,No Apparent Influence,No Apparent Influence,33.37822507,-111.9571072
-111.9284605,33.37824696,3436,2675540,2012/11/02 23:50:00+00,2012,Baseline Rd,Rural Rd,66,Intersection Related Non Interchange,1,0,Accident,Sideswipe Same Direction,Daylight,Clear,Dry,Driver,46,Male,East,Changing Lanes,Unsafe Lane Change,No Apparent Influence,No Apparent Influence,Driver,59,Male,East,Going Straight Ahead,No Improper Action,No Apparent Influence,No Apparent Influence,33.37824696,-111.9284605
-111.9571437,33.37822521,3530,2674749,2012/10/12 20:15:00+00,2012,Baseline Rd,Terry Ln,-535.92,Driveway,4,0,Accident,ANGLE (Front To Side)(Other Than Left Turn),Daylight,Cloudy,Dry,Driver,58,Male,Northwest,Making Left Turn,Failed To Yield Right Of Way,No Apparent Influence,No Apparent Influence,Driver,28,Male,East,Going Straight Ahead,No Improper Action,No Apparent Influence,No Apparent Influence,33.37822521,-111.9571437
-111.9006213,33.37844772,3561,2675662,2012/10/27 15:53:00+00,2012,Baseline Rd,Country Club Way,0,Intersection Non Interchange,2,0,Accident,ANGLE (Front To Side)(Other Than Left Turn),Daylight,Clear,Dry,Driver,19,Male,East,Going Straight Ahead,Disregarded Traffic Signal,No Apparent Influence,No Apparent Influence,Driver,57,Female,North,Going Straight Ahead,No Improper Action,No Apparent Influence,No Apparent Influence,33.37844772,-111.9006213
-111.9437791,33.3782143,3627,2680264,2012/12/05 23:39:00+00,2012,Baseline Rd,Kyrene Rd,30.096,Intersection Related Non Interchange,1,0,Accident,Rear End,Daylight,Clear,Dry,Driver,48,Female,East,Going Straight Ahead,Inattention Distraction,No Apparent Influence,No Apparent Influence,Driver,23,Male,East,Slowing In Trafficway,No Improper Action,No Apparent Influence,No Apparent Influence,33.3782143,-111.9437791
-111.9113793,33.37841573,3630,2678047,2012/12/06 01:10:00+00,2012,Baseline Rd,Mcclintock Dr,-649.968,Driveway,1,0,Accident,Other,Dark Lighted,Clear,Dry,Pedestrian,38,Male,West,Other,Other,No Apparent Influence,No Apparent Influence,Driver,58,Female,North,Other,No Improper Action,No Apparent Influence,No Apparent Influence,33.37841573,-111.9113793
-111.9650683,33.37825981,3660,2675638,2012/11/27 17:09:00+00,2012,Baseline Rd,Lindon Ln,115.104,Not Junction Related,1,0,Accident,Rear End,Daylight,Clear,Dry,Driver,42,Male,West,Going Straight Ahead,Speed To Fast For Conditions,No Apparent Influence,No Apparent Influence,Driver,68,Female,West,Stopped In Trafficway,No Improper Action,No Apparent Influence,No Apparent Influence,33.37825981,-111.9650683
-111.8925134,33.37845185,3661,2671603,2012/11/27 17:27:00+00,2012,Baseline Rd,Price Rd,-4.752,Frontage Road Interchange,1,0,Accident,Other,Daylight,Clear,Dry,Driver,71,Female,West,Making Right Turn,Failed To Yield Right Of Way,No Apparent Influence,No Apparent Influence,Pedalcyclist,20,Male,West,Crossing Road,No Improper Action,No Apparent Influence,No Apparent Influence,33.37845185,-111.8925134
-111.9628042,33.37824091,3881,2680018,2012/11/15 04:14:00+00,2012,Baseline Rd,Priest Dr,109.824,Not Junction Related,1,0,Accident,Rear End,Dark Lighted,Clear,Dry,Driver,27,Male,West,Going Straight Ahead,Inattention Distraction,Alcohol,No Apparent Influence,Driver,58,Male,West,Stopped In Trafficway,No Improper Action,No Apparent Influence,No Apparent Influence,33.37824091,-111.9628042
-111.9672223,33.37829204,3898,2671322,2012/11/16 01:50:00+00,2012,Baseline Rd,Interstate 10 Exit 155 J1-Ramp,44.88,Intersection Related Non Interchange,1,0,Accident,ANGLE (Front To Side)(Other Than Left Turn),Dusk,Clear,Dry,Driver,111,Unknown,West,Going Straight Ahead,Failed To Yield Right Of Way,No Apparent Influence,No Apparent Influence,Pedestrian,50,Male,North,Crossing Road,No Improper Action,No Apparent Influence,No Apparent Influence,33.37829204,-111.9672223
-111.9713286,33.37822296,3899,2677955,2012/11/16 01:52:00+00,2012,Baseline Rd,Pointe Pkwy,200.112,Intersection Related Non Interchange,3,0,Accident,Rear End,Dark Lighted,Clear,Dry,Driver,27,Male,East,Going Straight Ahead,Speed To Fast For Conditions,No Apparent Influence,No Apparent Influence,Driver,21,Female,East,Stopped In Trafficway,No Improper Action,No Apparent Influence,No Apparent Influence,33.37822296,-111.9713286
-111.9744042,33.37820534,3982,2678114,2012/11/13 00:13:00+00,2012,Baseline Rd,Calle Los Cerros,-99.792,Intersection Related Interchange,1,0,Accident,Rear End,Dusk,Clear,Dry,Driver,65,Male,East,Going Straight Ahead,Inattention Distraction,No Apparent Influence,No Apparent Influence,Driver,51,Female,East,Stopped In Trafficway,No Improper Action,No Apparent Influence,No Apparent Influence,33.37820534,-111.9744042
-111.9633908,33.37824014,4027,2678824,2012/12/17 22:30:00+00,2012,Baseline Rd,Priest Dr,-70.224,Not Junction Related,1,0,Accident,Rear End,Daylight,Clear,Dry,Driver,31,Female,West,Going Straight Ahead,Speed To Fast For Conditions,No Apparent Influence,No Apparent Influence,Driver,44,Male,West,Stopped In Trafficway,No Improper Action,No Apparent Influence,No Apparent Influence,33.37824014,-111.9633908
-111.952289,33.37820893,4257,2683642,2013/01/09 18:34:00+00,2013,Baseline Rd,Hardy Dr,64.944,Not Junction Related,2,0,Accident,Rear End,Daylight,Clear,Dry,Driver,67,Male,West,Going Straight Ahead,Inattention Distraction,No Apparent Influence,No Apparent Influence,Driver,26,Male,West,Stopped In Trafficway,No Improper Action,No Apparent Influence,No Apparent Influence,33.37820893,-111.952289
-111.947221,33.3781944,4299,2680169,2012/12/21 21:11:00+00,2012,Baseline Rd,Kyrene Rd,-380.16,Driveway,1,0,Accident,Left Turn,Daylight,Clear,Dry,Driver,66,Male,South,Making Left Turn,Failed To Yield Right Of Way,No Apparent Influence,No Apparent Influence,Driver,50,Male,East,Going Straight Ahead,No Improper Action,No Apparent Influence,No Apparent Influence,33.3781944,-111.947221
-111.9376256,33.37821561,4420,2691363,2013/01/24 20:40:00+00,2013,Baseline Rd,Mill Ave,528,Unknown,1,0,Accident,ANGLE (Front To Side)(Other Than Left Turn),Daylight,Clear,Dry,Driver,23,Male,South,Making Left Turn,Failed To Yield Right Of Way,No Apparent Influence,No Apparent Influence,Driver,21,Male,West,Going Straight Ahead,No Improper Action,No Apparent Influence,No Apparent Influence,33.37821561,-111.9376256
-111.9633842,33.37824012,4489,2694627,2013/02/01 15:49:00+00,2013,Baseline Rd,Priest Dr,-68.112,Intersection Related Non Interchange,1,0,Accident,Rear End,Daylight,Clear,Dry,Driver,20,Female,East,Going Straight Ahead,Inattention Distraction,No Apparent Influence,No Apparent Influence,Driver,45,Male,East,Going Straight Ahead,No Improper Action,No Apparent Influence,No Apparent Influence,33.37824012,-111.9633842
-111.8925789,33.37845166,4,2579417,2012/01/10 16:04:00+00,2012,Baseline Rd,Price Rd,-24.816,Intersection Related Interchange,0,0,No Accident,Rear End,Daylight,Clear,Dry,Driver,43,Male,East,Going Straight Ahead,Inattention Distraction,No Apparent Influence,No Apparent Influence,Driver,62,Male,East,Going Straight Ahead,No Improper Action,No Apparent Influence,No Apparent Influence,33.37845166,-111.8925789
-111.9103408,33.37841912,31,2599098,2012/01/03 22:05:00+00,2012,Baseline Rd,Mcclintock Dr,-333.168,Not Junction Related,0,0,No Accident,Sideswipe Same Direction,Daylight,Cloudy,Dry,Driver,74,Male,Southwest,Changing Lanes,Inattention Distraction,No Apparent Influence,No Apparent Influence,Driver,31,Female,East,Going Straight Ahead,No Improper Action,No Apparent Influence,No Apparent Influence,33.37841912,-111.9103408
-111.9672092,33.37829186,37,2586123,2012/01/04 03:07:00+00,2012,Baseline Rd,Interstate 10 Exit 155 J1-Ramp,49.104,Intersection Related Interchange,0,0,No Accident,Rear To Side,Dark Lighted,Clear,Dry,Driver,52,Female,West,Backing,Other,No Apparent Influence,No Apparent Influence,Driver,22,Male,West,Stopped In Trafficway,No Improper Action,No Apparent Influence,No Apparent Influence,33.37829186,-111.9672092
-111.9676855,33.37828899,58,2589147,2012/01/05 18:32:00+00,2012,Baseline Rd,Interstate 10 Exit 155 C1-Ramp,-26.928,Intersection Interchange,0,0,No Accident,Left Turn,Daylight,Clear,Dry,Driver,25,Male,East,Going Straight Ahead,Disregarded Traffic Signal,No Apparent Influence,No Apparent Influence,Driver,44,Female,North,Making Left Turn,No Improper Action,No Apparent Influence,No Apparent Influence,33.37828899,-111.9676855
-111.893719,33.3784494,99,2586128,2012/01/13 23:08:00+00,2012,Baseline Rd,Price Rd,-34.848,Intersection Related Non Interchange,0,0,No Accident,Rear End,Daylight,Clear,Dry,Driver,33,Female,East,Going Straight Ahead,Inattention Distraction,No Apparent Influence,No Apparent Influence,Driver,44,Female,East,Stopped In Trafficway,No Improper Action,No Apparent Influence,No Apparent Influence,33.3784494,-111.893719
-111.9763745,33.3781933,102,2595148,2012/01/13 23:38:00+00,2012,Baseline Rd,48th St,619.872,Driveway,0,0,No Accident,Left Turn,Daylight,Clear,Dry,Driver,39,Female,East,Making Left Turn,Failed To Yield Right Of Way,No Apparent Influence,No Apparent Influence,Driver,37,Male,West,Going Straight Ahead,No Improper Action,No Apparent Influence,No Apparent Influence,33.3781933,-111.9763745
-111.9691298,33.37826054,108,2589899,2012/01/27 20:27:00+00,2012,Baseline Rd,Interstate 10 Exit 155 G-Ramp,-155.232,Intersection Related Interchange,0,0,No Accident,Rear End,Daylight,Clear,Dry,Driver,27,Male,East,Slowing In Trafficway,Speed To Fast For Conditions,No Apparent Influence,No Apparent Influence,Driver,36,Male,East,Stopped In Trafficway,No Improper Action,No Apparent Influence,No Apparent Influence,33.37826054,-111.9691298
-111.9552534,33.37822192,110,2598428,2012/01/27 20:47:00+00,2012,Baseline Rd,Hardy Dr,-840.048,Not Junction Related,0,0,No Accident,Rear End,Daylight,Cloudy,Dry,Driver,27,Female,Northeast,Changing Lanes,Other,No Apparent Influence,No Apparent Influence,Driver,25,Female,East,Slowing In Trafficway,No Improper Action,No Apparent Influence,No Apparent Influence,33.37822192,-111.9552534
-111.9686225,33.37826473,119,2591650,2012/01/28 07:15:00+00,2012,Baseline Rd,Interstate 10 Exit 155 G-Ramp,0,Intersection Interchange,0,0,No Accident,Left Turn,Dark Lighted,Clear,Dry,Driver,255,Unknown,East,Going Straight Ahead,Failed To Keep In Proper Lane,No Apparent Influence,No Apparent Influence,Driver,22,Female,East,Making Left Turn,No Improper Action,No Apparent Influence,No Apparent Influence,33.37826473,-111.9686225
-111.9639802,33.37824201,132,2598654,2012/01/29 02:30:00+00,2012,Baseline Rd,Priest Dr,-249.744,Unknown,0,0,No Accident,Rear End,Dark Lighted,Clear,Dry,Driver,21,Female,West,Slowing In Trafficway,Inattention Distraction,No Apparent Influence,No Apparent Influence,Driver,23,Male,West,Stopped In Trafficway,No Improper Action,No Apparent Influence,No Apparent Influence,33.37824201,-111.9639802
-111.9676953,33.37828889,137,2589808,2012/01/29 20:52:00+00,2012,Baseline Rd,Interstate 10 Exit 155 C1-Ramp,-30.096,Intersection Related Non Interchange,0,0,No Accident,Rear End,Daylight,Clear,Dry,Driver,35,Male,East,Slowing In Trafficway,Speed To Fast For Conditions,No Apparent Influence,No Apparent Influence,Driver,39,Male,East,Stopped In Trafficway,No Improper Action,No Apparent Influence,No Apparent Influence,33.37828889,-111.9676953
-111.9683452,33.37827546,138,2589967,2012/01/29 21:41:00+00,2012,Baseline Rd,Interstate 10 Exit 155 A1-Ramp,85.008,Intersection Related Non Interchange,0,0,No Accident,Rear End,Daylight,Clear,Dry,Driver,52,Female,West,Slowing In Trafficway,Speed To Fast For Conditions,No Apparent Influence,No Apparent Influence,Driver,46,Female,West,Stopped In Trafficway,No Improper Action,No Apparent Influence,No Apparent Influence,33.37827546,-111.9683452
-111.8942595,33.3784496,169,2586005,2012/01/19 01:43:00+00,2012,Baseline Rd,Price Rd,-200.112,Intersection Related Non Interchange,0,0,No Accident,Sideswipe Same Direction,Dark Lighted,Clear,Dry,Driver,23,Male,East,Changing Lanes,Unsafe Lane Change,No Apparent Influence,No Apparent Influence,Driver,21,Female,East,Changing Lanes,No Improper Action,No Apparent Influence,No Apparent Influence,33.3784496,-111.8942595
-111.9699358,33.37825253,181,2599149,2012/01/14 01:53:00+00,2012,Baseline Rd,Wendler Dr,-50.16,Intersection Related Non Interchange,0,0,No Accident,Other,Dark Lighted,Clear,Dry,Driver,34,Female,West,Backing,Inattention Distraction,No Apparent Influence,No Apparent Influence,Driver,45,Female,East,Stopped In Trafficway,No Improper Action,No Apparent Influence,No Apparent Influence,33.37825253,-111.9699358
-111.9204897,33.37831952,187,2593514,2012/02/01 20:23:00+00,2012,Baseline Rd,Lakeshore Dr,0,Intersection Non Interchange,0,0,No Accident,ANGLE (Front To Side)(Other Than Left Turn),Daylight,Clear,Dry,Driver,21,Female,Southwest,Making Left Turn,Other,No Apparent Influence,No Apparent Influence,Driver,255,0,East,Going Straight Ahead,Unknown,No Apparent Influence,No Apparent Influence,33.37831952,-111.9204897
-111.9697723,33.378256,189,2598336,2012/02/01 22:10:00+00,2012,Baseline Rd,Wendler Dr,0,Intersection Non Interchange,0,0,No Accident,ANGLE (Front To Side)(Other Than Left Turn),Daylight,Clear,Dry,Driver,47,Female,East,Going Straight Ahead,Disregarded Traffic Signal,No Apparent Influence,No Apparent Influence,Driver,22,Female,Southeast,Making Left Turn,No Improper Action,No Apparent Influence,No Apparent Influence,33.378256,-111.9697723
-111.90925,33.37842105,206,2603120,2012/02/02 21:52:00+00,2012,Baseline Rd,Mcclintock Dr,0,Intersection Non Interchange,0,0,No Accident,ANGLE (Front To Side)(Other Than Left Turn),Daylight,Clear,Dry,Driver,30,Male,North,Making Right Turn,Made Improper Turn,No Apparent Influence,No Apparent Influence,Driver,46,Male,East,Going Straight Ahead,No Improper Action,No Apparent Influence,No Apparent Influence,33.37842105,-111.90925
-111.908975,33.37842206,219,2597159,2012/01/19 16:06:00+00,2012,Baseline Rd,Mcclintock Dr,83.952,Intersection Related Non Interchange,0,0,No Accident,ANGLE (Front To Side)(Other Than Left Turn),Daylight,Clear,Dry,Driver,71,Female,West,Making Left Turn,Unsafe Lane Change,No Apparent Influence,No Apparent Influence,Driver,67,Female,West,Going Straight Ahead,No Improper Action,No Apparent Influence,No Apparent Influence,33.37842206,-111.908975
-111.9691135,33.37826068,235,2586003,2012/01/20 15:37:00+00,2012,Baseline Rd,Interstate 10 Exit 155 G-Ramp,-149.952,Intersection Related Interchange,0,0,No Accident,Rear End,Daylight,Clear,Dry,Driver,28,Female,East,Slowing In Trafficway,Speed To Fast For Conditions,No Apparent Influence,No Apparent Influence,Driver,25,Female,East,Slowing In Trafficway,No Improper Action,No Apparent Influence,No Apparent Influence,33.37826068,-111.9691135
-111.9704261,33.37824213,238,2598415,2012/01/20 19:15:00+00,2012,Baseline Rd,Wendler Dr,-200.112,Intersection Related Non Interchange,0,0,No Accident,Rear End,Daylight,Clear,Dry,Driver,56,Male,East,Going Straight Ahead,Inattention Distraction,No Apparent Influence,No Apparent Influence,Driver,70,Male,East,Stopped In Trafficway,No Improper Action,No Apparent Influence,No Apparent Influence,33.37824213,-111.9704261
-111.892497,33.3784519,255,2586394,2012/01/21 09:30:00+00,2012,Baseline Rd,Price Rd,0,Intersection Interchange,0,0,No Accident,ANGLE (Front To Side)(Other Than Left Turn),Dark Lighted,Clear,Dry,Driver,23,Male,East,Going Straight Ahead,Disregarded Traffic Signal,No Apparent Influence,No Apparent Influence,Driver,20,Male,North,Going Straight Ahead,No Improper Action,No Apparent Influence,No Apparent Influence,33.3784519,-111.892497
-111.9689334,33.37826216,322,2586109,2012/01/15 23:03:00+00,2012,Baseline Rd,Interstate 10 Exit 155 G-Ramp,-95.04,Not Junction Related,0,0,No Accident,Sideswipe Same Direction,Daylight,Cloudy,Dry,Driver,66,Female,East,Changing Lanes,Unsafe Lane Change,No Apparent Influence,No Apparent Influence,Driver,40,Male,East,Going Straight Ahead,No Improper Action,No Apparent Influence,No Apparent Influence,33.37826216,-111.9689334
-111.8948127,33.3784496,359,2595675,2012/01/23 14:54:00+00,2012,Baseline Rd,Bala Dr,109.824,Not Junction Related,0,0,No Accident,Sideswipe Same Direction,Daylight,Clear,Dry,Driver,36,Female,West,Unknown,Unknown,No Apparent Influence,No Apparent Influence,Driver,48,Female,West,Unknown,Unknown,No Apparent Influence,No Apparent Influence,33.3784496,-111.8948127
-111.9692352,33.37825967,369,2597153,2012/01/24 19:01:00+00,2012,Baseline Rd,Wendler Dr,165.264,Not Junction Related,0,0,No Accident,Sideswipe Same Direction,Daylight,Clear,Dry,Driver,20,Female,West,Changing Lanes,Other,No Apparent Influence,No Apparent Influence,Driver,63,Male,West,Slowing In Trafficway,No Improper Action,No Apparent Influence,No Apparent Influence,33.37825967,-111.9692352
-111.9355227,33.37822116,415,2597074,2012/02/19 01:46:00+00,2012,Baseline Rd,College Ave,-87.12,Not Junction Related,0,0,No Accident,ANGLE (Front To Side)(Other Than Left Turn),Dark Lighted,Clear,Dry,Driver,18,Male,West,Going Straight Ahead,Speed To Fast For Conditions,No Apparent Influence,No Apparent Influence,Driver,32,Male,West,Making Right Turn,No Improper Action,No Apparent Influence,No Apparent Influence,33.37822116,-111.9355227
-111.9675971,33.37828989,421,2591059,2012/02/19 17:41:00+00,2012,Baseline Rd,Interstate 10 Exit 155 C1-Ramp,0,Intersection Interchange,0,0,No Accident,ANGLE (Front To Side)(Other Than Left Turn),Daylight,Clear,Dry,Driver,57,Male,South,Going Straight Ahead,Disregarded Traffic Signal,No Apparent Influence,No Apparent Influence,Driver,35,Female,West,Making Left Turn,No Improper Action,No Apparent Influence,No Apparent Influence,33.37828989,-111.9675971
-111.9717706,33.37821589,432,2595218,2012/02/20 20:18:00+00,2012,Baseline Rd,Pointe Pkwy,63.888,Not Junction Related,0,0,No Accident,Rear End,Daylight,Clear,Dry,Driver,49,Female,East,Going Straight Ahead,Inattention Distraction,No Apparent Influence,No Apparent Influence,Driver,40,Female,East,Stopped In Trafficway,No Improper Action,No Apparent Influence,No Apparent Influence,33.37821589,-111.9717706
-111.9741554,33.37820687,450,2595190,2012/02/25 21:29:00+00,2012,Baseline Rd,Calle Los Cerros,-23.76,Intersection Related Interchange,0,0,No Accident,Rear End,Daylight,Clear,Dry,Driver,111,Unknown,East,Going Straight Ahead,Speed To Fast For Conditions,No Apparent Influence,No Apparent Influence,Driver,32,Female,East,Stopped In Trafficway,No Improper Action,No Apparent Influence,No Apparent Influence,33.37820687,-111.9741554
-111.9683419,33.37827558,474,2589074,2012/02/03 03:48:00+00,2012,Baseline Rd,Interstate 10 Exit 155 A1-Ramp,86.064,Intersection Related Interchange,0,0,No Accident,Rear End,Dark Lighted,Clear,Dry,Driver,49,Male,West,Going Straight Ahead,Speed To Fast For Conditions,No Apparent Influence,No Apparent Influence,Driver,44,Female,West,Stopped In Trafficway,No Improper Action,No Apparent Influence,No Apparent Influence,33.37827558,-111.9683419
-111.9742012,33.37820659,500,2589005,2012/02/04 22:53:00+00,2012,Baseline Rd,Calle Los Cerros,-38.016,Intersection Related Non Interchange,0,0,No Accident,Rear End,Daylight,Clear,Dry,Driver,38,Female,East,Going Straight Ahead,Speed To Fast For Conditions,No Apparent Influence,No Apparent Influence,Driver,45,Male,East,Going Straight Ahead,No Improper Action,No Apparent Influence,No Apparent Influence,33.37820659,-111.9742012