X,Y,OBJECTID,Incidentid,DateTime,Year,StreetName,CrossStreet,Distance,JunctionRelation,Totalinjuries,TotalAccidentities,EventSeverity,Collisionmanner,Lightcondition,Weather,SurfaceCondition,Unittype_One,Age_Drv1,Gender_Drv1,Traveldirection_One,Unitaction_One,Violation1_Drv1,AlcoholUse_Drv1,DrugUse_Drv1,Unittype_Two,Age_Drv2,Gender_Drv2,Traveldirection_Two,Unitaction_Two,Violation1_Drv2,AlcoholUse_Drv2,DrugUse_Drv2,Latitude,Longitude
-111.9631877,33.37823949,514,2597129,2012/02/07 06:40:00+00,2012,Baseline Rd,Priest Dr,-7.92,Intersection Related Non Interchange,0,0,No Accident,Rear End,Dark Lighted,Clear,Dry,Driver,41,Female,East,Slowing In Trafficway,Speed To Fast For Conditions,No Apparent Influence,No Apparent Influence,Driver,41,Female,East,Stopped In Trafficway,No Improper Action,No Apparent Influence,No Apparent Influence,33.37823949,-111.9631877
-111.9687534,33.37826365,555,2596880,2012/03/02 15:06:00+00,2012,Baseline Rd,Interstate 10 Exit 155 G-Ramp,-40.128,Intersection Related Non Interchange,0,0,No Accident,Rear End,Daylight,Clear,Dry,Driver,70,Female,East,Going Straight Ahead,Speed To Fast For Conditions,No Apparent Influence,No Apparent Influence,Driver,38,Male,East,Stopped In Trafficway,No Improper Action,No Apparent Influence,No Apparent Influence,33.37826365,-111.9687534
-111.9717611,33.378216,556,2608325,2012/03/02 21:21:00+00,2012,Baseline Rd,Pointe Pkwy,68.112,Intersection Related Non Interchange,0,0,No Accident,Rear End,Daylight,Clear,Dry,Driver,59,Female,East,Going Straight Ahead,Speed To Fast For Conditions,No Apparent Influence,No Apparent Influence,Driver,42,Male,East,Stopped In Trafficway,No Improper Action,No Apparent Influence,No Apparent Influence,33.378216,-111.9717611
-111.9709559,33.37823063,563,2601298,2012/03/03 19:49:00+00,2012,Baseline Rd,Pointe Pkwy,314.16,Not Junction Related,0,0,No Accident,Rear End,Daylight,Clear,Dry,Driver,30,Male,East,Going Straight Ahead,Speed To Fast For Conditions,No Apparent Influence,No Apparent Influence,Driver,111,Female,East,Stopped In Trafficway,No Improper Action,No Apparent Influence,No Apparent Influence,33.37823063,-111.9709559
-111.9718887,33.37821454,565,2608306,2012/03/04 00:41:00+00,2012,Baseline Rd,Pointe Pkwy,29.04,Intersection Related Non Interchange,0,0,No Accident,Rear End,Dusk,Clear,Dry,Driver,38,Male,East,Going Straight Ahead,Speed To Fast For Conditions,No Apparent Influence,No Apparent Influence,Driver,37,Female,East,Stopped In Trafficway,No Improper Action,No Apparent Influence,No Apparent Influence,33.37821454,-111.9718887
-111.9687862,33.37826338,634,2599674,2012/02/26 22:15:00+00,2012,Baseline Rd,Interstate 10 Exit 155 G-Ramp,-50.16,Intersection Related Interchange,0,0,No Accident,Rear End,Daylight,Clear,Dry,Driver,17,Male,East,Going Straight Ahead,Inattention Distraction,No Apparent Influence,No Apparent Influence,Driver,26,Female,East,Stopped In Trafficway,No Improper Action,No Apparent Influence,No Apparent Influence,33.37826338,-111.9687862
-111.9437628,33.37821443,646,2599330,2012/02/27 16:20:00+00,2012,Baseline Rd,Kyrene Rd,34.848,Not Junction Related,0,0,No Accident,Sideswipe Same Direction,Daylight,Clear,Dry,Driver,255,0,Northeast,Making Right Turn,Unknown,No Apparent Influence,No Apparent Influence,Driver,29,Male,Northeast,Making Right Turn,Unknown,No Apparent Influence,No Apparent Influence,33.37821443,-111.9437628
-111.9762926,33.37819381,658,2595175,2012/02/28 04:00:00+00,2012,Baseline Rd,48th St,645.216,Not Junction Related,0,0,No Accident,Head On,Dark Lighted,Clear,Dry,Driver,111,Unknown,East,Going Straight Ahead,Unknown,No Apparent Influence,No Apparent Influence,Driver,40,Male,West,Going Straight Ahead,No Improper Action,No Apparent Influence,No Apparent Influence,33.37819381,-111.9762926
-111.9432881,33.37821823,669,2610784,2012/02/29 00:32:00+00,2012,Baseline Rd,Kyrene Rd,180.048,Not Junction Related,0,0,No Accident,Left Turn,Daylight,Clear,Dry,Driver,22,Female,Southwest,Making Left Turn,Other,No Apparent Influence,No Apparent Influence,Driver,31,Male,East,Going Straight Ahead,No Improper Action,No Apparent Influence,No Apparent Influence,33.37821823,-111.9432881
-111.9675771,33.3782916,700,2595210,2012/02/12 23:19:00+00,2012,Baseline Rd,Interstate 10 Exit 155 J1-Ramp,-63.888,Intersection Related Non Interchange,0,0,No Accident,ANGLE (Front To Side)(Other Than Left Turn),Daylight,Clear,Dry,Driver,34,Female,Northwest,Making Left Turn,Other,No Apparent Influence,No Apparent Influence,Driver,48,Male,West,Going Straight Ahead,No Improper Action,No Apparent Influence,No Apparent Influence,33.3782916,-111.9675771
-111.9746007,33.37820412,730,2595125,2012/02/15 23:53:00+00,2012,Baseline Rd,Calle Los Cerros,-159.984,Not Junction Related,0,0,No Accident,Rear End,Daylight,Clear,Dry,Driver,22,Male,East,Going Straight Ahead,Speed To Fast For Conditions,No Apparent Influence,No Apparent Influence,Driver,43,Male,East,Slowing In Trafficway,No Improper Action,No Apparent Influence,No Apparent Influence,33.37820412,-111.9746007
-111.9639868,33.37824203,769,2603453,2012/02/23 22:22:00+00,2012,Baseline Rd,Priest Dr,-251.856,Intersection Related Non Interchange,0,0,No Accident,Rear End,Daylight,Clear,Dry,Driver,47,Male,East,Going Straight Ahead,Inattention Distraction,No Apparent Influence,No Apparent Influence,Driver,23,Female,East,Stopped In Trafficway,No Improper Action,No Apparent Influence,No Apparent Influence,33.37824203,-111.9639868
-111.9551377,33.37822136,776,2608174,2012/02/24 01:54:00+00,2012,Baseline Rd,Terry Ln,77.088,Not Junction Related,0,0,No Accident,Sideswipe Same Direction,Dark Lighted,Clear,Dry,Driver,19,Female,East,Making Right Turn,Made Improper Turn,No Apparent Influence,No Apparent Influence,Driver,33,Male,East,Going Straight Ahead,No Improper Action,No Apparent Influence,No Apparent Influence,33.37822136,-111.9551377
-111.9546769,33.37821997,854,2608352,2012/03/13 15:35:00+00,2012,Baseline Rd,Hardy Dr,-664.224,Not Junction Related,0,0,No Accident,ANGLE (Front To Side)(Other Than Left Turn),Daylight,Clear,Dry,Driver,34,Male,North,Making Right Turn,Other,No Apparent Influence,No Apparent Influence,Driver,49,Male,East,Going Straight Ahead,No Improper Action,No Apparent Influence,No Apparent Influence,33.37821997,-111.9546769
-111.9438763,33.3782149,884,2594960,2012/03/07 15:00:00+00,2012,Baseline Rd,Kyrene Rd,0,Intersection Related Non Interchange,0,0,No Accident,Other,Daylight,Clear,Unknown,Driver,111,Unknown,East,Making Right Turn,Other,No Apparent Influence,No Apparent Influence,Driver,60,Female,West,Stopped In Trafficway,No Improper Action,No Apparent Influence,No Apparent Influence,33.3782149,-111.9438763
-111.9706421,33.37823709,912,2622474,2012/04/03 13:48:00+00,2012,Baseline Rd,Pointe Pkwy,410.256,Intersection Related Non Interchange,0,0,No Accident,Sideswipe Same Direction,Daylight,Clear,Dry,Driver,33,Male,East,Changing Lanes,Unsafe Lane Change,No Apparent Influence,No Apparent Influence,Driver,34,Male,East,Going Straight Ahead,No Improper Action,No Apparent Influence,No Apparent Influence,33.37823709,-111.9706421
-111.9457324,33.37819638,916,2610986,2012/03/22 03:48:00+00,2012,Baseline Rd,Kyrene Rd,74.976,Intersection Related Non Interchange,0,0,No Accident,Rear End,Dark Lighted,Clear,Dry,Driver,21,Male,West,Overtaking Passing,Speed To Fast For Conditions,Alcohol,No Apparent Influence,Driver,26,Female,West,Stopped In Trafficway,No Improper Action,No Apparent Influence,No Apparent Influence,33.37819638,-111.9457324
-111.9490427,33.37819753,918,2628995,2012/03/13 22:39:00+00,2012,Baseline Rd,Hardy Dr,1056,Not Junction Related,0,0,No Accident,Other,Daylight,Clear,Dry,Driver,52,Male,East,Backing,Other,No Apparent Influence,No Apparent Influence,Driver,26,Male,West,Stopped In Trafficway,No Improper Action,No Apparent Influence,No Apparent Influence,33.37819753,-111.9490427
-111.9394438,33.37821002,927,2630804,2012/03/31 00:15:00+00,2012,Baseline Rd,Mill Ave,-27.984,Intersection Related Non Interchange,0,0,No Accident,Rear End,Daylight,Clear,Dry,Driver,47,Male,East,Going Straight Ahead,Speed To Fast For Conditions,No Apparent Influence,No Apparent Influence,Driver,64,Male,East,Stopped In Trafficway,No Improper Action,No Apparent Influence,No Apparent Influence,33.37821002,-111.9394438
-111.9353196,33.37822175,928,2629122,2012/03/31 02:50:00+00,2012,Baseline Rd,College Ave,-24.816,Thru Roadway,0,0,No Accident,Head On,Dark Lighted,Clear,Dry,Driver,48,Male,West,Going Straight Ahead,Inattention Distraction,Alcohol,No Apparent Influence,Driver,25,Male,East,Stopped In Trafficway,No Improper Action,No Apparent Influence,No Apparent Influence,33.37822175,-111.9353196
-111.9651435,33.37826119,931,2624405,2012/03/31 04:33:00+00,2012,Baseline Rd,Lindon Ln,91.872,Not Junction Related,0,0,No Accident,Rear End,Dark Lighted,Clear,Dry,Driver,18,Male,West,Going Straight Ahead,Speed To Fast For Conditions,No Apparent Influence,No Apparent Influence,Driver,45,Female,West,Stopped In Trafficway,No Improper Action,No Apparent Influence,No Apparent Influence,33.37826119,-111.9651435
-111.9288399,33.37824409,941,2647257,2012/04/01 00:44:00+00,2012,Baseline Rd,Rural Rd,-50.16,Intersection Non Interchange,0,0,No Accident,Rear End,Daylight,Clear,Dry,Driver,36,Male,East,Going Straight Ahead,Speed To Fast For Conditions,Alcohol,No Apparent Influence,Driver,63,Female,East,Going Straight Ahead,No Improper Action,No Apparent Influence,No Apparent Influence,33.37824409,-111.9288399
-111.9515192,33.37820736,950,2648367,2012/04/02 01:29:00+00,2012,Baseline Rd,Hardy Dr,299.904,Not Junction Related,0,0,No Accident,Left Turn,Daylight,Clear,Dry,Driver,19,Female,North,Making Left Turn,Other,No Apparent Influence,No Apparent Influence,Driver,22,Female,East,Going Straight Ahead,No Improper Action,No Apparent Influence,No Apparent Influence,33.37820736,-111.9515192
-111.9520104,33.37820817,953,2613408,2012/04/02 08:46:00+00,2012,Baseline Rd,Hardy Dr,149.952,Not Junction Related,0,0,No Accident,Single Vehicle,Dark Lighted,Clear,Dry,Driver,111,Unknown,Unknown,Unknown,Unknown,No Apparent Influence,No Apparent Influence,0,0,0,0,0,0,0,0,33.37820817,-111.9520104
-111.9703577,33.37824295,975,2655663,2012/04/03 13:48:00+00,2012,Baseline Rd,Pointe Pkwy,496.848,Not Junction Related,0,0,No Accident,Rear End,Daylight,Clear,Dry,Driver,34,Female,East,Going Straight Ahead,Inattention Distraction,No Apparent Influence,No Apparent Influence,Driver,39,Male,East,Stopped In Trafficway,No Improper Action,No Apparent Influence,No Apparent Influence,33.37824295,-111.9703577
-111.9085233,33.37842512,990,2611274,2012/03/23 13:43:00+00,2012,Baseline Rd,Mcclintock Dr,221.76,Intersection Related Interchange,0,0,No Accident,Single Vehicle,Daylight,Clear,Dry,Driver,45,Male,East,Making Right Turn,Speed To Fast For Conditions,No Apparent Influence,No Apparent Influence,0,0,0,0,0,0,0,0,33.37842512,-111.9085233
-111.9641443,33.37824277,1006,2606517,2012/03/24 17:57:00+00,2012,Baseline Rd,Priest Dr,-299.904,Not Junction Related,0,0,No Accident,Rear End,Daylight,Clear,Dry,Driver,25,Female,West,Going Straight Ahead,Speed To Fast For Conditions,No Apparent Influence,No Apparent Influence,Driver,43,Male,West,Going Straight Ahead,No Improper Action,No Apparent Influence,No Apparent Influence,33.37824277,-111.9641443
-111.9393523,33.37820757,1040,2630082,2012/03/09 22:58:00+00,2012,Baseline Rd,Mill Ave,0,Intersection Non Interchange,0,0,No Accident,Left Turn,Daylight,Clear,Dry,Driver,41,Male,South,Going Straight Ahead,Unknown,No Apparent Influence,No Apparent Influence,Driver,52,Male,North,Making Left Turn,Unknown,No Apparent Influence,No Apparent Influence,33.37820757,-111.9393523
-111.962837,33.37824104,1044,2608310,2012/03/10 16:30:00+00,2012,Baseline Rd,Priest Dr,99.792,Intersection Related Non Interchange,0,0,No Accident,Rear End,Daylight,Clear,Dry,Driver,111,Unknown,East,Going Straight Ahead,Speed To Fast For Conditions,No Apparent Influence,No Apparent Influence,Driver,39,Female,East,Going Straight Ahead,No Improper Action,No Apparent Influence,No Apparent Influence,33.37824104,-111.962837
-111.9638951,33.37824174,1094,2608344,2012/03/15 01:59:00+00,2012,Baseline Rd,Priest Dr,-223.872,Not Junction Related,0,0,No Accident,Sideswipe Same Direction,Dark Lighted,Clear,Dry,Driver,111,Unknown,West,Changing Lanes,Unsafe Lane Change,No Apparent Influence,No Apparent Influence,Driver,60,Male,West,Going Straight Ahead,No Improper Action,No Apparent Influence,No Apparent Influence,33.37824174,-111.9638951
-111.917329,33.37835279,1126,2647262,2012/04/05 15:26:00+00,2012,Baseline Rd,Dorsey Ln,40.128,Intersection Related Non Interchange,0,0,No Accident,ANGLE (Front To Side)(Other Than Left Turn),Daylight,Clear,Dry,Driver,26,Female,South,Making Left Turn,Failed To Yield Right Of Way,No Apparent Influence,No Apparent Influence,Driver,52,Male,East,Going Straight Ahead,No Improper Action,No Apparent Influence,No Apparent Influence,33.37835279,-111.917329
-111.9707333,33.37823561,1182,2655623,2012/03/28 23:05:00+00,2012,Baseline Rd,Wendler Dr,-294.096,Not Junction Related,0,0,No Accident,Rear End,Daylight,Clear,Dry,Driver,31,Female,East,Going Straight Ahead,Speed To Fast For Conditions,No Apparent Influence,No Apparent Influence,Driver,68,Male,East,Stopped In Trafficway,No Improper Action,No Apparent Influence,No Apparent Influence,33.37823561,-111.9707333
-111.9737131,33.37820829,1201,2622427,2012/05/01 01:18:00+00,2012,Baseline Rd,Pointe Pkwy,-528,Not Junction Related,0,0,No Accident,Rear End,Daylight,Clear,Dry,Driver,61,Female,East,Going Straight Ahead,Inattention Distraction,No Apparent Influence,No Apparent Influence,Driver,55,Female,East,Stopped In Trafficway,No Improper Action,No Apparent Influence,No Apparent Influence,33.37820829,-111.9737131
-111.9440727,33.3782122,1234,2627630,2012/05/09 01:08:00+00,2012,Baseline Rd,Kyrene Rd,-60.192,Not Junction Related,0,0,No Accident,ANGLE (Front To Side)(Other Than Left Turn),Daylight,Clear,Dry,Driver,34,Male,North,Making Right Turn,Inattention Distraction,No Apparent Influence,No Apparent Influence,Pedalcyclist,21,Male,West,Going Straight Ahead,Drove Rode In Opposing Traffic Lane,No Apparent Influence,No Apparent Influence,33.3782122,-111.9440727
-111.9770947,33.37818878,1255,2648773,2012/05/04 15:00:00+00,2012,Baseline Rd,48th St,400.224,Not Junction Related,0,0,No Accident,Left Turn,Daylight,Clear,Dry,Driver,18,Male,Southeast,Making Left Turn,Failed To Yield Right Of Way,No Apparent Influence,No Apparent Influence,Driver,28,Female,West,Slowing In Trafficway,No Improper Action,No Apparent Influence,No Apparent Influence,33.37818878,-111.9770947
-111.9683876,33.37827386,1275,2627800,2012/05/09 22:52:00+00,2012,Baseline Rd,Interstate 10 Exit 155 A1-Ramp,71.808,Intersection Related Non Interchange,0,0,No Accident,Sideswipe Same Direction,Daylight,Clear,Dry,Driver,50,Male,Southeast,Making Left Turn,Failed To Keep In Proper Lane,No Apparent Influence,No Apparent Influence,Driver,48,Male,Southeast,Making Left Turn,No Improper Action,No Apparent Influence,No Apparent Influence,33.37827386,-111.9683876
-111.9717176,33.3782165,1301,2655686,2012/05/11 20:52:00+00,2012,Baseline Rd,Wendler Dr,-594,Not Junction Related,0,0,No Accident,Rear End,Daylight,Clear,Dry,Driver,22,Male,East,Going Straight Ahead,Followed Too Closely,No Apparent Influence,No Apparent Influence,Driver,39,Female,East,Stopped In Trafficway,No Improper Action,No Apparent Influence,No Apparent Influence,33.3782165,-111.9717176
-111.9714109,33.37822152,1306,2625836,2012/05/12 00:24:00+00,2012,Baseline Rd,Pointe Pkwy,174.768,Driveway,0,0,No Accident,ANGLE (Front To Side)(Other Than Left Turn),Daylight,Clear,Dry,Driver,20,Female,North,Going Straight Ahead,Failed To Yield Right Of Way,No Apparent Influence,No Apparent Influence,Driver,35,Male,East,Going Straight Ahead,No Improper Action,No Apparent Influence,No Apparent Influence,33.37822152,-111.9714109
-111.9750459,33.37820137,1332,2619303,2012/04/18 00:28:00+00,2012,Baseline Rd,Calle Los Cerros,-296.208,Not Junction Related,0,0,No Accident,Rear End,Daylight,Clear,Dry,Driver,18,Male,West,Going Straight Ahead,Followed Too Closely,No Apparent Influence,No Apparent Influence,Driver,39,Female,West,Stopped In Trafficway,No Improper Action,No Apparent Influence,No Apparent Influence,33.37820137,-111.9750459
-111.9693829,33.37825838,1361,2626844,2012/04/20 18:13:00+00,2012,Baseline Rd,Wendler Dr,119.856,Intersection Related Non Interchange,0,0,No Accident,Rear End,Daylight,Clear,Dry,Driver,51,Male,Southwest,Making Right Turn,Failed To Yield Right Of Way,No Apparent Influence,No Apparent Influence,Driver,19,Male,West,Slowing In Trafficway,No Improper Action,No Apparent Influence,No Apparent Influence,33.37825838,-111.9693829
-111.9783715,33.37818075,1368,2610424,2012/04/20 23:30:00+00,2012,Baseline Rd,48th St,10.032,Intersection Related Non Interchange,0,0,No Accident,Other,Daylight,Clear,Dry,Driver,255,0,West,Backing,Other,No Apparent Influence,No Apparent Influence,Driver,54,Male,West,Stopped In Trafficway,No Improper Action,No Apparent Influence,No Apparent Influence,33.37818075,-111.9783715
-111.9671405,33.37829088,1370,2610408,2012/04/21 00:02:00+00,2012,Baseline Rd,Interstate 10 Exit 155 J1-Ramp,70.224,Intersection Related Interchange,0,0,No Accident,Rear End,Daylight,Clear,Dry,Driver,20,Male,West,Going Straight Ahead,Followed Too Closely,No Apparent Influence,No Apparent Influence,Driver,19,Male,West,Stopped In Trafficway,No Improper Action,No Apparent Influence,No Apparent Influence,33.37829088,-111.9671405
-111.9770358,33.37818915,1373,2650824,2012/05/04 20:56:00+00,2012,Baseline Rd,48th St,418.176,Driveway,0,0,No Accident,ANGLE (Front To Side)(Other Than Left Turn),Daylight,Clear,Dry,Driver,30,Male,South,Making Left Turn,Other,No Apparent Influence,No Apparent Influence,Driver,35,Female,West,Going Straight Ahead,No Improper Action,No Apparent Influence,No Apparent Influence,33.37818915,-111.9770358
-111.9715908,33.37821857,1385,2631156,2012/05/04 22:41:00+00,2012,Baseline Rd,Pointe Pkwy,119.856,Intersection Related Non Interchange,0,0,No Accident,Sideswipe Same Direction,Daylight,Clear,Dry,Driver,59,Male,East,Overtaking Passing,Inattention Distraction,No Apparent Influence,No Apparent Influence,Driver,30,Male,East,Changing Lanes,Inattention Distraction,No Apparent Influence,No Apparent Influence,33.37821857,-111.9715908
-111.9611499,33.37824023,1391,2628188,2012/05/05 00:59:00+00,2012,Baseline Rd,Hardy Dr,-2640,Not Junction Related,0,0,No Accident,Rear End,Daylight,Clear,Dry,Driver,21,Male,East,Going Straight Ahead,Speed To Fast For Conditions,No Apparent Influence,No Apparent Influence,Driver,38,Male,East,Slowing In Trafficway,No Improper Action,No Apparent Influence,No Apparent Influence,33.37824023,-111.9611499
-111.9688889,33.37826272,1400,2629292,2012/05/05 19:52:00+00,2012,Baseline Rd,Calle Los Cerros,1584,Not Junction Related,0,0,No Accident,Sideswipe Same Direction,Daylight,Clear,Dry,Driver,50,Female,East,Changing Lanes,Unsafe Lane Change,No Apparent Influence,No Apparent Influence,Driver,61,Male,East,Changing Lanes,Unsafe Lane Change,No Apparent Influence,No Apparent Influence,33.37826272,-111.9688889
-111.9069571,33.37843271,1419,2629215,2012/05/08 00:52:00+00,2012,Baseline Rd,Mcclintock Dr,700.128,Not Junction Related,0,0,No Accident,Rear End,Daylight,Clear,Dry,Driver,52,Male,West,Going Straight Ahead,Inattention Distraction,No Apparent Influence,No Apparent Influence,Driver,27,Female,West,Stopped In Trafficway,No Improper Action,No Apparent Influence,No Apparent Influence,33.37843271,-111.9069571
-111.9780278,33.37818291,1471,2628163,2012/04/16 21:31:00+00,2012,Baseline Rd,48th St,115.104,Not Junction Related,0,0,No Accident,Rear End,Daylight,Clear,Dry,Driver,20,Female,East,Going Straight Ahead,Speed To Fast For Conditions,No Apparent Influence,No Apparent Influence,Driver,34,Male,East,Stopped In Trafficway,No Improper Action,No Apparent Influence,No Apparent Influence,33.37818291,-111.9780278
-111.9617069,33.37823661,1473,2626804,2012/04/16 22:13:00+00,2012,Baseline Rd,Darrow Dr,-180.048,Not Junction Related,0,0,No Accident,Left Turn,Daylight,Clear,Dry,Driver,28,Male,North,Making Left Turn,Inattention Distraction,No Apparent Influence,No Apparent Influence,Driver,37,Male,East,Going Straight Ahead,No Improper Action,No Apparent Influence,No Apparent Influence,33.37823661,-111.9617069
-111.9385197,33.37821021,1478,2630926,2012/04/27 15:18:00+00,2012,Baseline Rd,Mill Ave,255.024,Intersection Related Non Interchange,0,0,No Accident,Rear End,Daylight,Clear,Dry,Driver,39,Female,West,Going Straight Ahead,Speed To Fast For Conditions,No Apparent Influence,No Apparent Influence,Driver,27,Male,West,Stopped In Trafficway,No Improper Action,No Apparent Influence,No Apparent Influence,33.37821021,-111.9385197
-111.9454214,33.3781991,1497,2650811,2012/04/29 00:33:00+00,2012,Baseline Rd,Kyrene Rd,170.016,Not Junction Related,0,0,No Accident,Head On,Daylight,Clear,Dry,Driver,26,Male,West,Avoiding Vehicle Object Pedestrian,Drove Rode In Opposing Traffic Lane,No Apparent Influence,No Apparent Influence,Driver,64,Male,East,Going Straight Ahead,No Improper Action,No Apparent Influence,No Apparent Influence,33.3781991,-111.9454214
-111.967443,33.37829409,1506,2629194,2012/04/29 23:14:00+00,2012,Baseline Rd,Interstate 10 Exit 155 C2-Ramp,-23.232,Intersection Related Non Interchange,0,0,No Accident,Rear End,Daylight,Clear,Dry,Driver,23,Female,East,Going Straight Ahead,Speed To Fast For Conditions,No Apparent Influence,No Apparent Influence,Driver,69,Female,East,Stopped In Trafficway,No Improper Action,No Apparent Influence,No Apparent Influence,33.37829409,-111.967443
-111.9701646,33.37824768,1517,2631036,2012/04/30 23:57:00+00,2012,Baseline Rd,Wendler Dr,-119.856,Not Junction Related,0,0,No Accident,Rear End,Daylight,Clear,Dry,Driver,39,Male,East,Going Straight Ahead,Speed To Fast For Conditions,No Apparent Influence,No Apparent Influence,Driver,24,Female,East,Slowing In Trafficway,No Improper Action,No Apparent Influence,No Apparent Influence,33.37824768,-111.9701646
-111.9673678,33.37829548,1538,2629411,2012/04/09 20:21:00+00,2012,Baseline Rd,Interstate 10 Exit 155 C2-Ramp,0,Intersection Interchange,0,0,No Accident,ANGLE (Front To Side)(Other Than Left Turn),Daylight,Clear,Dry,Driver,21,Male,East,Going Straight Ahead,Disregarded Traffic Signal,No Apparent Influence,Drugs,Driver,27,Female,North,Making Left Turn,No Improper Action,No Apparent Influence,No Apparent Influence,33.37829548,-111.9673678
-111.9137839,33.37838826,1540,2647894,2012/04/09 23:26:00+00,2012,Baseline Rd,Marine Dr,0,Not Junction Related,0,0,No Accident,Sideswipe Same Direction,Daylight,Clear,Dry,Driver,38,Female,East,Changing Lanes,Unsafe Lane Change,No Apparent Influence,No Apparent Influence,Driver,48,Male,East,Going Straight Ahead,No Improper Action,No Apparent Influence,No Apparent Influence,33.37838826,-111.9137839
-111.9502283,33.37820196,1541,2629983,2012/04/09 23:35:00+00,2012,Baseline Rd,Hardy Dr,693.792,Driveway,0,0,No Accident,ANGLE (Front To Side)(Other Than Left Turn),Daylight,Clear,Dry,Driver,53,Female,South,Other,Failed To Yield Right Of Way,No Apparent Influence,No Apparent Influence,Driver,50,Female,West,Going Straight Ahead,No Improper Action,No Apparent Influence,No Apparent Influence,33.37820196,-111.9502283
-111.9276939,33.37824795,1571,2627209,2012/04/23 08:16:00+00,2012,Baseline Rd,Rural Rd,299.904,Not Junction Related,0,0,No Accident,Sideswipe Same Direction,Dark Lighted,Clear,Dry,Driver,28,Female,East,Changing Lanes,Unsafe Lane Change,No Apparent Influence,No Apparent Influence,Driver,44,Male,East,Going Straight Ahead,No Improper Action,No Apparent Influence,No Apparent Influence,33.37824795,-111.9276939
-111.9737494,33.37820829,1573,2619287,2012/04/23 14:43:00+00,2012,Baseline Rd,Calle Los Cerros,99.792,Not Junction Related,0,0,No Accident,Rear End,Daylight,Clear,Dry,Driver,26,Female,East,Going Straight Ahead,Speed To Fast For Conditions,No Apparent Influence,No Apparent Influence,Driver,111,Unknown,East,Stopped In Trafficway,No Improper Action,No Apparent Influence,No Apparent Influence,33.37820829,-111.9737494
-111.963489,33.37824045,1601,2627689,2012/05/26 01:06:00+00,2012,Baseline Rd,Priest Dr,-99.792,Intersection Related Non Interchange,0,0,No Accident,Rear End,Daylight,Clear,Dry,Driver,26,Male,East,Going Straight Ahead,Inattention Distraction,No Apparent Influence,No Apparent Influence,Driver,35,Female,East,Stopped In Trafficway,No Improper Action,No Apparent Influence,No Apparent Influence,33.37824045,-111.963489
-111.9552753,33.37822207,1614,2627720,2012/05/26 23:38:00+00,2012,Baseline Rd,Terry Ln,34.848,Intersection Related Non Interchange,0,0,No Accident,Rear End,Daylight,Clear,Dry,Driver,21,Female,West,Going Straight Ahead,Speed To Fast For Conditions,No Apparent Influence,No Apparent Influence,Driver,20,Male,Northwest,Making Right Turn,No Improper Action,No Apparent Influence,No Apparent Influence,33.37822207,-111.9552753
-111.9234439,33.37828151,1623,2638554,2012/05/28 17:12:00+00,2012,Baseline Rd,Lakeshore Dr,-901.824,Not Junction Related,0,0,No Accident,Rear End,Daylight,Clear,Dry,Driver,29,Male,West,Going Straight Ahead,Speed To Fast For Conditions,No Apparent Influence,No Apparent Influence,Driver,40,Male,West,Going Straight Ahead,No Improper Action,No Apparent Influence,No Apparent Influence,33.37828151,-111.9234439
-111.9396463,33.37821546,1636,2629266,2012/05/30 03:13:00+00,2012,Baseline Rd,Mill Ave,-89.76,Intersection Related Non Interchange,0,0,No Accident,Sideswipe Same Direction,Dark Lighted,Clear,Dry,Driver,20,Female,East,Changing Lanes,Unsafe Lane Change,No Apparent Influence,No Apparent Influence,Driver,32,Female,East,Going Straight Ahead,No Improper Action,No Apparent Influence,No Apparent Influence,33.37821546,-111.9396463
-111.9700502,33.3782501,1645,2655634,2012/05/30 21:42:00+00,2012,Baseline Rd,Wendler Dr,-85.008,Intersection Related Non Interchange,0,0,No Accident,Rear End,Daylight,Clear,Dry,Driver,20,Female,East,Going Straight Ahead,Speed To Fast For Conditions,No Apparent Influence,No Apparent Influence,Driver,64,Male,East,Stopped In Trafficway,No Improper Action,No Apparent Influence,No Apparent Influence,33.3782501,-111.9700502
-111.9597495,33.37744983,845,2628975,2012/03/21 14:11:00+00,2012,Beck Ave,Baseline Rd,-287.232,Not Junction Related,1,0,Accident,Left Turn,Daylight,Clear,Dry,Driver,39,Male,Southeast,Making Left Turn,Other,No Apparent Influence,No Apparent Influence,Driver,24,Female,North,Going Straight Ahead,No Improper Action,Alcohol,No Apparent Influence,33.37744983,-111.9597495
-111.9595828,33.37381697,1286,2655728,2012/05/10 14:58:00+00,2012,Beck Ave,Oxford Dr,-187.968,Not Junction Related,0,0,No Accident,Sideswipe Same Direction,Daylight,Clear,Dry,Driver,62,Female,North,Going Straight Ahead,Speed To Fast For Conditions,No Apparent Influence,No Apparent Influence,Driverless,0,0,North,Properly Parked,0,0,0,33.37381697,-111.9595828
-111.9197521,33.3590251,3095,2656432,2012/09/20 16:00:00+00,2012,Bell De Mar Dr,Lakeshore Dr,40.128,Not Junction Related,1,0,Accident,Rear End,Daylight,Clear,Dry,Driver,111,Unknown,East,Going Straight Ahead,Speed To Fast For Conditions,No Apparent Influence,No Apparent Influence,Pedalcyclist,23,Male,East,Going Straight Ahead,No Improper Action,No Apparent Influence,No Apparent Influence,33.3590251,-111.9197521