X,Y,OBJECTID,Incidentid,DateTime,Year,StreetName,CrossStreet,Distance,JunctionRelation,Totalinjuries,TotalAccidentities,EventSeverity,Collisionmanner,Lightcondition,Weather,SurfaceCondition,Unittype_One,Age_Drv1,Gender_Drv1,Traveldirection_One,Unitaction_One,Violation1_Drv1,AlcoholUse_Drv1,DrugUse_Drv1,Unittype_Two,Age_Drv2,Gender_Drv2,Traveldirection_Two,Unitaction_Two,Violation1_Drv2,AlcoholUse_Drv2,DrugUse_Drv2,Latitude,Longitude
-111.9224988,33.40325421,498,2593722,2012/02/04 08:16:00+00,2012,Broadmor Dr,Concorda Dr,187.968,Not Junction Related,0,0,No Accident,Single Vehicle,Dark Lighted,Clear,Dry,Driver,22,Male,North,Negotiating A Curve,Speed To Fast For Conditions,Alcohol,No Apparent Influence,0,0,0,0,0,0,0,0,33.40325421,-111.9224988
-111.9735855,33.40844561,26,2589834,2012/01/03 02:01:00+00,2012,Broadway Rd,Interstate 10 Exit 153 G-Ramp,0,Unknown,2,0,Accident,Left Turn,Dark Lighted,Clear,Dry,Driver,22,Female,Southwest,Making Left Turn,Other,No Apparent Influence,No Apparent Influence,Driver,21,Female,East,Going Straight Ahead,No Improper Action,No Apparent Influence,No Apparent Influence,33.40844561,-111.9735855
-111.9005072,33.40748502,89,2592196,2012/01/13 14:14:00+00,2012,Broadway Rd,Country Club Way,0,Intersection Non Interchange,1,0,Accident,Left Turn,Dawn,Clear,Dry,Driver,51,Female,Southwest,Making Left Turn,Made Improper Turn,No Apparent Influence,No Apparent Influence,Driver,28,Male,East,Going Straight Ahead,No Improper Action,No Apparent Influence,No Apparent Influence,33.40748502,-111.9005072
-111.9456143,33.40736581,92,2592297,2012/01/13 18:35:00+00,2012,Broadway Rd,Roosevelt St,680.064,Intersection Non Interchange,1,0,Accident,ANGLE (Front To Side)(Other Than Left Turn),Daylight,Clear,Dry,Driver,21,Male,North,Going Straight Ahead,Speed To Fast For Conditions,No Apparent Influence,No Apparent Influence,Driver,32,Male,East,Going Straight Ahead,No Improper Action,No Apparent Influence,No Apparent Influence,33.40736581,-111.9456143
-111.8987186,33.40749234,97,2592203,2012/01/13 22:19:00+00,2012,Broadway Rd,River Dr,-299.904,Not Junction Related,1,0,Accident,Rear End,Daylight,Clear,Dry,Driver,35,Male,East,Going Straight Ahead,Speed To Fast For Conditions,No Apparent Influence,No Apparent Influence,Driver,34,Male,East,Stopped In Trafficway,No Improper Action,No Apparent Influence,No Apparent Influence,33.40749234,-111.8987186
-111.9047611,33.40748536,105,2598406,2012/01/27 17:31:00+00,2012,Broadway Rd,Los Feliz Dr,-174.768,Not Junction Related,1,0,Accident,ANGLE (Front To Side)(Other Than Left Turn),Daylight,Cloudy,Dry,Pedalcyclist,20,Female,West,Going Straight Ahead,Other,No Apparent Influence,No Apparent Influence,Driver,41,Male,North,Making Right Turn,No Improper Action,No Apparent Influence,No Apparent Influence,33.40748536,-111.9047611
-111.9701333,33.40933635,211,2597313,2012/02/03 00:56:00+00,2012,Broadway Rd,52nd St,-190.08,Not Junction Related,1,0,Accident,Rear End,Dusk,Clear,Dry,Driver,29,Male,West,Going Straight Ahead,Speed To Fast For Conditions,No Apparent Influence,No Apparent Influence,Driver,41,Male,West,Slowing In Trafficway,No Improper Action,No Apparent Influence,No Apparent Influence,33.40933635,-111.9701333
-111.9145366,33.40750078,275,2596061,2012/01/07 06:35:00+00,2012,Broadway Rd,Elm St,-398.112,Unknown,2,0,Accident,Single Vehicle,Dark Unknown Lighting,Unknown,Unknown,Driver,20,Female,Unknown,Unknown,Unknown,No Apparent Influence,No Apparent Influence,0,0,0,0,0,0,0,0,33.40750078,-111.9145366
-111.9100996,33.40749672,301,2599226,2012/01/10 00:02:00+00,2012,Broadway Rd,Mcclintock Dr,-300.96,Not Junction Related,1,0,Accident,ANGLE (Front To Side)(Other Than Left Turn),Daylight,Clear,Dry,Pedalcyclist,16,Male,West,Avoiding Vehicle Object Pedestrian,No Improper Action,No Apparent Influence,No Apparent Influence,Driver,57,Female,West,Going Straight Ahead,No Improper Action,No Apparent Influence,No Apparent Influence,33.40749672,-111.9100996
-111.9312427,33.40746734,306,2597972,2012/01/10 01:57:00+00,2012,Broadway Rd,Sierra Vista Dr,-40.128,Not Junction Related,1,0,Accident,Sideswipe Opposite Direction,Dark Lighted,Clear,Dry,Driver,21,Male,East,Changing Lanes,Failed To Keep In Proper Lane,No Apparent Influence,No Apparent Influence,Driver,28,Female,West,Going Straight Ahead,No Improper Action,No Apparent Influence,No Apparent Influence,33.40746734,-111.9312427
-111.9176858,33.40750222,388,2595666,2012/01/25 23:38:00+00,2012,Broadway Rd,Dorsey Ln,0,Intersection Non Interchange,2,0,Accident,Left Turn,Daylight,Clear,Dry,Driver,26,Male,Southwest,Making Left Turn,Made Improper Turn,No Apparent Influence,No Apparent Influence,Driver,42,Female,East,Going Straight Ahead,No Improper Action,No Apparent Influence,No Apparent Influence,33.40750222,-111.9176858
-111.9570004,33.40741568,390,2592280,2012/01/26 00:43:00+00,2012,Broadway Rd,Cutler Dr,415.008,Not Junction Related,1,0,Accident,Rear End,Dusk,Clear,Dry,Driver,255,0,West,Going Straight Ahead,Speed To Fast For Conditions,No Apparent Influence,No Apparent Influence,Driver,62,Female,West,Going Straight Ahead,No Improper Action,No Apparent Influence,No Apparent Influence,33.40741568,-111.9570004
-111.957869,33.40741449,391,2592541,2012/01/26 00:43:00+00,2012,Broadway Rd,Cutler Dr,149.952,Not Junction Related,1,0,Accident,Rear End,Dusk,Clear,Dry,Driver,255,0,West,Going Straight Ahead,Speed To Fast For Conditions,No Apparent Influence,No Apparent Influence,Driver,29,Female,West,Going Straight Ahead,No Improper Action,No Apparent Influence,No Apparent Influence,33.40741449,-111.957869
-111.8982598,33.40749237,536,2595119,2012/02/23 00:41:00+00,2012,Broadway Rd,River Dr,-159.984,Not Junction Related,1,0,Accident,Rear End,Dusk,Clear,Dry,Driver,40,Female,West,Going Straight Ahead,Followed Too Closely,No Apparent Influence,No Apparent Influence,Driver,58,Female,West,Going Straight Ahead,No Improper Action,No Apparent Influence,No Apparent Influence,33.40749237,-111.8982598
-111.9251712,33.40750898,661,2595154,2012/02/28 14:53:00+00,2012,Broadway Rd,Rural Rd,335.808,Not Junction Related,1,0,Accident,Left Turn,Daylight,Clear,Dry,Driver,19,Female,North,Making Left Turn,Other,No Apparent Influence,No Apparent Influence,Driver,29,Male,West,Going Straight Ahead,No Improper Action,No Apparent Influence,No Apparent Influence,33.40750898,-111.9251712
-111.9470234,33.40737085,727,2595173,2012/02/14 23:53:00+00,2012,Broadway Rd,Roosevelt St,249.744,Driveway,2,0,Accident,Head On,Dusk,Cloudy,Dry,Driver,36,Female,Northwest,Making Left Turn,Drove Rode In Opposing Traffic Lane,No Apparent Influence,No Apparent Influence,Driver,36,Male,East,Going Straight Ahead,No Improper Action,No Apparent Influence,No Apparent Influence,33.40737085,-111.9470234
-111.9738247,33.40835755,735,2591875,2012/02/16 01:01:00+00,2012,Broadway Rd,Interstate 10 Exit 153 P-Ramp,0,Intersection Non Interchange,2,0,Accident,Left Turn,Dusk,Clear,Dry,Driver,26,Male,Southwest,Making Left Turn,Inattention Distraction,No Apparent Influence,No Apparent Influence,Driver,43,Female,East,Going Straight Ahead,No Improper Action,No Apparent Influence,No Apparent Influence,33.40835755,-111.9738247
-111.9126133,33.40749943,790,2610773,2012/02/24 23:43:00+00,2012,Broadway Rd,Elm St,190.08,Not Junction Related,4,0,Accident,Rear End,Daylight,Clear,Dry,Driver,22,Female,East,Going Straight Ahead,Speed To Fast For Conditions,No Apparent Influence,No Apparent Influence,Driver,25,Male,East,Stopped In Trafficway,No Improper Action,No Apparent Influence,No Apparent Influence,33.40749943,-111.9126133
-111.9512527,33.40738558,812,2611277,2012/03/17 20:11:00+00,2012,Broadway Rd,Hardy Dr,275.088,Not Junction Related,1,0,Accident,Rear End,Daylight,Clear,Dry,Driver,36,Male,East,Going Straight Ahead,Speed To Fast For Conditions,No Apparent Influence,No Apparent Influence,Driver,33,Female,East,Slowing In Trafficway,No Improper Action,No Apparent Influence,No Apparent Influence,33.40738558,-111.9512527
-111.9409621,33.40738883,864,2603420,2012/03/06 04:23:00+00,2012,Broadway Rd,Mill Ave,-350.064,Intersection Related Non Interchange,2,0,Accident,Rear End,Dark Lighted,Clear,Dry,Driver,111,Unknown,West,Going Straight Ahead,Inattention Distraction,No Apparent Influence,No Apparent Influence,Driver,30,Male,West,Going Straight Ahead,No Improper Action,No Apparent Influence,No Apparent Influence,33.40738883,-111.9409621
-111.8977355,33.40749253,874,2608329,2012/03/06 23:52:00+00,2012,Broadway Rd,River Dr,0,Intersection Non Interchange,3,0,Accident,Left Turn,Daylight,Clear,Dry,Driver,21,Female,Southwest,Making Left Turn,Other,No Apparent Influence,No Apparent Influence,Driver,55,Male,East,Going Straight Ahead,Disregarded Traffic Signal,No Apparent Influence,No Apparent Influence,33.40749253,-111.8977355
-111.9228612,33.40750087,883,2608334,2012/03/07 14:51:00+00,2012,Broadway Rd,Jentilly Ln,259.248,Not Junction Related,1,0,Accident,Rear End,Daylight,Clear,Dry,Driver,43,Female,West,Going Straight Ahead,Inattention Distraction,No Apparent Influence,No Apparent Influence,Driver,53,Male,West,Stopped In Trafficway,No Improper Action,No Apparent Influence,No Apparent Influence,33.40750087,-111.9228612
-111.917522,33.40750215,898,2608267,2012/03/08 00:32:00+00,2012,Broadway Rd,Dorsey Ln,50.16,Intersection Related Non Interchange,1,0,Accident,Other,Daylight,Clear,Dry,Driver,21,Male,West,Making U Turn,Other,No Apparent Influence,No Apparent Influence,Driver,24,Female,East,Going Straight Ahead,No Improper Action,No Apparent Influence,No Apparent Influence,33.40750215,-111.917522
-111.9535125,33.40739656,961,2655678,2012/04/02 20:22:00+00,2012,Broadway Rd,Hardy Dr,-415.008,Not Junction Related,1,0,Accident,Sideswipe Same Direction,Daylight,Clear,Dry,Driver,42,Male,East,Changing Lanes,Unsafe Lane Change,No Apparent Influence,No Apparent Influence,Driver,21,Male,East,Going Straight Ahead,No Improper Action,No Apparent Influence,No Apparent Influence,33.40739656,-111.9535125
-111.9101455,33.40749673,965,2655652,2012/04/02 22:18:00+00,2012,Broadway Rd,Mcclintock Dr,-315.216,Not Junction Related,1,0,Accident,Rear End,Daylight,Clear,Dry,Driver,51,Male,East,Going Straight Ahead,Inattention Distraction,No Apparent Influence,No Apparent Influence,Driver,50,Female,East,Stopped In Trafficway,No Improper Action,No Apparent Influence,No Apparent Influence,33.40749673,-111.9101455
-111.9569513,33.40741538,1049,2628989,2012/03/11 01:28:00+00,2012,Broadway Rd,Cutler Dr,429.792,Not Junction Related,1,0,Accident,ANGLE (Front To Side)(Other Than Left Turn),Daylight,Clear,Dry,Driver,24,Male,Northwest,Making Right Turn,Made Improper Turn,Alcohol,No Apparent Influence,Driver,44,Male,West,Going Straight Ahead,No Improper Action,No Apparent Influence,No Apparent Influence,33.40741538,-111.9569513
-111.9112432,33.40749696,1118,2611511,2012/03/16 23:00:00+00,2012,Broadway Rd,Mcclintock Dr,-649.968,Driveway,1,0,Accident,ANGLE (Front To Side)(Other Than Left Turn),Daylight,Clear,Dry,Driver,33,Female,South,Making Left Turn,Inattention Distraction,No Apparent Influence,No Apparent Influence,Driver,46,Female,North,Making Left Turn,Inattention Distraction,No Apparent Influence,No Apparent Influence,33.40749696,-111.9112432
-111.9436103,33.40735987,1214,2625737,2012/05/01 23:08:00+00,2012,Broadway Rd,Farmer Ave,99.792,Not Junction Related,1,0,Accident,Rear End,Daylight,Clear,Dry,Driver,29,Male,East,Changing Lanes,Exceeded Lawful Speed,No Apparent Influence,No Apparent Influence,Driver,59,Male,East,Going Straight Ahead,No Improper Action,No Apparent Influence,No Apparent Influence,33.40735987,-111.9436103
-111.888495,33.40751872,1224,2631141,2012/05/02 15:35:00+00,2012,Broadway Rd,Cottonwood Dr,266.112,Not Junction Related,1,0,Accident,ANGLE (Front To Side)(Other Than Left Turn),Daylight,Clear,Dry,Pedalcyclist,25,Male,East,Going Straight Ahead,Other,No Apparent Influence,No Apparent Influence,Driver,41,Male,South,Other,No Improper Action,No Apparent Influence,No Apparent Influence,33.40751872,-111.888495
-111.9087038,33.40749681,1313,2630038,2012/04/07 06:29:00+00,2012,Broadway Rd,Mcclintock Dr,125.136,Intersection Related Non Interchange,1,0,Accident,Single Vehicle,Dark Lighted,Clear,Dry,Driver,24,Male,East,Going Straight Ahead,No Improper Action,No Apparent Influence,No Apparent Influence,0,0,0,0,0,0,0,0,33.40749681,-111.9087038
-111.9336934,33.40744756,1467,2630932,2012/04/16 15:08:00+00,2012,Broadway Rd,College Ave,366.96,Not Junction Related,1,0,Accident,Rear End,Daylight,Clear,Dry,Driver,40,Female,West,Slowing In Trafficway,Speed To Fast For Conditions,No Apparent Influence,No Apparent Influence,Driver,42,Female,West,Stopped In Trafficway,No Improper Action,No Apparent Influence,No Apparent Influence,33.40744756,-111.9336934
-111.9697133,33.40927911,1477,2629988,2012/04/17 03:32:00+00,2012,Broadway Rd,52nd St,-60.192,Intersection Related Interchange,1,0,Accident,ANGLE (Front To Side)(Other Than Left Turn),Dark Lighted,Clear,Unknown,Driver,48,Female,West,Making Right Turn,Failed To Yield Right Of Way,No Apparent Influence,No Apparent Influence,Driver,25,Male,West,Going Straight Ahead,No Improper Action,No Apparent Influence,No Apparent Influence,33.40927911,-111.9697133
-111.923404,33.40750084,1549,2648400,2012/04/11 00:52:00+00,2012,Broadway Rd,Terrace Rd,-244.992,Intersection Related Non Interchange,2,0,Accident,Sideswipe Same Direction,Daylight,Clear,Dry,Driver,17,Male,East,Changing Lanes,Unsafe Lane Change,No Apparent Influence,No Apparent Influence,Driver,41,Female,East,Going Straight Ahead,No Improper Action,No Apparent Influence,No Apparent Influence,33.40750084,-111.923404
-111.8978666,33.40749249,1552,2631019,2012/04/11 05:33:00+00,2012,Broadway Rd,River Dr,-40.128,Intersection Related Non Interchange,2,0,Accident,Rear End,Dark Lighted,Clear,Dry,Driver,21,Male,East,Slowing In Trafficway,Inattention Distraction,No Apparent Influence,No Apparent Influence,Driver,23,Male,East,Stopped In Trafficway,No Improper Action,No Apparent Influence,No Apparent Influence,33.40749249,-111.8978666
-111.904466,33.407497,1569,2622436,2012/04/23 02:57:00+00,2012,Broadway Rd,Kachina Dr,702.24,Not Junction Related,1,0,Accident,Sideswipe Opposite Direction,Dark Lighted,Clear,Dry,Pedalcyclist,25,Male,South,Other,Inattention Distraction,Alcohol,No Apparent Influence,Driver,111,Male,West,Going Straight Ahead,No Improper Action,No Apparent Influence,No Apparent Influence,33.407497,-111.904466
-111.9218536,33.40750903,1581,2619289,2012/04/24 18:40:00+00,2012,Broadway Rd,Terrace Rd,229.152,Driveway,1,0,Accident,ANGLE (Front To Side)(Other Than Left Turn),Daylight,Clear,Dry,Pedalcyclist,23,Female,East,Going Straight Ahead,Drove Rode In Opposing Traffic Lane,No Apparent Influence,No Apparent Influence,Driver,65,Male,South,Making Right Turn,No Improper Action,No Apparent Influence,No Apparent Influence,33.40750903,-111.9218536
-111.8984892,33.4074923,1692,2627614,2012/05/18 01:01:00+00,2012,Broadway Rd,River Dr,-230.208,Driveway,1,0,Accident,ANGLE (Front To Side)(Other Than Left Turn),Daylight,Clear,Dry,Pedalcyclist,24,Male,East,Going Straight Ahead,Drove Rode In Opposing Traffic Lane,No Apparent Influence,No Apparent Influence,Driver,30,Male,South,Going Straight Ahead,No Improper Action,No Apparent Influence,No Apparent Influence,33.4074923,-111.8984892
-111.9338976,33.40744555,1765,2648180,2012/06/09 10:18:00+00,2012,Broadway Rd,College Ave,305.184,Not Junction Related,2,0,Accident,Single Vehicle,Dark Lighted,Clear,Dry,Driver,21,Female,West,Going Straight Ahead,Failed To Keep In Proper Lane,Alcohol,No Apparent Influence,0,0,0,0,0,0,0,0,33.40744555,-111.9338976
-111.8922167,33.40749693,1789,2624037,2012/06/13 05:36:00+00,2012,Broadway Rd,Price Rd,-68.112,Intersection Related Interchange,2,0,Accident,Rear End,Dark Lighted,Clear,Dry,Driver,111,0,East,Going Straight Ahead,Speed To Fast For Conditions,No Apparent Influence,No Apparent Influence,Driver,56,Female,East,Stopped In Trafficway,No Improper Action,No Apparent Influence,No Apparent Influence,33.40749693,-111.8922167
-111.9736993,33.40840415,1877,2625844,2012/06/17 02:58:00+00,2012,Broadway Rd,Interstate 10 Exit 153 P-Ramp,42.24,Intersection Related Non Interchange,1,0,Accident,Left Turn,Dark Lighted,Clear,Dry,Driver,22,Male,Southwest,Making Left Turn,Made Improper Turn,No Apparent Influence,No Apparent Influence,Driver,29,Female,East,Going Straight Ahead,No Improper Action,No Apparent Influence,No Apparent Influence,33.40840415,-111.9736993
-111.9336246,33.40744814,1880,2640150,2012/06/17 10:31:00+00,2012,Broadway Rd,College Ave,388.08,Not Junction Related,1,0,Accident,ANGLE (Front To Side)(Other Than Left Turn),Dark Lighted,Clear,Dry,Pedestrian,26,Male,South,Crossing Road,Did Not Use Crosswalk,Alcohol,No Apparent Influence,Driver,28,Male,West,Going Straight Ahead,No Improper Action,No Apparent Influence,No Apparent Influence,33.40744814,-111.9336246
-111.9219814,33.40750924,1908,2648220,2012/06/19 17:38:00+00,2012,Broadway Rd,Terrace Rd,190.08,Intersection Related Non Interchange,2,0,Accident,Rear End,Daylight,Clear,Dry,Driver,31,Female,West,Going Straight Ahead,Followed Too Closely,No Apparent Influence,No Apparent Influence,Driver,53,Female,West,Stopped In Trafficway,No Improper Action,No Apparent Influence,No Apparent Influence,33.40750924,-111.9219814
-111.945801,33.40736658,2013,2648186,2012/06/19 22:05:00+00,2012,Broadway Rd,Roosevelt St,623.04,Not Junction Related,2,0,Accident,Rear End,Daylight,Clear,Dry,Driver,21,Male,East,Going Straight Ahead,Inattention Distraction,No Apparent Influence,No Apparent Influence,Driver,36,Female,East,Slowing In Trafficway,No Improper Action,No Apparent Influence,No Apparent Influence,33.40736658,-111.945801
-111.9269494,33.4074898,2067,2648188,2012/06/19 22:16:00+00,2012,Broadway Rd,Rural Rd,-206.976,Not Junction Related,1,0,Accident,Single Vehicle,Daylight,Clear,Dry,Driver,20,Male,West,Going Straight Ahead,Inattention Distraction,No Apparent Influence,No Apparent Influence,0,0,0,0,0,0,0,0,33.4074898,-111.9269494
-111.9223975,33.40750991,2397,2640096,2012/07/07 17:19:00+00,2012,Broadway Rd,Terrace Rd,62.832,Intersection Related Non Interchange,1,0,Accident,Rear End,Daylight,Clear,Dry,Driver,18,Male,West,Going Straight Ahead,Speed To Fast For Conditions,No Apparent Influence,No Apparent Influence,Driver,26,Male,West,Stopped In Trafficway,No Improper Action,No Apparent Influence,No Apparent Influence,33.40750991,-111.9223975
-111.9583566,33.40741002,2424,2664535,2012/08/22 15:53:00+00,2012,Broadway Rd,Cutler Dr,0,Intersection Non Interchange,2,0,Accident,ANGLE (Front To Side)(Other Than Left Turn),Daylight,Clear,Dry,Driver,33,Female,North,Other,Unknown,No Apparent Influence,No Apparent Influence,Driver,87,Male,East,Going Straight Ahead,No Improper Action,No Apparent Influence,No Apparent Influence,33.40741002,-111.9583566
-111.9772145,33.40734155,2579,2662623,2012/08/13 14:03:00+00,2012,Broadway Rd,48th St,325.248,Not Junction Related,1,0,Accident,Rear End,Daylight,Clear,Dry,Driver,39,Male,East,Going Straight Ahead,Speed To Fast For Conditions,No Apparent Influence,No Apparent Influence,Driver,32,Female,East,Slowing In Trafficway,No Improper Action,No Apparent Influence,No Apparent Influence,33.40734155,-111.9772145
-111.9384161,33.4074163,2591,2662628,2012/08/13 23:47:00+00,2012,Broadway Rd,Encanto Dr,-39.072,Not Junction Related,1,0,Accident,Rear End,Daylight,Clear,Dry,Driver,34,Male,West,Slowing In Trafficway,Inattention Distraction,No Apparent Influence,No Apparent Influence,Driver,21,Male,West,Stopped In Trafficway,No Improper Action,No Apparent Influence,No Apparent Influence,33.4074163,-111.9384161
-111.9258135,33.40750893,2642,2656445,2012/08/16 22:21:00+00,2012,Broadway Rd,Rural Rd,139.92,Intersection Related Non Interchange,1,0,Accident,Rear End,Daylight,Clear,Dry,Driver,55,Female,West,Going Straight Ahead,Speed To Fast For Conditions,No Apparent Influence,No Apparent Influence,Driver,48,Male,West,Stopped In Trafficway,No Improper Action,No Apparent Influence,No Apparent Influence,33.40750893,-111.9258135
-111.9084449,33.40749673,2653,2657055,2012/08/27 17:42:00+00,2012,Broadway Rd,Mcclintock Dr,203.808,Not Junction Related,1,0,Accident,ANGLE (Front To Side)(Other Than Left Turn),Daylight,Clear,Dry,Driver,20,Female,West,Making Right Turn,Failed To Yield Right Of Way,No Apparent Influence,No Apparent Influence,Pedalcyclist,20,Male,West,Going Straight Ahead,No Improper Action,No Apparent Influence,No Apparent Influence,33.40749673,-111.9084449
-111.917309,33.40750205,2969,2674763,2012/10/06 01:21:00+00,2012,Broadway Rd,Dorsey Ln,115.104,Intersection Related Non Interchange,1,0,Accident,Rear End,Dark Lighted,Clear,Dry,Driver,23,Male,East,Going Straight Ahead,Speed To Fast For Conditions,Alcohol,No Apparent Influence,Driver,20,Male,East,Stopped In Trafficway,No Improper Action,No Apparent Influence,No Apparent Influence,33.40750205,-111.917309
-111.9179152,33.4075026,2989,2675517,2012/09/30 04:18:00+00,2012,Broadway Rd,Dorsey Ln,-70.224,Thru Roadway,3,0,Accident,Rear End,Dark Lighted,Clear,Dry,Driver,61,Female,East,Going Straight Ahead,Speed To Fast For Conditions,No Apparent Influence,No Apparent Influence,Driver,80,Male,East,Stopped In Trafficway,No Improper Action,No Apparent Influence,No Apparent Influence,33.4075026,-111.9179152
-111.8891961,33.40750382,3106,2673951,2012/09/21 04:42:00+00,2012,Broadway Rd,Cottonwood Dr,51.744,Not Junction Related,1,0,Accident,Single Vehicle,Dark Lighted,Clear,Dry,Driver,50,Male,East,Changing Lanes,Inattention Distraction,No Apparent Influence,No Apparent Influence,0,0,0,0,0,0,0,0,33.40750382,-111.8891961
-111.9265497,33.40748828,3153,2673741,2012/09/14 02:20:00+00,2012,Broadway Rd,Rural Rd,-85.008,Intersection Related Non Interchange,1,0,Accident,Rear End,Dark Lighted,Clear,Dry,Driver,23,Female,East,Going Straight Ahead,Inattention Distraction,No Apparent Influence,No Apparent Influence,Driver,30,Female,East,Stopped In Trafficway,No Improper Action,No Apparent Influence,No Apparent Influence,33.40748828,-111.9265497
-111.9224794,33.40751004,3208,2669965,2012/10/19 01:03:00+00,2012,Broadway Rd,Terrace Rd,38.016,Intersection Related Interchange,1,0,Accident,Rear End,Daylight,Clear,Dry,Driver,20,Female,West,Going Straight Ahead,Speed To Fast For Conditions,No Apparent Influence,No Apparent Influence,Driver,23,Male,West,Stopped In Trafficway,No Improper Action,No Apparent Influence,No Apparent Influence,33.40751004,-111.9224794
-111.911276,33.40749697,3248,2674882,2012/10/22 23:19:00+00,2012,Broadway Rd,Mcclintock Dr,-660,Not Junction Related,2,0,Accident,ANGLE (Front To Side)(Other Than Left Turn),Daylight,Clear,Dry,Driver,23,Male,South,Making Left Turn,Failed To Yield Right Of Way,No Apparent Influence,No Apparent Influence,Driver,23,Male,West,Going Straight Ahead,No Improper Action,No Apparent Influence,No Apparent Influence,33.40749697,-111.911276
-111.9402741,33.40739019,3300,2673787,2012/10/18 01:55:00+00,2012,Broadway Rd,Mill Ave,-139.92,Intersection Related Non Interchange,1,0,Accident,Rear End,Dark Lighted,Clear,Dry,Driver,39,Male,East,Going Straight Ahead,Speed To Fast For Conditions,No Apparent Influence,No Apparent Influence,Driver,59,Female,East,Slowing In Trafficway,No Improper Action,No Apparent Influence,No Apparent Influence,33.40739019,-111.9402741
-111.9276384,33.40749244,3328,2674052,2012/10/26 23:16:00+00,2012,Broadway Rd,Granada Ave,96.096,Not Junction Related,1,0,Accident,Single Vehicle,Daylight,Clear,Dry,Driver,27,Male,East,Going Straight Ahead,No Improper Action,No Apparent Influence,No Apparent Influence,0,0,0,0,0,0,0,0,33.40749244,-111.9276384
-111.9385274,33.40741576,3341,2674041,2012/10/25 14:55:00+00,2012,Broadway Rd,Encanto Dr,-72.864,Not Junction Related,1,0,Accident,Left Turn,Daylight,Clear,Dry,Driver,26,Female,North,Making Left Turn,Failed To Yield Right Of Way,No Apparent Influence,No Apparent Influence,Driver,35,Female,West,Going Straight Ahead,No Improper Action,No Apparent Influence,No Apparent Influence,33.40741576,-111.9385274
-111.9309169,33.40747136,3445,2675642,2012/11/01 00:01:00+00,2012,Broadway Rd,Sierra Vista Dr,60.192,Not Junction Related,1,0,Accident,Rear End,Daylight,Clear,Dry,Driver,23,Male,East,Going Straight Ahead,Inattention Distraction,No Apparent Influence,No Apparent Influence,Driver,24,Female,East,Stopped In Trafficway,No Improper Action,No Apparent Influence,No Apparent Influence,33.40747136,-111.9309169
-111.9703983,33.40934896,3458,2678209,2012/11/05 19:26:00+00,2012,Broadway Rd,Interstate 10 Exit 153 J2-Ramp,134.112,Not Junction Related,2,0,Accident,Rear End,Daylight,Clear,Dry,Driver,62,Male,West,Going Straight Ahead,Inattention Distraction,No Apparent Influence,No Apparent Influence,Driver,35,Female,West,Stopped In Trafficway,No Improper Action,No Apparent Influence,No Apparent Influence,33.40934896,-111.9703983
-111.9517997,33.40738803,3625,2678034,2012/12/05 23:23:00+00,2012,Broadway Rd,Hardy Dr,108.24,Intersection Related Non Interchange,1,0,Accident,ANGLE (Front To Side)(Other Than Left Turn),Daylight,Clear,Dry,Pedestrian,11,Male,South,Crossing Road,Did Not Use Crosswalk,No Apparent Influence,No Apparent Influence,Driver,37,Male,East,Going Straight Ahead,No Improper Action,No Apparent Influence,No Apparent Influence,33.40738803,-111.9517997
-111.9530245,33.40739419,3628,2674833,2012/12/06 00:12:00+00,2012,Broadway Rd,Hardy Dr,-266.112,Not Junction Related,1,0,Accident,Left Turn,Daylight,Clear,Dry,Driver,30,Male,Southeast,Making Left Turn,Failed To Yield Right Of Way,No Apparent Influence,No Apparent Influence,Driver,30,Male,West,Going Straight Ahead,No Improper Action,No Apparent Influence,No Apparent Influence,33.40739419,-111.9530245
-111.9243883,33.40750633,3659,2675705,2012/11/27 15:41:00+00,2012,Broadway Rd,Rural Rd,574.992,Driveway,1,0,Accident,Sideswipe Same Direction,Daylight,Clear,Dry,Driver,43,Female,North,Making Right Turn,Inattention Distraction,No Apparent Influence,No Apparent Influence,Pedalcyclist,19,Female,West,Going Straight Ahead,No Improper Action,No Apparent Influence,No Apparent Influence,33.40750633,-111.9243883
-111.9222665,33.4075097,3710,2675605,2012/11/26 17:50:00+00,2012,Broadway Rd,Terrace Rd,102.96,Not Junction Related,1,0,Accident,Rear End,Daylight,Clear,Dry,Driver,57,Male,East,Going Straight Ahead,Speed To Fast For Conditions,No Apparent Influence,No Apparent Influence,Driver,66,Male,East,Slowing In Trafficway,No Improper Action,No Apparent Influence,No Apparent Influence,33.4075097,-111.9222665
-111.9499904,33.40737957,3821,2677918,2012/11/20 23:07:00+00,2012,Broadway Rd,Mckemy St,0,Intersection Non Interchange,1,0,Accident,Left Turn,Daylight,Clear,Dry,Driver,22,Female,Southeast,Making Left Turn,Inattention Distraction,No Apparent Influence,No Apparent Influence,Driver,49,Male,West,Going Straight Ahead,No Improper Action,No Apparent Influence,No Apparent Influence,33.40737957,-111.9499904
-111.9101848,33.40749673,3876,2669953,2012/11/15 00:54:00+00,2012,Broadway Rd,Mcclintock Dr,-326.832,Not Junction Related,1,0,Accident,ANGLE (Front To Side)(Other Than Left Turn),Dark Lighted,Clear,Dry,Driver,42,Male,East,Making Right Turn,Failed To Yield Right Of Way,No Apparent Influence,No Apparent Influence,Pedalcyclist,26,Male,East,Going Straight Ahead,No Improper Action,No Apparent Influence,No Apparent Influence,33.40749673,-111.9101848