X,Y,OBJECTID,Incidentid,DateTime,Year,StreetName,CrossStreet,Distance,JunctionRelation,Totalinjuries,TotalAccidentities,EventSeverity,Collisionmanner,Lightcondition,Weather,SurfaceCondition,Unittype_One,Age_Drv1,Gender_Drv1,Traveldirection_One,Unitaction_One,Violation1_Drv1,AlcoholUse_Drv1,DrugUse_Drv1,Unittype_Two,Age_Drv2,Gender_Drv2,Traveldirection_Two,Unitaction_Two,Violation1_Drv2,AlcoholUse_Drv2,DrugUse_Drv2,Latitude,Longitude
-111.9162735,33.40750159,3877,2670109,2012/11/15 01:00:00+00,2012,Broadway Rd,Dorsey Ln,430.848,Not Junction Related,1,0,Accident,ANGLE (Front To Side)(Other Than Left Turn),Dark Not Lighted,Clear,Dry,Pedalcyclist,22,Female,East,Going Straight Ahead,Other,No Apparent Influence,No Apparent Influence,Driver,38,Male,Southwest,Making Right Turn,No Improper Action,No Apparent Influence,No Apparent Influence,33.40750159,-111.9162735
-111.9478407,33.40737463,3967,2678105,2012/11/11 14:06:00+00,2012,Broadway Rd,Roosevelt St,0,Intersection Interchange,1,0,Accident,Rear End,Daylight,Clear,Dry,Driver,24,Female,West,Going Straight Ahead,Speed To Fast For Conditions,No Apparent Influence,No Apparent Influence,Driver,58,Male,West,Making Right Turn,No Improper Action,No Apparent Influence,No Apparent Influence,33.40737463,-111.9478407
-111.9066384,33.40749622,3972,2680070,2012/11/12 02:46:00+00,2012,Broadway Rd,Kachina Dr,20.064,Intersection Related Non Interchange,1,0,Accident,Rear End,Dark Lighted,Clear,Dry,Driver,21,Male,East,Going Straight Ahead,Inattention Distraction,No Apparent Influence,No Apparent Influence,Driver,18,Female,East,Slowing In Trafficway,No Improper Action,No Apparent Influence,No Apparent Influence,33.40749622,-111.9066384
-111.9175548,33.40750216,4040,2680157,2012/12/18 16:06:00+00,2012,Broadway Rd,Dorsey Ln,40.128,Intersection Related Non Interchange,1,0,Accident,Left Turn,Daylight,Clear,Dry,Driver,39,Female,East,Making Left Turn,Failed To Yield Right Of Way,No Apparent Influence,No Apparent Influence,Pedalcyclist,22,Male,North,Crossing Road,No Improper Action,No Apparent Influence,No Apparent Influence,33.40750216,-111.9175548
-111.9581374,33.40741176,4065,2680180,2012/12/19 14:46:00+00,2012,Broadway Rd,Cutler Dr,68.112,Intersection Related Non Interchange,1,0,Accident,Rear End,Daylight,Clear,Dry,Driver,22,Male,West,Going Straight Ahead,Inattention Distraction,No Apparent Influence,No Apparent Influence,Driver,59,Male,West,Stopped In Trafficway,No Improper Action,No Apparent Influence,No Apparent Influence,33.40741176,-111.9581374
-111.9523563,33.40739095,4181,2680077,2012/12/19 22:02:00+00,2012,Broadway Rd,Hardy Dr,-61.776,Intersection Related Non Interchange,1,0,Accident,Rear End,Daylight,Clear,Dry,Driver,68,Male,East,Going Straight Ahead,Speed To Fast For Conditions,No Apparent Influence,No Apparent Influence,Driver,43,Male,East,Stopped In Trafficway,No Improper Action,No Apparent Influence,No Apparent Influence,33.40739095,-111.9523563
-111.91764,33.4075022,4223,2674783,2012/12/11 16:04:00+00,2012,Broadway Rd,Dorsey Ln,14.256,Intersection Related Non Interchange,1,0,Accident,Left Turn,Daylight,Clear,Dry,Driver,31,Male,Southeast,Making Left Turn,Failed To Yield Right Of Way,No Apparent Influence,No Apparent Influence,Pedalcyclist,32,Male,North,Going Straight Ahead,No Improper Action,No Apparent Influence,No Apparent Influence,33.4075022,-111.91764
-111.9097686,33.40749664,4254,2682416,2013/01/09 13:53:00+00,2013,Broadway Rd,Mcclintock Dr,-200.112,Not Junction Related,1,0,Accident,Rear End,Dawn,Clear,Dry,Driver,31,Male,West,Going Straight Ahead,Inattention Distraction,No Apparent Influence,No Apparent Influence,Driver,34,Male,West,Going Straight Ahead,No Improper Action,No Apparent Influence,No Apparent Influence,33.40749664,-111.9097686
-111.912603,33.40749937,4309,2679996,2012/12/22 15:30:00+00,2012,Broadway Rd,Mcclintock Dr,-1064.976,Not Junction Related,2,0,Accident,Rear End,Daylight,Clear,Dry,Driver,111,Unknown,West,Going Straight Ahead,Unknown,No Apparent Influence,No Apparent Influence,Driver,44,Male,West,Stopped In Trafficway,No Improper Action,No Apparent Influence,No Apparent Influence,33.40749937,-111.912603
-111.9397181,33.40739994,4321,2680199,2012/12/28 21:33:00+00,2012,Broadway Rd,Mill Ave,30.096,Intersection Related Non Interchange,1,0,Accident,Rear End,Daylight,Clear,Dry,Driver,60,Female,West,Going Straight Ahead,Unknown,No Apparent Influence,No Apparent Influence,Driver,47,Female,West,Going Straight Ahead,Unknown,No Apparent Influence,No Apparent Influence,33.40739994,-111.9397181
-111.9575711,33.40741753,4386,2678359,2012/12/14 14:56:00+00,2012,Broadway Rd,Cutler Dr,240.768,Driveway,1,0,Accident,Rear End,Daylight,Clear,Wet,Driver,32,Male,West,Going Straight Ahead,Followed Too Closely,No Apparent Influence,No Apparent Influence,Driver,43,Male,West,Making Right Turn,No Improper Action,No Apparent Influence,No Apparent Influence,33.40741753,-111.9575711
-111.9159557,33.40750144,4418,2687280,2013/01/24 19:06:00+00,2013,Broadway Rd,Dorsey Ln,528,Driveway,3,0,Accident,Single Vehicle,Daylight,Cloudy,Wet,Driver,17,Female,Northwest,Making Right Turn,Speed To Fast For Conditions,No Apparent Influence,No Apparent Influence,0,0,0,0,0,0,0,0,33.40750144,-111.9159557
-111.9350243,33.40743122,4426,2691352,2013/01/31 01:17:00+00,2013,Broadway Rd,College Ave,-40.128,Intersection Related Non Interchange,1,0,Accident,Rear End,Dark Lighted,Clear,Dry,Driver,24,Male,East,Going Straight Ahead,Speed To Fast For Conditions,No Apparent Influence,No Apparent Influence,Driver,33,Female,East,Stopped In Trafficway,No Improper Action,No Apparent Influence,No Apparent Influence,33.40743122,-111.9350243
-111.8946314,33.40749172,4432,2689050,2013/01/25 14:41:00+00,2013,Broadway Rd,Price Rd,-805.2,Driveway,1,0,Accident,ANGLE (Front To Side)(Other Than Left Turn),Daylight,Cloudy,Dry,Pedalcyclist,13,Female,North,Going Straight Ahead,Drove Rode In Opposing Traffic Lane,No Apparent Influence,No Apparent Influence,Driver,54,Male,West,Making Right Turn,No Improper Action,No Apparent Influence,No Apparent Influence,33.40749172,-111.8946314
-111.9608668,33.40741765,4495,2691311,2013/02/01 20:57:00+00,2013,Broadway Rd,Priest Dr,-30.096,Not Junction Related,1,0,Accident,ANGLE (Front To Side)(Other Than Left Turn),Daylight,Clear,Dry,Driver,33,Male,Northeast,Making Right Turn,Unsafe Lane Change,No Apparent Influence,No Apparent Influence,Driver,55,Male,East,Going Straight Ahead,No Improper Action,No Apparent Influence,No Apparent Influence,33.40741765,-111.9608668
-111.9165324,33.4075017,6,2592289,2012/01/10 18:45:00+00,2012,Broadway Rd,Dorsey Ln,352.176,Not Junction Related,0,0,No Accident,ANGLE (Front To Side)(Other Than Left Turn),Daylight,Clear,Dry,Driver,43,Male,Northwest,Making Right Turn,Inattention Distraction,No Apparent Influence,No Apparent Influence,Driver,61,Female,South,Stopped In Trafficway,No Improper Action,No Apparent Influence,No Apparent Influence,33.4075017,-111.9165324
-111.9091132,33.4074965,39,2593683,2012/01/04 05:50:00+00,2012,Broadway Rd,Mcclintock Dr,0,Intersection Non Interchange,0,0,No Accident,Unknown,Dark Lighted,Clear,Dry,Driver,255,0,Unknown,Going Straight Ahead,Disregarded Traffic Signal,No Apparent Influence,No Apparent Influence,Driver,24,Female,Unknown,Stopped In Trafficway,No Improper Action,No Apparent Influence,No Apparent Influence,33.4074965,-111.9091132
-111.9251908,33.40750897,54,2596066,2012/01/05 03:00:00+00,2012,Broadway Rd,Rural Rd,330,Driveway,0,0,No Accident,ANGLE (Front To Side)(Other Than Left Turn),Dark Lighted,Clear,Dry,Pedalcyclist,21,Male,East,Going Straight Ahead,Other,No Apparent Influence,No Apparent Influence,Driver,24,Male,South,Other,No Improper Action,No Apparent Influence,No Apparent Influence,33.40750897,-111.9251908
-111.9695225,33.4092417,60,2598828,2012/01/05 21:32:00+00,2012,Broadway Rd,52nd St,0,Intersection Non Interchange,0,0,No Accident,ANGLE (Front To Side)(Other Than Left Turn),Daylight,Clear,Dry,Driver,40,Male,East,Going Straight Ahead,Disregarded Traffic Signal,No Apparent Influence,No Apparent Influence,Driver,29,Female,North,Going Straight Ahead,No Improper Action,No Apparent Influence,No Apparent Influence,33.4092417,-111.9695225
-111.9074752,33.40749332,61,2597962,2012/01/10 21:03:00+00,2012,Broadway Rd,Mcclintock Dr,500.016,Thru Roadway,0,0,No Accident,Sideswipe Same Direction,Daylight,Clear,Dry,Driver,78,Female,West,Changing Lanes,Unsafe Lane Change,No Apparent Influence,No Apparent Influence,Driver,29,Female,West,Going Straight Ahead,No Improper Action,No Apparent Influence,No Apparent Influence,33.40749332,-111.9074752
-111.9693149,33.40918305,116,2596022,2012/01/27 23:04:00+00,2012,Broadway Rd,52nd St,80.256,Intersection Related Non Interchange,0,0,No Accident,Rear End,Daylight,Clear,Dry,Driver,32,Male,East,Going Straight Ahead,Speed To Fast For Conditions,No Apparent Influence,No Apparent Influence,Driver,51,Female,East,Stopped In Trafficway,No Improper Action,No Apparent Influence,No Apparent Influence,33.40918305,-111.9693149
-111.9610765,33.40741811,136,2598405,2012/01/29 19:16:00+00,2012,Broadway Rd,Priest Dr,-93.984,Intersection Related Non Interchange,0,0,No Accident,Rear End,Daylight,Clear,Dry,Driver,49,Female,East,Going Straight Ahead,Inattention Distraction,No Apparent Influence,No Apparent Influence,Driver,23,Male,East,Going Straight Ahead,No Improper Action,No Apparent Influence,No Apparent Influence,33.40741811,-111.9610765
-111.9132324,33.40750218,171,2598198,2012/01/31 20:38:00+00,2012,Broadway Rd,Elm St,0,Intersection Non Interchange,0,0,No Accident,Left Turn,Daylight,Clear,Dry,Driver,21,Female,South,Stopped In Trafficway,Unknown,No Apparent Influence,No Apparent Influence,Driver,22,Male,East,Making Left Turn,No Improper Action,No Apparent Influence,No Apparent Influence,33.40750218,-111.9132324
-111.9692528,33.40916587,177,2597219,2012/02/01 01:47:00+00,2012,Broadway Rd,52nd St,99.792,Intersection Related Non Interchange,0,0,No Accident,Sideswipe Same Direction,Dawn,Clear,Dry,Driver,51,Female,West,Changing Lanes,Unsafe Lane Change,No Apparent Influence,No Apparent Influence,Driver,40,Male,West,Going Straight Ahead,No Improper Action,No Apparent Influence,No Apparent Influence,33.40916587,-111.9692528
-111.9377878,33.40741783,227,2592232,2012/01/19 23:15:00+00,2012,Broadway Rd,Encanto Dr,153.12,Not Junction Related,0,0,No Accident,Rear End,Daylight,Clear,Dry,Driver,21,Female,West,Going Straight Ahead,Speed To Fast For Conditions,No Apparent Influence,No Apparent Influence,Driver,50,Female,West,Stopped In Trafficway,No Improper Action,No Apparent Influence,No Apparent Influence,33.40741783,-111.9377878
-111.9609651,33.40741786,241,2598407,2012/01/20 20:59:00+00,2012,Broadway Rd,Priest Dr,-60.192,Intersection Related Non Interchange,0,0,No Accident,Sideswipe Same Direction,Daylight,Clear,Dry,Driver,44,Male,East,Unknown,Other Unsafe Passing,No Apparent Influence,No Apparent Influence,Driver,65,Female,East,Unknown,No Improper Action,No Apparent Influence,No Apparent Influence,33.40741786,-111.9609651
-111.9408802,33.40738899,364,2592256,2012/01/24 01:20:00+00,2012,Broadway Rd,Mill Ave,-325.248,Not Junction Related,0,0,No Accident,Rear End,Dusk,Clear,Dry,Driver,26,Male,East,Going Straight Ahead,Speed To Fast For Conditions,No Apparent Influence,Drugs,Driver,52,Female,East,Stopped In Trafficway,No Improper Action,No Apparent Influence,No Apparent Influence,33.40738899,-111.9408802
-111.9741138,33.40824923,367,2588202,2012/01/24 15:11:00+00,2012,Broadway Rd,Interstate 10 Exit 153 P-Ramp,-97.152,Intersection Related Non Interchange,0,0,No Accident,Other,Daylight,Clear,Dry,Driver,50,Male,West,Backing,Speed To Fast For Conditions,No Apparent Influence,No Apparent Influence,Driver,54,Male,East,Stopped In Trafficway,No Improper Action,No Apparent Influence,No Apparent Influence,33.40824923,-111.9741138
-111.9123901,33.40749812,389,2592542,2012/01/26 00:25:00+00,2012,Broadway Rd,Mcclintock Dr,-1000.032,Not Junction Related,0,0,No Accident,Rear End,Dusk,Clear,Dry,Driver,255,0,East,Going Straight Ahead,Speed To Fast For Conditions,No Apparent Influence,No Apparent Influence,Driver,29,Female,East,Slowing In Trafficway,No Improper Action,No Apparent Influence,No Apparent Influence,33.40749812,-111.9123901
-111.9220797,33.4075094,425,2608180,2012/02/19 22:01:00+00,2012,Broadway Rd,Terrace Rd,159.984,Not Junction Related,0,0,No Accident,ANGLE (Front To Side)(Other Than Left Turn),Daylight,Clear,Dry,Driver,20,Male,West,Making Right Turn,Unsafe Lane Change,No Apparent Influence,No Apparent Influence,Driver,70,Male,West,Going Straight Ahead,No Improper Action,No Apparent Influence,No Apparent Influence,33.4075094,-111.9220797
-111.9087857,33.40749682,469,2597306,2012/02/08 15:00:00+00,2012,Broadway Rd,Mcclintock Dr,99.792,Not Junction Related,0,0,No Accident,ANGLE (Front To Side)(Other Than Left Turn),Daylight,Clear,Dry,Driver,40,Male,South,Making Left Turn,Made Improper Turn,No Apparent Influence,No Apparent Influence,Driver,28,Male,West,Going Straight Ahead,No Improper Action,No Apparent Influence,No Apparent Influence,33.40749682,-111.9087857
-111.9086218,33.40749681,471,2595176,2012/02/26 01:12:00+00,2012,Broadway Rd,Mcclintock Dr,149.952,Unknown,0,0,No Accident,Sideswipe Opposite Direction,Dusk,Clear,Dry,Driver,37,Male,East,Making Right Turn,Made Improper Turn,No Apparent Influence,No Apparent Influence,Driver,22,Male,East,Stopped In Trafficway,No Improper Action,No Apparent Influence,No Apparent Influence,33.40749681,-111.9086218
-111.9720227,33.40902349,499,2591044,2012/02/04 09:40:00+00,2012,Broadway Rd,Interstate 10 Exit 153 C1-Ramp,0,Unknown,0,0,No Accident,Single Vehicle,Dark Lighted,Clear,Dry,Driver,255,0,South,Going Straight Ahead,Inattention Distraction,No Apparent Influence,No Apparent Influence,0,0,0,0,0,0,0,0,33.40902349,-111.9720227
-111.8904868,33.40746961,507,2588990,2012/02/06 01:53:00+00,2012,Broadway Rd,Price Rd,-50.16,Intersection Interchange,0,0,No Accident,Rear End,Dark Lighted,Clear,Dry,Driver,255,0,East,Going Straight Ahead,Disregarded Traffic Signal,No Apparent Influence,No Apparent Influence,Driver,36,Female,East,Stopped In Trafficway,No Improper Action,No Apparent Influence,No Apparent Influence,33.40746961,-111.8904868
-111.9238891,33.40750327,541,2594966,2012/03/01 15:40:00+00,2012,Broadway Rd,Jentilly Ln,-54.912,Intersection Related Non Interchange,0,0,No Accident,Rear End,Daylight,Clear,Dry,Driver,25,Male,West,Going Straight Ahead,Speed To Fast For Conditions,No Apparent Influence,No Apparent Influence,Driver,33,Male,West,Stopped In Trafficway,No Improper Action,No Apparent Influence,No Apparent Influence,33.40750327,-111.9238891
-111.9238463,33.40750194,589,2597170,2012/02/08 21:36:00+00,2012,Broadway Rd,Terrace Rd,-380.16,Intersection Related Non Interchange,0,0,No Accident,Sideswipe Same Direction,Daylight,Clear,Dry,Driver,48,Female,East,Going Straight Ahead,Unknown,No Apparent Influence,No Apparent Influence,Driver,19,Male,East,Going Straight Ahead,Unknown,No Apparent Influence,No Apparent Influence,33.40750194,-111.9238463
-111.9301089,33.40747951,604,2595559,2012/02/09 16:06:00+00,2012,Broadway Rd,Ventura Dr,0,Intersection Interchange,0,0,No Accident,ANGLE (Front To Side)(Other Than Left Turn),Daylight,Clear,Dry,Driver,85,Female,South,Stopped In Trafficway,Other,No Apparent Influence,No Apparent Influence,Driver,36,Male,West,Going Straight Ahead,No Improper Action,No Apparent Influence,No Apparent Influence,33.40747951,-111.9301089
-111.9213261,33.40750818,620,2595581,2012/02/10 15:18:00+00,2012,Broadway Rd,Terrace Rd,390.192,Intersection Related Non Interchange,0,0,No Accident,Rear End,Daylight,Clear,Dry,Driver,24,Male,West,Slowing In Trafficway,Speed To Fast For Conditions,No Apparent Influence,No Apparent Influence,Driver,40,Female,West,Stopped In Trafficway,No Improper Action,No Apparent Influence,No Apparent Influence,33.40750818,-111.9213261
-111.908458,33.40749678,638,2599584,2012/02/15 15:09:00+00,2012,Broadway Rd,Mcclintock Dr,200.112,Not Junction Related,0,0,No Accident,Head On,Daylight,Clear,Dry,Driver,31,Female,Southeast,Making Left Turn,Inattention Distraction,No Apparent Influence,No Apparent Influence,Driver,56,Male,Northwest,Making Left Turn,Inattention Distraction,No Apparent Influence,No Apparent Influence,33.40749678,-111.908458
-111.975928,33.40757548,672,2595157,2012/02/29 13:56:00+00,2012,Broadway Rd,48th St,728.112,Not Junction Related,0,0,No Accident,Rear End,Daylight,Clear,Dry,Driver,40,Male,West,Going Straight Ahead,Speed To Fast For Conditions,No Apparent Influence,No Apparent Influence,Driver,32,Female,West,Making Right Turn,No Improper Action,No Apparent Influence,No Apparent Influence,33.40757548,-111.975928
-111.934814,33.40743436,680,2599312,2012/02/29 23:59:00+00,2012,Broadway Rd,College Ave,24.816,Intersection Non Interchange,0,0,No Accident,Rear End,Daylight,Clear,Dry,Driver,255,0,West,Going Straight Ahead,Speed To Fast For Conditions,No Apparent Influence,No Apparent Influence,Driver,23,Male,West,Slowing In Trafficway,No Improper Action,No Apparent Influence,No Apparent Influence,33.40743436,-111.934814
-111.8913395,33.40746939,694,2606538,2012/02/12 06:19:00+00,2012,Broadway Rd,Price Rd,200.112,Intersection Related Non Interchange,0,0,No Accident,Head On,Dark Lighted,Clear,Dry,Driver,41,Male,West,Going Straight Ahead,Drove Rode In Opposing Traffic Lane,Alcohol,No Apparent Influence,Driver,39,Female,East,Stopped In Trafficway,No Improper Action,No Apparent Influence,No Apparent Influence,33.40746939,-111.8913395
-111.9275816,33.40749222,714,2595163,2012/02/14 00:01:00+00,2012,Broadway Rd,Rural Rd,-400.224,Not Junction Related,0,0,No Accident,Rear End,Daylight,Clear,Dry,Driver,34,Male,East,Going Straight Ahead,Speed To Fast For Conditions,No Apparent Influence,No Apparent Influence,Driver,42,Male,East,Stopped In Trafficway,No Improper Action,No Apparent Influence,No Apparent Influence,33.40749222,-111.9275816
-111.9597854,33.40741437,729,2599224,2012/02/15 23:20:00+00,2012,Broadway Rd,Priest Dr,299.904,Driveway,0,0,No Accident,Left Turn,Daylight,Clear,Dry,Driver,23,Female,South,Making Left Turn,Made Improper Turn,No Apparent Influence,No Apparent Influence,Driver,20,Female,West,Going Straight Ahead,No Improper Action,No Apparent Influence,No Apparent Influence,33.40741437,-111.9597854
-111.9400775,33.40739057,740,2603133,2012/02/16 21:43:00+00,2012,Broadway Rd,Mill Ave,-80.256,Not Junction Related,0,0,No Accident,Rear End,Daylight,Clear,Dry,Driver,20,Male,East,Going Straight Ahead,Speed To Fast For Conditions,No Apparent Influence,No Apparent Influence,Driver,64,Male,East,Slowing In Trafficway,No Improper Action,No Apparent Influence,No Apparent Influence,33.40739057,-111.9400775
-111.9394889,33.407411,757,2600032,2012/02/17 18:57:00+00,2012,Broadway Rd,Mill Ave,99.792,Intersection Related Non Interchange,0,0,No Accident,Sideswipe Same Direction,Daylight,Clear,Dry,Driver,59,Male,West,Changing Lanes,Unsafe Lane Change,No Apparent Influence,No Apparent Influence,Driver,19,Female,West,Going Straight Ahead,No Improper Action,No Apparent Influence,No Apparent Influence,33.407411,-111.9394889
-111.9245421,33.40750757,782,2591896,2012/02/24 14:50:00+00,2012,Broadway Rd,Rural Rd,528,Not Junction Related,0,0,No Accident,ANGLE (Front To Side)(Other Than Left Turn),Daylight,Clear,Dry,Driver,32,Female,Southwest,Making Right Turn,Failed To Yield Right Of Way,No Apparent Influence,No Apparent Influence,Driver,26,Male,West,Going Straight Ahead,No Improper Action,No Apparent Influence,No Apparent Influence,33.40750757,-111.9245421
-111.9224336,33.40750997,784,2595184,2012/02/24 18:38:00+00,2012,Broadway Rd,Terrace Rd,51.744,Intersection Related Non Interchange,0,0,No Accident,Rear End,Daylight,Clear,Dry,Driver,111,Unknown,West,Going Straight Ahead,Speed To Fast For Conditions,No Apparent Influence,No Apparent Influence,Driver,18,Male,West,Stopped In Trafficway,No Improper Action,No Apparent Influence,No Apparent Influence,33.40750997,-111.9224336
-111.9521533,33.40738996,785,2603232,2012/02/24 19:56:00+00,2012,Broadway Rd,Hardy Dr,0,Intersection Non Interchange,0,0,No Accident,Left Turn,Daylight,Clear,Dry,Driver,22,Female,West,Making Left Turn,Other,No Apparent Influence,No Apparent Influence,Driver,67,Female,East,Going Straight Ahead,No Improper Action,No Apparent Influence,No Apparent Influence,33.40738996,-111.9521533
-111.9235723,33.40750083,808,2630762,2012/03/17 16:28:00+00,2012,Broadway Rd,Jentilly Ln,42.24,Not Junction Related,0,0,No Accident,Rear End,Daylight,Cloudy,Dry,Driver,33,Female,West,Going Straight Ahead,No Improper Action,No Apparent Influence,No Apparent Influence,Driver,18,Male,West,Going Straight Ahead,No Improper Action,No Apparent Influence,No Apparent Influence,33.40750083,-111.9235723
-111.9515377,33.40738686,826,2630699,2012/03/19 14:46:00+00,2012,Broadway Rd,Hardy Dr,187.968,Not Junction Related,0,0,No Accident,ANGLE (Front To Side)(Other Than Left Turn),Daylight,Clear,Dry,Driver,30,Male,Southeast,Making Left Turn,Other,No Apparent Influence,No Apparent Influence,Driver,20,Female,West,Going Straight Ahead,No Improper Action,No Apparent Influence,No Apparent Influence,33.40738686,-111.9515377
-111.8896698,33.40748784,841,2622403,2012/03/21 01:33:00+00,2012,Broadway Rd,Price Rd,200.112,Not Junction Related,0,0,No Accident,Rear End,Dark Lighted,Clear,Dry,Driver,56,Male,West,Going Straight Ahead,Speed To Fast For Conditions,No Apparent Influence,No Apparent Influence,Driver,25,Male,West,Stopped In Trafficway,No Improper Action,No Apparent Influence,No Apparent Influence,33.40748784,-111.8896698
-111.9294369,33.40748257,876,2629039,2012/03/07 00:13:00+00,2012,Broadway Rd,La Rosa Dr,-133.056,Intersection Related Non Interchange,0,0,No Accident,Rear End,Daylight,Cloudy,Dry,Driver,80,Male,East,Going Straight Ahead,Inattention Distraction,No Apparent Influence,No Apparent Influence,Driver,46,Male,East,Stopped In Trafficway,No Improper Action,No Apparent Influence,No Apparent Influence,33.40748257,-111.9294369
-111.9041879,33.4074906,882,2630711,2012/03/07 14:43:00+00,2012,Broadway Rd,Los Feliz Dr,0,Intersection Non Interchange,0,0,No Accident,Left Turn,Daylight,Clear,Dry,Driver,50,Male,Northwest,Making Left Turn,Other,No Apparent Influence,No Apparent Influence,Driver,25,Female,East,Going Straight Ahead,No Improper Action,No Apparent Influence,No Apparent Influence,33.4074906,-111.9041879
-111.9209428,33.40750755,906,2630093,2012/03/08 20:38:00+00,2012,Broadway Rd,Terrace Rd,506.88,Driveway,0,0,No Accident,ANGLE (Front To Side)(Other Than Left Turn),Daylight,Clear,Dry,Driver,20,Male,South,Making Left Turn,Other,No Apparent Influence,No Apparent Influence,Driver,28,Male,West,Going Straight Ahead,No Improper Action,No Apparent Influence,No Apparent Influence,33.40750755,-111.9209428
-111.8920923,33.40749721,1029,2594933,2012/03/09 15:15:00+00,2012,Broadway Rd,Price Rd,-30.096,Intersection Related Interchange,0,0,No Accident,Sideswipe Same Direction,Daylight,Clear,Dry,Driver,29,Male,East,Slowing In Trafficway,Other,No Apparent Influence,No Apparent Influence,Driver,30,Male,East,Slowing In Trafficway,Other,No Apparent Influence,No Apparent Influence,33.40749721,-111.8920923
-111.9780324,33.40732204,1092,2624415,2012/03/15 00:09:00+00,2012,Broadway Rd,48th St,74.976,Intersection Related Non Interchange,0,0,No Accident,Sideswipe Same Direction,Daylight,Clear,Dry,Driver,63,Male,West,Going Straight Ahead,Inattention Distraction,No Apparent Influence,No Apparent Influence,Driver,80,Male,West,Stopped In Trafficway,No Improper Action,No Apparent Influence,No Apparent Influence,33.40732204,-111.9780324
-111.9781799,33.40732265,1163,2629035,2012/03/27 23:42:00+00,2012,Broadway Rd,48th St,30.096,Intersection Related Non Interchange,0,0,No Accident,Rear End,Daylight,Clear,Dry,Driver,29,Male,West,Slowing In Trafficway,No Improper Action,No Apparent Influence,No Apparent Influence,Driver,39,Male,West,Stopped In Trafficway,No Improper Action,No Apparent Influence,No Apparent Influence,33.40732265,-111.9781799
-111.8908077,33.40746814,1176,2622914,2012/03/28 15:50:00+00,2012,Broadway Rd,Price Rd,-147.84,Intersection Related Non Interchange,0,0,No Accident,Sideswipe Same Direction,Daylight,Clear,Dry,Driver,22,Male,East,Changing Lanes,Other,No Apparent Influence,No Apparent Influence,Driver,28,Male,East,Going Straight Ahead,No Improper Action,No Apparent Influence,No Apparent Influence,33.40746814,-111.8908077
-111.8891562,33.40750564,1189,2600023,2012/03/29 15:04:00+00,2012,Broadway Rd,Price Rd,356.928,Not Junction Related,0,0,No Accident,Rear End,Daylight,Clear,Dry,Driver,22,Male,West,Going Straight Ahead,Speed To Fast For Conditions,No Apparent Influence,No Apparent Influence,Driver,20,Female,West,Stopped In Trafficway,No Improper Action,No Apparent Influence,No Apparent Influence,33.40750564,-111.8891562
-111.9607685,33.40741743,1200,2611787,2012/03/30 03:41:00+00,2012,Broadway Rd,Priest Dr,0,Intersection Non Interchange,0,0,No Accident,ANGLE (Front To Side)(Other Than Left Turn),Dark Lighted,Clear,Dry,Driver,111,Unknown,South,Going Straight Ahead,Disregarded Traffic Signal,No Apparent Influence,No Apparent Influence,Driver,34,Female,West,Going Straight Ahead,No Improper Action,No Apparent Influence,No Apparent Influence,33.40741743,-111.9607685
-111.9251482,33.40750898,1236,2648828,2012/05/03 00:43:00+00,2012,Broadway Rd,Rural Rd,343.2,Not Junction Related,0,0,No Accident,Left Turn,Daylight,Unknown,Dry,Driver,42,Female,North,Making Left Turn,Other,No Apparent Influence,No Apparent Influence,Driver,35,Male,West,Going Straight Ahead,No Improper Action,No Apparent Influence,No Apparent Influence,33.40750898,-111.9251482
-111.9481814,33.40737547,1237,2631149,2012/05/03 00:56:00+00,2012,Broadway Rd,Roosevelt St,-104.016,Intersection Related Non Interchange,0,0,No Accident,Rear End,Daylight,Cloudy,Dry,Driver,38,Male,East,Changing Lanes,Speed To Fast For Conditions,No Apparent Influence,No Apparent Influence,Driver,34,Male,East,Stopped In Trafficway,No Improper Action,No Apparent Influence,No Apparent Influence,33.40737547,-111.9481814
-111.945991,33.40736736,1278,2630340,2012/05/09 23:58:00+00,2012,Broadway Rd,Roosevelt St,564.96,Not Junction Related,0,0,No Accident,Rear End,Daylight,Rain,Wet,Driver,25,Male,West,Going Straight Ahead,Speed To Fast For Conditions,No Apparent Influence,No Apparent Influence,Driver,20,Female,West,Stopped In Trafficway,No Improper Action,No Apparent Influence,No Apparent Influence,33.40736736,-111.945991
-111.9691632,33.40913829,1291,2629635,2012/05/10 23:36:00+00,2012,Broadway Rd,52nd St,128.832,Intersection Related Interchange,0,0,No Accident,Rear End,Daylight,Clear,Dry,Driver,52,Male,West,Going Straight Ahead,Inattention Distraction,No Apparent Influence,No Apparent Influence,Driver,60,Male,West,Stopped In Trafficway,No Improper Action,No Apparent Influence,No Apparent Influence,33.40913829,-111.9691632
-111.8904212,33.40746959,1293,2630242,2012/05/11 00:09:00+00,2012,Broadway Rd,Price Rd,-30.096,Intersection Related Non Interchange,0,0,No Accident,Rear End,Daylight,Clear,Dry,Driver,29,Female,East,Going Straight Ahead,Speed To Fast For Conditions,No Apparent Influence,No Apparent Influence,Driver,28,Male,East,Stopped In Trafficway,No Improper Action,No Apparent Influence,No Apparent Influence,33.40746959,-111.8904212