X,Y,OBJECTID,Incidentid,DateTime,Year,StreetName,CrossStreet,Distance,JunctionRelation,Totalinjuries,TotalAccidentities,EventSeverity,Collisionmanner,Lightcondition,Weather,SurfaceCondition,Unittype_One,Age_Drv1,Gender_Drv1,Traveldirection_One,Unitaction_One,Violation1_Drv1,AlcoholUse_Drv1,DrugUse_Drv1,Unittype_Two,Age_Drv2,Gender_Drv2,Traveldirection_Two,Unitaction_Two,Violation1_Drv2,AlcoholUse_Drv2,DrugUse_Drv2,Latitude,Longitude
-111.9010781,33.33455813,1067,2611010,2012/03/13 14:18:00+00,2012,Fairfield Dr,Warner Rd,-64.944,Not Junction Related,0,0,No Accident,Other,Daylight,Clear,Dry,Driver,19,Male,South,Backing,Other,No Apparent Influence,No Apparent Influence,Driver,64,Female,North,Stopped In Trafficway,No Improper Action,No Apparent Influence,No Apparent Influence,33.33455813,-111.9010781
-111.8988643,33.39366591,1115,2611041,2012/03/16 18:45:00+00,2012,Fairfield Dr,Southern Ave,249.744,Driveway,0,0,No Accident,Rear To Side,Daylight,Clear,Dry,Driver,111,Unknown,East,Backing,Inattention Distraction,No Apparent Influence,No Apparent Influence,Driverless,0,0,North,Properly Parked,0,0,0,33.39366591,-111.8988643
-111.9606221,33.39648967,1961,2627379,2012/05/22 19:09:00+00,2012,Fairmont Dr,Priest Dr,50.16,Intersection Related Non Interchange,1,0,Accident,ANGLE (Front To Side)(Other Than Left Turn),Daylight,Clear,Dry,Pedalcyclist,20,Female,South,Crossing Road,Drove Rode In Opposing Traffic Lane,No Apparent Influence,No Apparent Influence,Driver,66,Female,West,Making Right Turn,No Improper Action,No Apparent Influence,No Apparent Influence,33.39648967,-111.9606221
-111.9442364,33.41891053,3342,2674059,2012/10/25 17:26:00+00,2012,Farmer Ave,10th St,0,Intersection Non Interchange,1,0,Accident,ANGLE (Front To Side)(Other Than Left Turn),Daylight,Clear,Dry,Pedalcyclist,25,Female,Southeast,Making Right Turn,Failed To Yield Right Of Way,No Apparent Influence,No Apparent Influence,Driver,72,Male,South,Going Straight Ahead,No Improper Action,No Apparent Influence,No Apparent Influence,33.41891053,-111.9442364
-111.9442824,33.42561025,426,2597523,2012/02/20 01:00:00+00,2012,Farmer Ave,5th St,51.744,Not Junction Related,0,0,No Accident,Rear End,Dark Lighted,Clear,Dry,Driver,255,0,Unknown,Unknown,Unknown,No Apparent Influence,No Apparent Influence,Driverless,0,0,South,Properly Parked,0,0,0,33.42561025,-111.9442824
-111.9442751,33.42279436,1152,2640152,2012/04/06 22:49:00+00,2012,Farmer Ave,7th St,-136.224,Not Junction Related,0,0,No Accident,Other,Daylight,Clear,Dry,Driver,48,Male,South,Backing,Unknown,No Apparent Influence,No Apparent Influence,Driver,27,Male,North,Properly Parked,No Improper Action,No Apparent Influence,No Apparent Influence,33.42279436,-111.9442751
-111.9442829,33.42581084,1408,2625853,2012/05/06 04:44:00+00,2012,Farmer Ave,5th St,125.136,Intersection Related Non Interchange,0,0,No Accident,Rear End,Dark Not Lighted,Clear,Dry,Driver,19,Female,North,Going Straight Ahead,Unknown,No Apparent Influence,No Apparent Influence,Driver,23,Male,North,Stopped In Trafficway,No Improper Action,No Apparent Influence,No Apparent Influence,33.42581084,-111.9442829
-111.9366502,33.42320224,621,2599707,2012/02/10 16:36:00+00,2012,Forest Ave,7th St,0,Intersection Non Interchange,1,0,Accident,ANGLE (Front To Side)(Other Than Left Turn),Daylight,Clear,Dry,Driver,21,Male,Southwest,Making Right Turn,Other,No Apparent Influence,No Apparent Influence,Pedestrian,36,Male,West,Going Straight Ahead,No Improper Action,No Apparent Influence,No Apparent Influence,33.42320224,-111.9366502
-111.9366441,33.42212203,336,2592316,2012/01/17 22:36:00+00,2012,Forest Ave,University Dr,63.888,Intersection Related Non Interchange,0,0,No Accident,Rear End,Daylight,Clear,Dry,Driver,255,0,South,Going Straight Ahead,Inattention Distraction,No Apparent Influence,No Apparent Influence,Driver,21,Male,South,Stopped In Trafficway,No Improper Action,No Apparent Influence,No Apparent Influence,33.42212203,-111.9366441
-111.9342747,33.32923639,840,2622416,2012/03/20 23:38:00+00,2012,Forest Ave,Caroline Ln,12.144,Intersection Related Non Interchange,0,0,No Accident,Left Turn,Daylight,Clear,Dry,Driver,59,Female,North,Making Left Turn,Made Improper Turn,No Apparent Influence,No Apparent Influence,Driver,25,Male,South,Stopped In Trafficway,No Improper Action,No Apparent Influence,No Apparent Influence,33.32923639,-111.9342747
-111.9366456,33.41751855,1077,2657939,2012/04/04 00:35:00+00,2012,Forest Ave,Gammage Pkwy,0,Intersection Non Interchange,0,0,No Accident,Rear End,Daylight,Clear,Dry,Driver,27,Female,North,Backing,Unknown,No Apparent Influence,No Apparent Influence,Driver,52,Male,North,Stopped In Trafficway,No Improper Action,No Apparent Influence,No Apparent Influence,33.41751855,-111.9366456
-111.9366071,33.41642458,1249,2657943,2012/05/03 23:00:00+00,2012,Forest Ave,Gammage Pkwy,-400.224,Not Junction Related,0,0,No Accident,Single Vehicle,Daylight,Clear,Mud Dirt Gravel,Driver,33,Male,East,Going Straight Ahead,Inattention Distraction,No Apparent Influence,No Apparent Influence,0,0,0,0,0,0,0,0,33.41642458,-111.9366071
-111.9232218,33.44295989,1507,2630897,2012/04/30 00:27:00+00,2012,Frances St,Harry St,-51.216,Not Junction Related,0,0,No Accident,ANGLE (Front To Side)(Other Than Left Turn),Daylight,Clear,Dry,Driver,35,Female,South,Making Right Turn,Failed To Keep In Proper Lane,Alcohol,No Apparent Influence,Driverless,0,0,Unknown,Properly Parked,0,0,0,33.44295989,-111.9232218
-111.900604,33.38326294,1870,2629312,2012/06/16 16:58:00+00,2012,Fremont Dr,Country Club Way,0,Intersection Non Interchange,1,0,Accident,Left Turn,Daylight,Clear,Dry,Driver,41,Male,North,Making Left Turn,Inattention Distraction,No Apparent Influence,No Apparent Influence,Driver,26,Male,East,Slowing In Trafficway,No Improper Action,No Apparent Influence,No Apparent Influence,33.38326294,-111.900604
-111.9144373,33.38200223,3477,2674750,2012/10/11 19:53:00+00,2012,Fremont Dr,Poplar St,-62.832,Driveway,1,0,Accident,ANGLE (Front To Side)(Other Than Left Turn),Daylight,Cloudy,Dry,Driver,57,Female,West,Overtaking Passing,Inattention Distraction,No Apparent Influence,No Apparent Influence,Driver,33,Female,West,Entering Parking Position,No Improper Action,No Apparent Influence,No Apparent Influence,33.38200223,-111.9144373
-111.92645,33.39498687,2622,2663606,2012/08/24 23:21:00+00,2012,Geneva Dr,Rural Rd,-40.128,Intersection Related Non Interchange,1,0,Accident,Left Turn,Daylight,Clear,Dry,Pedalcyclist,19,Male,North,Crossing Road,Drove Rode In Opposing Traffic Lane,No Apparent Influence,No Apparent Influence,Driver,42,Female,North,Making Left Turn,No Improper Action,No Apparent Influence,No Apparent Influence,33.39498687,-111.92645
-111.9279515,33.40604238,1168,2610995,2012/03/28 03:50:00+00,2012,Granada Ave,Broadway Rd,-528,Not Junction Related,0,0,No Accident,Rear To Rear,Dark Lighted,Clear,Dry,Driver,111,Unknown,Unknown,Unknown,Speed To Fast For Conditions,No Apparent Influence,No Apparent Influence,Driverless,0,0,Unknown,Properly Parked,0,0,0,33.40604238,-111.9279515
-111.9593029,33.33172012,804,2613350,2012/03/17 02:40:00+00,2012,Greentree Dr,Beck Ave,-200.112,Not Junction Related,0,0,No Accident,Single Vehicle,Dark Lighted,Clear,Dry,Driver,17,Male,East,Negotiating A Curve,Speed To Fast For Conditions,No Apparent Influence,No Apparent Influence,0,0,0,0,0,0,0,0,33.33172012,-111.9593029
-111.9466622,33.35482071,57,2598810,2012/01/05 15:14:00+00,2012,Grove Pkwy,Kyrene Rd,-255.024,Intersection Related Non Interchange,3,0,Accident,Rear End,Daylight,Clear,Dry,Driver,21,Female,East,Going Straight Ahead,Inattention Distraction,No Apparent Influence,No Apparent Influence,Driver,85,Male,East,Stopped In Trafficway,No Improper Action,No Apparent Influence,No Apparent Influence,33.35482071,-111.9466622
-111.9611032,33.35224596,202,2589897,2012/02/02 12:33:00+00,2012,Grove Pkwy,Priest Dr,500.016,Not Junction Related,1,0,Accident,ANGLE (Front To Side)(Other Than Left Turn),Dark Lighted,Clear,Dry,Driver,20,Female,South,Making Left Turn,Made Improper Turn,No Apparent Influence,No Apparent Influence,Driver,68,Male,East,Going Straight Ahead,No Improper Action,No Apparent Influence,No Apparent Influence,33.35224596,-111.9611032
-111.9596899,33.35295616,707,2599989,2012/02/13 21:53:00+00,2012,Grove Pkwy,Priest Dr,1003.2,Not Junction Related,2,0,Accident,Left Turn,Daylight,Clear,Dry,Driver,21,Male,North,Making Left Turn,Other,No Apparent Influence,No Apparent Influence,Driver,40,Female,East,Going Straight Ahead,No Improper Action,No Apparent Influence,No Apparent Influence,33.35295616,-111.9596899
-111.9624498,33.35147277,1072,2629157,2012/04/03 19:40:00+00,2012,Grove Pkwy,Priest Dr,0,Intersection Non Interchange,1,0,Accident,ANGLE (Front To Side)(Other Than Left Turn),Daylight,Clear,Dry,Driver,59,Male,Southwest,Going Straight Ahead,Speed To Fast For Conditions,No Apparent Influence,No Apparent Influence,Driver,35,Male,Southeast,Stopped In Trafficway,No Improper Action,No Apparent Influence,No Apparent Influence,33.35147277,-111.9624498
-111.9578201,33.35390178,1733,2629622,2012/06/07 19:04:00+00,2012,Grove Pkwy,Parkside Dr,-893.904,Driveway,1,0,Accident,Head On,Daylight,Clear,Dry,Driver,31,Male,Northeast,Making Left Turn,Other,No Apparent Influence,No Apparent Influence,Driver,24,Male,West,Going Straight Ahead,No Improper Action,No Apparent Influence,No Apparent Influence,33.35390178,-111.9578201
-111.9533619,33.35479937,2669,2665123,2012/08/06 23:46:00+00,2012,Grove Pkwy,Hardy Dr,340.032,Not Junction Related,1,0,Accident,Sideswipe Same Direction,Daylight,Clear,Dry,Driver,21,Female,Southeast,Making Right Turn,Other,No Apparent Influence,No Apparent Influence,Pedalcyclist,27,Male,East,Going Straight Ahead,No Improper Action,No Apparent Influence,No Apparent Influence,33.35479937,-111.9533619
-111.9477825,33.35482004,3507,2679264,2012/11/01 19:03:00+00,2012,Grove Pkwy,Kyrene Rd,-597.168,Not Junction Related,2,0,Accident,Left Turn,Daylight,Clear,Dry,Driver,20,Male,East,Making Left Turn,Failed To Yield Right Of Way,No Apparent Influence,No Apparent Influence,Driver,41,Male,West,Going Straight Ahead,No Improper Action,No Apparent Influence,No Apparent Influence,33.35482004,-111.9477825
-111.9597967,33.35290216,4105,2684296,2013/01/14 23:10:00+00,2013,Grove Pkwy,Priest Dr,1502.16,Not Junction Related,1,0,Accident,ANGLE (Front To Side)(Other Than Left Turn),Daylight,Clear,Dry,Driver,52,Female,Southeast,Making Left Turn,Failed To Yield Right Of Way,No Apparent Influence,No Apparent Influence,Driver,24,Male,West,Going Straight Ahead,No Improper Action,No Apparent Influence,No Apparent Influence,33.35290216,-111.9597967
-111.9544736,33.35479281,285,2590535,2012/01/08 02:20:00+00,2012,Grove Pkwy,Hardy Dr,0,Intersection Non Interchange,0,0,No Accident,Left Turn,Dark Lighted,Clear,Dry,Driver,111,Unknown,Northwest,Making Left Turn,Made Improper Turn,No Apparent Influence,No Apparent Influence,Driver,19,Female,East,Going Straight Ahead,No Improper Action,No Apparent Influence,No Apparent Influence,33.35479281,-111.9544736
-111.8978005,33.36381923,185,2597057,2012/02/01 19:19:00+00,2012,Guadalupe Rd,River Dr,-64.944,Not Junction Related,1,0,Accident,Rear End,Daylight,Clear,Dry,Driver,24,Female,East,Going Straight Ahead,Speed To Fast For Conditions,No Apparent Influence,No Apparent Influence,Driver,66,Male,East,Stopped In Trafficway,No Improper Action,No Apparent Influence,No Apparent Influence,33.36381923,-111.8978005
-111.9199028,33.36375839,221,2592233,2012/01/19 17:58:00+00,2012,Guadalupe Rd,Lakeshore Dr,0,Intersection Non Interchange,2,0,Accident,Left Turn,Daylight,Clear,Dry,Driver,60,Female,Southwest,Making Left Turn,Other,No Apparent Influence,No Apparent Influence,Driver,42,Female,East,Going Straight Ahead,No Improper Action,No Apparent Influence,No Apparent Influence,33.36375839,-111.9199028
-111.8974993,33.36382061,348,2597070,2012/01/18 22:49:00+00,2012,Guadalupe Rd,River Dr,26.928,Intersection Related Non Interchange,1,0,Accident,Left Turn,Daylight,Clear,Dry,Driver,74,Male,Southeast,Making Left Turn,Other,No Apparent Influence,No Apparent Influence,Pedestrian,79,Female,North,Going Straight Ahead,No Improper Action,No Apparent Influence,No Apparent Influence,33.36382061,-111.8974993
-111.9290639,33.36374896,515,2595677,2012/02/07 14:42:00+00,2012,Guadalupe Rd,Rural Rd,-144.144,Intersection Related Non Interchange,2,0,Accident,Rear End,Daylight,Clear,Dry,Driver,25,Female,East,Going Straight Ahead,Speed To Fast For Conditions,No Apparent Influence,No Apparent Influence,Driver,30,Male,East,Stopped In Trafficway,No Improper Action,No Apparent Influence,No Apparent Influence,33.36374896,-111.9290639
-111.9437541,33.36367155,537,2630050,2012/03/01 03:18:00+00,2012,Guadalupe Rd,Kyrene Rd,649.968,Not Junction Related,1,0,Accident,Unknown,Dark Lighted,Clear,Dry,Driver,17,Female,South,Making Left Turn,Unknown,No Apparent Influence,No Apparent Influence,Driver,77,Female,West,Going Straight Ahead,No Improper Action,No Apparent Influence,No Apparent Influence,33.36367155,-111.9437541
-111.9044138,33.36379254,866,2601312,2012/03/06 17:46:00+00,2012,Guadalupe Rd,Kenwood Ln,149.952,Not Junction Related,2,0,Accident,Head On,Daylight,Clear,Dry,Driver,26,Female,East,Other,Drove Rode In Opposing Traffic Lane,No Apparent Influence,Drugs,Driver,63,Male,East,Going Straight Ahead,No Improper Action,No Apparent Influence,No Apparent Influence,33.36379254,-111.9044138
-111.9366333,33.36370461,1007,2611757,2012/03/24 18:06:00+00,2012,Guadalupe Rd,All America Way,0,Intersection Non Interchange,2,0,Accident,Left Turn,Daylight,Clear,Dry,Driver,20,Male,South,Making Left Turn,Failed To Yield Right Of Way,No Apparent Influence,No Apparent Influence,Driver,81,Female,West,Going Straight Ahead,No Improper Action,No Apparent Influence,No Apparent Influence,33.36370461,-111.9366333
-111.9451403,33.36366484,1220,2655680,2012/05/02 13:52:00+00,2012,Guadalupe Rd,Kyrene Rd,227.04,Driveway,1,0,Accident,ANGLE (Front To Side)(Other Than Left Turn),Daylight,Clear,Dry,Driver,41,Female,North,Making Left Turn,Other,No Apparent Influence,No Apparent Influence,Driver,26,Female,East,Going Straight Ahead,No Improper Action,No Apparent Influence,No Apparent Influence,33.36366484,-111.9451403
-111.8986844,33.36381528,1252,2655675,2012/05/04 03:02:00+00,2012,Guadalupe Rd,River Dr,-334.752,Not Junction Related,1,0,Accident,Single Vehicle,Dark Lighted,Clear,Dry,Driver,20,Male,East,Going Straight Ahead,Inattention Distraction,No Apparent Influence,No Apparent Influence,0,0,0,0,0,0,0,0,33.36381528,-111.8986844
-111.9460236,33.36365697,1254,2655755,2012/05/04 14:00:00+00,2012,Guadalupe Rd,Kyrene Rd,-42.768,Intersection Related Non Interchange,1,0,Accident,Left Turn,Daylight,Clear,Dry,Driver,50,Female,North,Making Left Turn,Failed To Yield Right Of Way,No Apparent Influence,No Apparent Influence,Pedalcyclist,52,Male,South,Going Straight Ahead,No Improper Action,No Apparent Influence,No Apparent Influence,33.36365697,-111.9460236
-111.9276344,33.363754,1882,2632685,2012/06/17 14:00:00+00,2012,Guadalupe Rd,Rural Rd,293.04,Not Junction Related,1,0,Accident,ANGLE (Front To Side)(Other Than Left Turn),Daylight,Clear,Dry,Driver,111,Unknown,Southwest,Other,Other,No Apparent Influence,No Apparent Influence,Pedestrian,27,Male,West,Going Straight Ahead,No Improper Action,No Apparent Influence,No Apparent Influence,33.363754,-111.9276344
-111.8934739,33.36388545,2026,2631649,2012/07/19 21:20:00+00,2012,Guadalupe Rd,Price Nb Rd,0,Intersection Non Interchange,1,0,Accident,ANGLE (Front To Side)(Other Than Left Turn),Daylight,Clear,Dry,Driver,36,Female,Northwest,Making Left Turn,Unknown,No Apparent Influence,No Apparent Influence,Pedalcyclist,19,Male,East,Crossing Road,Unknown,No Apparent Influence,No Apparent Influence,33.36388545,-111.8934739
-111.9384675,33.36370155,2061,2642040,2012/07/24 00:06:00+00,2012,Guadalupe Rd,Maple Ave,0,Intersection Non Interchange,1,0,Accident,Left Turn,Daylight,Clear,Dry,Driver,57,Male,West,Going Straight Ahead,Disregarded Traffic Signal,No Apparent Influence,No Apparent Influence,Driver,50,Female,South,Making Left Turn,No Improper Action,No Apparent Influence,No Apparent Influence,33.36370155,-111.9384675
-111.9121366,33.3637635,2100,2629176,2012/06/27 18:43:00+00,2012,Guadalupe Rd,Mcclintock Dr,-271.92,Intersection Related Non Interchange,1,0,Accident,Rear End,Daylight,Clear,Dry,Driver,74,Male,Unknown,Going Straight Ahead,Speed To Fast For Conditions,No Apparent Influence,No Apparent Influence,Driver,46,Female,Unknown,Stopped In Trafficway,No Improper Action,No Apparent Influence,No Apparent Influence,33.3637635,-111.9121366
-111.8950709,33.36387298,2251,2625859,2012/06/20 16:07:00+00,2012,Guadalupe Rd,Price Rd,-127.248,Driveway,1,0,Accident,Rear End,Daylight,Clear,Dry,Driver,16,Female,West,Going Straight Ahead,Inattention Distraction,No Apparent Influence,No Apparent Influence,Driver,49,Female,West,Slowing In Trafficway,No Improper Action,No Apparent Influence,No Apparent Influence,33.36387298,-111.8950709
-111.9287364,33.36374942,2297,2650905,2012/07/31 18:02:00+00,2012,Guadalupe Rd,Rural Rd,-43.824,Intersection Non Interchange,1,0,Accident,Rear End,Daylight,Clear,Dry,Driver,61,Female,West,Going Straight Ahead,Speed To Fast For Conditions,No Apparent Influence,No Apparent Influence,Driver,30,Male,West,Going Straight Ahead,No Improper Action,No Apparent Influence,No Apparent Influence,33.36374942,-111.9287364
-111.9149766,33.36376392,2360,2627625,2012/07/02 23:56:00+00,2012,Guadalupe Rd,Juniper Dr,0,Intersection Related Interchange,2,0,Accident,Rear End,Daylight,Clear,Dry,Driver,32,Female,East,Going Straight Ahead,Inattention Distraction,No Apparent Influence,No Apparent Influence,Driver,50,Female,East,Slowing In Trafficway,No Improper Action,No Apparent Influence,No Apparent Influence,33.36376392,-111.9149766
-111.902599,33.36379887,2523,2665236,2012/08/10 00:59:00+00,2012,Guadalupe Rd,Country Club Way,0,Intersection Non Interchange,2,0,Accident,Left Turn,Daylight,Clear,Dry,Driver,20,Female,Southwest,Making Left Turn,Knowingly Operated With Faulty Missing Equipment,No Apparent Influence,No Apparent Influence,Driver,32,Female,East,Going Straight Ahead,Unknown,No Apparent Influence,No Apparent Influence,33.36379887,-111.902599
-111.8975877,33.36382018,2584,2665166,2012/08/13 19:27:00+00,2012,Guadalupe Rd,River Dr,0,Intersection Non Interchange,1,0,Accident,ANGLE (Front To Side)(Other Than Left Turn),Daylight,Clear,Dry,Driver,65,Male,North,Going Straight Ahead,Ran Stop Sign,No Apparent Influence,No Apparent Influence,Driver,111,Male,East,Going Straight Ahead,No Improper Action,No Apparent Influence,No Apparent Influence,33.36382018,-111.8975877
-111.8960124,33.36384325,2596,2662626,2012/08/14 15:04:00+00,2012,Guadalupe Rd,Price Rd,-415.008,Not Junction Related,1,0,Accident,ANGLE (Front To Side)(Other Than Left Turn),Daylight,Clear,Dry,Driver,45,Female,West,Making Right Turn,Failed To Yield Right Of Way,No Apparent Influence,No Apparent Influence,Pedalcyclist,18,Male,West,Going Straight Ahead,No Improper Action,No Apparent Influence,No Apparent Influence,33.36384325,-111.8960124
-111.9250286,33.36375634,2735,2675229,2012/09/04 14:39:00+00,2012,Guadalupe Rd,Terrace Rd,-350.064,Not Junction Related,1,0,Accident,Other,Daylight,Clear,Dry,Pedestrian,14,Male,North,Other,Other,No Apparent Influence,No Apparent Influence,Driver,85,Male,East,Going Straight Ahead,No Improper Action,No Apparent Influence,No Apparent Influence,33.36375634,-111.9250286
-111.935929,33.36370921,2748,2675555,2012/09/05 13:02:00+00,2012,Guadalupe Rd,Forest Ave,-62.832,Intersection Related Non Interchange,5,0,Accident,Rear End,Dawn,Clear,Dry,Driver,25,Male,East,Going Straight Ahead,Inattention Distraction,No Apparent Influence,No Apparent Influence,Driver,59,Male,East,Stopped In Trafficway,No Improper Action,No Apparent Influence,No Apparent Influence,33.36370921,-111.935929
-111.927785,33.36375325,2788,2664571,2012/08/19 22:46:00+00,2012,Guadalupe Rd,Rural Rd,247.104,Not Junction Related,1,0,Accident,Left Turn,Daylight,Clear,Dry,Driver,20,Male,South,Making Left Turn,Failed To Yield Right Of Way,No Apparent Influence,No Apparent Influence,Driver,47,Male,East,Going Straight Ahead,No Improper Action,No Apparent Influence,No Apparent Influence,33.36375325,-111.927785
-111.9114228,33.36376155,2802,2669983,2012/09/14 15:29:00+00,2012,Guadalupe Rd,Mcclintock Dr,-53.856,Intersection Related Non Interchange,1,0,Accident,Rear End,Daylight,Clear,Dry,Driver,29,Female,South,Avoiding Vehicle Object Pedestrian,No Improper Action,No Apparent Influence,No Apparent Influence,Pedestrian,29,Male,South,Crossing Road,No Improper Action,No Apparent Influence,No Apparent Influence,33.36376155,-111.9114228
-111.9137401,33.3637619,2840,2673749,2012/09/17 14:26:00+00,2012,Guadalupe Rd,Juniper St,378.048,Not Junction Related,1,0,Accident,ANGLE (Front To Side)(Other Than Left Turn),Daylight,Clear,Dry,Pedalcyclist,16,Female,North,Other,Other,No Apparent Influence,No Apparent Influence,Driver,30,Male,East,Going Straight Ahead,No Improper Action,No Apparent Influence,No Apparent Influence,33.3637619,-111.9137401
-111.9238823,33.36376098,2965,2674014,2012/10/05 21:58:00+00,2012,Guadalupe Rd,Terrace Rd,0,Intersection Non Interchange,2,0,Accident,Left Turn,Daylight,Clear,Dry,Driver,20,Male,West,Making Left Turn,Failed To Yield Right Of Way,No Apparent Influence,No Apparent Influence,Driver,49,Male,East,Going Straight Ahead,No Improper Action,No Apparent Influence,No Apparent Influence,33.36376098,-111.9238823
-111.9110367,33.36375768,3015,2670214,2012/09/10 22:12:00+00,2012,Guadalupe Rd,Mcclintock Dr,63.888,Intersection Related Non Interchange,1,0,Accident,Rear End,Daylight,Clear,Dry,Driver,31,Male,West,Slowing In Trafficway,Inattention Distraction,No Apparent Influence,No Apparent Influence,Driver,33,Female,West,Stopped In Trafficway,No Improper Action,No Apparent Influence,No Apparent Influence,33.36375768,-111.9110367
-111.9137155,33.36376194,3513,2675604,2012/11/01 22:40:00+00,2012,Guadalupe Rd,Mcclintock Dr,-753.984,Not Junction Related,2,0,Accident,Rear End,Daylight,Clear,Dry,Driver,22,Female,East,Going Straight Ahead,Followed Too Closely,No Apparent Influence,No Apparent Influence,Driver,23,Female,East,Stopped In Trafficway,No Improper Action,No Apparent Influence,No Apparent Influence,33.36376194,-111.9137155
-111.9283416,33.36375051,3522,2679260,2012/11/02 17:52:00+00,2012,Guadalupe Rd,Rural Rd,77.088,Intersection Related Non Interchange,1,0,Accident,Rear End,Daylight,Clear,Dry,Driver,52,Female,West,Going Straight Ahead,Speed To Fast For Conditions,No Apparent Influence,No Apparent Influence,Driver,22,Female,West,Stopped In Trafficway,No Improper Action,No Apparent Influence,No Apparent Influence,33.36375051,-111.9283416
-111.8948522,33.36387967,3567,2674073,2012/10/28 03:49:00+00,2012,Guadalupe Rd,Price Rd,-60.192,Intersection Related Non Interchange,2,0,Accident,Rear End,Dark Lighted,Clear,Dry,Driver,83,Female,East,Going Straight Ahead,Speed To Fast For Conditions,No Apparent Influence,No Apparent Influence,Driver,25,Male,East,Stopped In Trafficway,No Improper Action,No Apparent Influence,No Apparent Influence,33.36387967,-111.8948522
-111.9066376,33.36378277,3874,2680025,2012/11/15 00:11:00+00,2012,Guadalupe Rd,Hazelton Ln,0,Intersection Non Interchange,1,0,Accident,Sideswipe Same Direction,Dusk,Clear,Dry,Pedalcyclist,28,Male,North,Changing Lanes,Failed To Yield Right Of Way,No Apparent Influence,No Apparent Influence,Driver,32,Male,East,Going Straight Ahead,No Improper Action,No Apparent Influence,No Apparent Influence,33.36378277,-111.9066376
-111.9456375,33.36365884,4504,2691831,2013/02/02 02:13:00+00,2013,Guadalupe Rd,Kyrene Rd,74.976,Intersection Related Interchange,1,0,Accident,Rear End,Dark Lighted,Clear,Dry,Driver,47,Male,West,Going Straight Ahead,Followed Too Closely,No Apparent Influence,No Apparent Influence,Driver,27,Female,West,Going Straight Ahead,No Improper Action,No Apparent Influence,No Apparent Influence,33.36365884,-111.9456375
-111.9559513,33.36368901,162,2599229,2012/01/31 15:52:00+00,2012,Guadalupe Rd,Parkside Dr,0,Intersection Non Interchange,0,0,No Accident,Rear End,Daylight,Clear,Dry,Driver,23,Male,East,Going Straight Ahead,Inattention Distraction,No Apparent Influence,No Apparent Influence,Driver,36,Female,East,Making Left Turn,No Improper Action,No Apparent Influence,No Apparent Influence,33.36368901,-111.9559513
-111.9287888,33.36374934,163,2593421,2012/01/31 17:04:00+00,2012,Guadalupe Rd,Rural Rd,-60.192,Not Junction Related,0,0,No Accident,Sideswipe Same Direction,Daylight,Clear,Dry,Driver,255,0,Southeast,Making Right Turn,Other,No Apparent Influence,No Apparent Influence,Driver,26,Female,East,Stopped In Trafficway,No Improper Action,No Apparent Influence,No Apparent Influence,33.36374934,-111.9287888
-111.9096094,33.36376593,168,2598816,2012/01/06 15:42:00+00,2012,Guadalupe Rd,Mcclintock Dr,500.016,Not Junction Related,0,0,No Accident,Rear End,Daylight,Clear,Dry,Driver,18,Female,West,Going Straight Ahead,Inattention Distraction,No Apparent Influence,No Apparent Influence,Driver,29,Female,West,Stopped In Trafficway,No Improper Action,No Apparent Influence,No Apparent Influence,33.36376593,-111.9096094
-111.9137761,33.36376186,192,2599158,2012/02/02 00:15:00+00,2012,Guadalupe Rd,Juniper Dr,366.96,Not Junction Related,0,0,No Accident,Rear End,Daylight,Clear,Dry,Driver,31,Female,East,Going Straight Ahead,Speed To Fast For Conditions,No Apparent Influence,No Apparent Influence,Driver,43,Female,East,Stopped In Trafficway,No Improper Action,No Apparent Influence,No Apparent Influence,33.36376186,-111.9137761
-111.9124903,33.36376446,197,2598341,2012/02/02 01:02:00+00,2012,Guadalupe Rd,Mcclintock Dr,-380.16,Not Junction Related,0,0,No Accident,Left Turn,Dark Lighted,Clear,Dry,Driver,47,Female,Northwest,Making Left Turn,Other,No Apparent Influence,No Apparent Influence,Driver,48,Female,East,Going Straight Ahead,No Improper Action,No Apparent Influence,No Apparent Influence,33.36376446,-111.9124903
-111.9094294,33.36376723,294,2599151,2012/01/09 16:34:00+00,2012,Guadalupe Rd,Mcclintock Dr,554.928,Not Junction Related,0,0,No Accident,Rear End,Daylight,Clear,Dry,Driver,35,Female,East,Going Straight Ahead,Speed To Fast For Conditions,No Apparent Influence,No Apparent Influence,Driver,47,Female,East,Slowing In Trafficway,No Improper Action,No Apparent Influence,No Apparent Influence,33.36376723,-111.9094294
-111.9123495,33.36376408,400,2598632,2012/01/27 00:13:00+00,2012,Guadalupe Rd,Mcclintock Dr,-336.864,Not Junction Related,0,0,No Accident,ANGLE (Front To Side)(Other Than Left Turn),Daylight,Clear,Dry,Driver,30,Male,Northwest,Other,Other,No Apparent Influence,No Apparent Influence,Driver,22,Male,East,Going Straight Ahead,No Improper Action,No Apparent Influence,No Apparent Influence,33.36376408,-111.9123495
-111.945523,33.36366022,511,2597117,2012/02/06 19:38:00+00,2012,Guadalupe Rd,Kyrene Rd,109.824,Not Junction Related,0,0,No Accident,ANGLE (Front To Side)(Other Than Left Turn),Daylight,Clear,Dry,Driver,18,Male,North,Making Left Turn,Speed To Fast For Conditions,No Apparent Influence,No Apparent Influence,Driver,30,Female,East,Going Straight Ahead,No Improper Action,No Apparent Influence,No Apparent Influence,33.36366022,-111.945523