X,Y,OBJECTID,Incidentid,DateTime,Year,StreetName,CrossStreet,Distance,JunctionRelation,Totalinjuries,TotalAccidentities,EventSeverity,Collisionmanner,Lightcondition,Weather,SurfaceCondition,Unittype_One,Age_Drv1,Gender_Drv1,Traveldirection_One,Unitaction_One,Violation1_Drv1,AlcoholUse_Drv1,DrugUse_Drv1,Unittype_Two,Age_Drv2,Gender_Drv2,Traveldirection_Two,Unitaction_Two,Violation1_Drv2,AlcoholUse_Drv2,DrugUse_Drv2,Latitude,Longitude
-111.9094457,33.36376711,618,2597061,2012/02/10 00:51:00+00,2012,Guadalupe Rd,Mcclintock Dr,550.176,Not Junction Related,0,0,No Accident,Left Turn,Dusk,Clear,Dry,Driver,22,Male,Southwest,Making Left Turn,Other,No Apparent Influence,No Apparent Influence,Driver,57,Female,East,Going Straight Ahead,No Improper Action,No Apparent Influence,No Apparent Influence,33.36376711,-111.9094457
-111.9135386,33.36376217,759,2597075,2012/02/17 23:50:00+00,2012,Guadalupe Rd,Mcclintock Dr,-700.128,Not Junction Related,0,0,No Accident,Rear End,Daylight,Clear,Dry,Driver,25,Male,East,Going Straight Ahead,Speed To Fast For Conditions,No Apparent Influence,No Apparent Influence,Driver,26,Female,East,Making Right Turn,No Improper Action,No Apparent Influence,No Apparent Influence,33.36376217,-111.9135386
-111.9109185,33.36375646,799,2599603,2012/02/25 20:29:00+00,2012,Guadalupe Rd,Mcclintock Dr,99.792,Thru Roadway,0,0,No Accident,Sideswipe Same Direction,Daylight,Clear,Dry,Driver,28,Female,East,Making Left Turn,Failed To Yield Right Of Way,No Apparent Influence,No Apparent Influence,Driver,33,Male,East,Going Straight Ahead,No Improper Action,No Apparent Influence,No Apparent Influence,33.36375646,-111.9109185
-111.9402165,33.36369024,837,2628867,2012/03/20 21:19:00+00,2012,Guadalupe Rd,Ash Ave,0,Intersection Non Interchange,0,0,No Accident,Left Turn,Daylight,Clear,Dry,Driver,28,Female,Northwest,Making Left Turn,Inattention Distraction,No Apparent Influence,No Apparent Influence,Driver,43,Female,East,Going Straight Ahead,No Improper Action,No Apparent Influence,No Apparent Influence,33.36369024,-111.9402165
-111.9451338,33.36366492,958,2613466,2012/04/02 19:23:00+00,2012,Guadalupe Rd,Kyrene Rd,229.152,Intersection Related Non Interchange,0,0,No Accident,Rear End,Daylight,Clear,Dry,Driver,111,Unknown,West,Going Straight Ahead,Inattention Distraction,No Apparent Influence,No Apparent Influence,Driver,43,Male,West,Stopped In Trafficway,No Improper Action,No Apparent Influence,No Apparent Influence,33.36366492,-111.9451338
-111.9102476,33.36376131,1147,2630036,2012/04/06 17:50:00+00,2012,Guadalupe Rd,Mcclintock Dr,305.184,Intersection Related Non Interchange,0,0,No Accident,Rear End,Daylight,Clear,Dry,Driver,33,Male,West,Changing Lanes,Unsafe Lane Change,No Apparent Influence,No Apparent Influence,Driver,46,Female,West,Going Straight Ahead,No Improper Action,No Apparent Influence,No Apparent Influence,33.36376131,-111.9102476
-111.8931472,33.36387717,1192,2599696,2012/03/29 19:08:00+00,2012,Guadalupe Rd,Price Nb Rd,99.792,Intersection Related Non Interchange,0,0,No Accident,Rear End,Daylight,Clear,Dry,Driver,50,Male,West,Going Straight Ahead,Followed Too Closely,No Apparent Influence,No Apparent Influence,Driver,64,Female,West,Going Straight Ahead,No Improper Action,No Apparent Influence,No Apparent Influence,33.36387717,-111.8931472
-111.9379868,33.36370577,1267,2655841,2012/05/09 13:36:00+00,2012,Guadalupe Rd,Maple Ave,146.784,Not Junction Related,0,0,No Accident,Rear End,Daylight,Clear,Dry,Driver,22,Female,West,Going Straight Ahead,Speed To Fast For Conditions,No Apparent Influence,No Apparent Influence,Driver,23,Male,West,Stopped In Trafficway,No Improper Action,No Apparent Influence,No Apparent Influence,33.36370577,-111.9379868
-111.9109153,33.36375648,1268,2655816,2012/05/09 15:34:00+00,2012,Guadalupe Rd,Mcclintock Dr,100.848,Not Junction Related,0,0,No Accident,Rear End,Daylight,Clear,Dry,Driver,31,Male,West,Going Straight Ahead,Speed To Fast For Conditions,No Apparent Influence,No Apparent Influence,Driver,49,Male,West,Stopped In Trafficway,No Improper Action,No Apparent Influence,No Apparent Influence,33.36375648,-111.9109153
-111.9435084,33.36367152,1366,2630959,2012/04/20 22:47:00+00,2012,Guadalupe Rd,Kyrene Rd,724.944,Railway Grade Crossing,0,0,No Accident,Single Vehicle,Daylight,Clear,Dry,Driver,26,Male,East,Going Straight Ahead,No Improper Action,No Apparent Influence,No Apparent Influence,0,0,0,0,0,0,0,0,33.36367152,-111.9435084
-111.9374855,33.36370907,1428,2620635,2012/04/21 09:50:00+00,2012,Guadalupe Rd,Maple Ave,299.904,Not Junction Related,0,0,No Accident,Single Vehicle,Dark Lighted,Clear,Dry,Driver,25,Male,West,Going Straight Ahead,Failed To Keep In Proper Lane,Alcohol,No Apparent Influence,0,0,0,0,0,0,0,0,33.36370907,-111.9374855
-111.9109022,33.36375658,1438,2626840,2012/04/12 16:28:00+00,2012,Guadalupe Rd,Mcclintock Dr,105.072,Intersection Related Non Interchange,0,0,No Accident,Rear End,Daylight,Clear,Dry,Driver,21,Female,West,Going Straight Ahead,Inattention Distraction,No Apparent Influence,No Apparent Influence,Driver,41,Male,West,Stopped In Trafficway,No Improper Action,No Apparent Influence,No Apparent Influence,33.36375658,-111.9109022
-111.9314188,33.36374562,1551,2640156,2012/04/11 01:02:00+00,2012,Guadalupe Rd,La Rosa Dr,-200.112,Not Junction Related,0,0,No Accident,Head On,Daylight,Clear,Dry,Driver,19,Female,West,Going Straight Ahead,Speed To Fast For Conditions,No Apparent Influence,No Apparent Influence,Driver,27,Female,East,Going Straight Ahead,No Improper Action,No Apparent Influence,No Apparent Influence,33.36374562,-111.9314188
-111.9289689,33.36374909,1584,2629950,2012/04/25 00:37:00+00,2012,Guadalupe Rd,Rural Rd,-115.104,Intersection Related Non Interchange,0,0,No Accident,Rear End,Daylight,Clear,Dry,Driver,39,Female,East,Going Straight Ahead,Speed To Fast For Conditions,No Apparent Influence,No Apparent Influence,Driver,54,Male,East,Stopped In Trafficway,No Improper Action,No Apparent Influence,No Apparent Influence,33.36374909,-111.9289689
-111.8950644,33.36387318,1632,2627703,2012/05/29 14:11:00+00,2012,Guadalupe Rd,Price Rd,-125.136,Not Junction Related,0,0,No Accident,Rear End,Daylight,Clear,Dry,Driver,25,Female,West,Going Straight Ahead,Inattention Distraction,No Apparent Influence,No Apparent Influence,Driver,29,Male,West,Making Right Turn,No Improper Action,No Apparent Influence,No Apparent Influence,33.36387318,-111.8950644
-111.9062447,33.42159407,1406,2625840,2012/05/06 01:21:00+00,2012,Hacienda Dr,University Dr,-154.176,Not Junction Related,0,0,No Accident,Unknown,Daylight,Clear,Dry,Driver,111,Unknown,Unknown,Unknown,Unknown,No Apparent Influence,No Apparent Influence,Driverless,0,0,Unknown,Properly Parked,0,0,0,33.42159407,-111.9062447
-111.9544772,33.35060888,684,2595145,2012/02/23 16:06:00+00,2012,Hardy Dr,Elliot Rd,530.112,Not Junction Related,1,0,Accident,ANGLE (Front To Side)(Other Than Left Turn),Daylight,Clear,Dry,Driver,24,Female,Northeast,Making Left Turn,Other,No Apparent Influence,No Apparent Influence,Pedalcyclist,26,Male,South,Going Straight Ahead,No Improper Action,No Apparent Influence,No Apparent Influence,33.35060888,-111.9544772
-111.9522284,33.42375826,720,2597328,2012/02/14 19:20:00+00,2012,Hardy Dr,University Dr,674.256,Not Junction Related,1,0,Accident,Left Turn,Daylight,Clear,Dry,Driver,91,Male,South,Making Left Turn,Inattention Distraction,No Apparent Influence,No Apparent Influence,Driver,19,Male,Northwest,Going Straight Ahead,No Improper Action,No Apparent Influence,No Apparent Influence,33.42375826,-111.9522284
-111.954281,33.33046401,1276,2629299,2012/05/09 23:23:00+00,2012,Hardy Dr,Warner Rd,-1492.128,Driveway,2,0,Accident,Left Turn,Daylight,Clear,Dry,Driver,17,Male,West,Making Left Turn,Made Improper Turn,No Apparent Influence,No Apparent Influence,Driver,20,Male,North,Going Straight Ahead,No Improper Action,No Apparent Influence,No Apparent Influence,33.33046401,-111.954281
-111.952284,33.42682917,1336,2627182,2012/04/18 14:17:00+00,2012,Hardy Dr,Brown St,204.864,Not Junction Related,1,0,Accident,Rear End,Daylight,Clear,Dry,Driver,18,Female,North,Going Straight Ahead,Speed To Fast For Conditions,No Apparent Influence,No Apparent Influence,Driver,47,Female,North,Stopped In Trafficway,No Improper Action,No Apparent Influence,No Apparent Influence,33.42682917,-111.952284
-111.951972,33.39306473,1416,2626855,2012/05/07 09:02:00+00,2012,Hardy Dr,Southern Ave,77.088,Intersection Related Non Interchange,1,0,Accident,Single Vehicle,Dark Lighted,Clear,Dry,Driver,42,Male,Northwest,Making Right Turn,Speed To Fast For Conditions,No Apparent Influence,No Apparent Influence,0,0,0,0,0,0,0,0,33.39306473,-111.951972
-111.9525221,33.3767949,1718,2629224,2012/05/21 22:07:00+00,2012,Hardy Dr,Rice Dr,60.192,Intersection Related Non Interchange,1,0,Accident,Rear End,Daylight,Clear,Dry,Driver,16,Female,South,Going Straight Ahead,Inattention Distraction,No Apparent Influence,No Apparent Influence,Driver,33,Male,South,Stopped In Trafficway,No Improper Action,No Apparent Influence,No Apparent Influence,33.3767949,-111.9525221
-111.9523228,33.3846021,1973,2636424,2012/05/23 02:10:00+00,2012,Hardy Dr,Greenway Dr,500.016,Driveway,1,0,Accident,ANGLE (Front To Side)(Other Than Left Turn),Dark Lighted,Clear,Dry,Pedalcyclist,16,Male,South,Going Straight Ahead,Drove Rode In Opposing Traffic Lane,No Apparent Influence,No Apparent Influence,Driver,111,Unknown,West,Making Right Turn,Failed To Yield Right Of Way,No Apparent Influence,No Apparent Influence,33.3846021,-111.9523228
-111.954475,33.3513711,2048,2641957,2012/07/22 19:19:00+00,2012,Hardy Dr,Chilton Dr,-161.04,Not Junction Related,1,0,Accident,ANGLE (Front To Side)(Other Than Left Turn),Daylight,Clear,Dry,Driver,53,Female,West,Going Straight Ahead,Speed To Fast For Conditions,No Apparent Influence,No Apparent Influence,Driver,55,Female,South,Going Straight Ahead,No Improper Action,No Apparent Influence,No Apparent Influence,33.3513711,-111.954475
-111.9525018,33.37805335,2111,2627817,2012/06/29 18:16:00+00,2012,Hardy Dr,Baseline Rd,-57.024,Intersection Related Non Interchange,1,0,Accident,ANGLE (Front To Side)(Other Than Left Turn),Daylight,Clear,Dry,Driver,54,Female,North,Making Right Turn,Disregarded Traffic Signal,No Apparent Influence,No Apparent Influence,Pedestrian,67,Female,West,Going Straight Ahead,No Improper Action,No Apparent Influence,No Apparent Influence,33.37805335,-111.9525018
-111.9544786,33.35307234,2909,2674092,2012/09/24 16:50:00+00,2012,Hardy Dr,Stephens Dr,-53.856,Intersection Related Non Interchange,1,0,Accident,ANGLE (Front To Side)(Other Than Left Turn),Daylight,Clear,Dry,Driver,33,Female,West,Other,Other,No Apparent Influence,No Apparent Influence,Driver,70,Female,North,Going Straight Ahead,No Improper Action,No Apparent Influence,No Apparent Influence,33.35307234,-111.9544786
-111.9525019,33.37806433,3503,2679284,2012/11/01 16:32:00+00,2012,Hardy Dr,Baseline Rd,-52.8,Not Junction Related,1,0,Accident,ANGLE (Front To Side)(Other Than Left Turn),Daylight,Clear,Dry,Pedalcyclist,19,Female,West,Going Straight Ahead,Other,No Apparent Influence,No Apparent Influence,Driver,22,Female,Northeast,Making Right Turn,No Improper Action,No Apparent Influence,No Apparent Influence,33.37806433,-111.9525019
-111.9523653,33.38333887,3599,2676371,2012/10/31 00:58:00+00,2012,Hardy Dr,Greenway Dr,40.128,Not Junction Related,1,0,Accident,Rear End,Dark Lighted,Clear,Dry,Driver,25,Female,South,Going Straight Ahead,Speed To Fast For Conditions,No Apparent Influence,No Apparent Influence,Driver,34,Male,South,Stopped In Trafficway,No Improper Action,No Apparent Influence,No Apparent Influence,33.38333887,-111.9523653
-111.9519697,33.39265584,3745,2677817,2012/11/29 05:19:00+00,2012,Hardy Dr,Southern Ave,-71.808,Intersection Related Non Interchange,1,0,Accident,Rear End,Dark Lighted,Clear,Dry,Driver,54,Male,North,Going Straight Ahead,Speed To Fast For Conditions,Alcohol,No Apparent Influence,Driver,21,Female,North,Stopped In Trafficway,No Improper Action,No Apparent Influence,No Apparent Influence,33.39265584,-111.9519697
-111.9522093,33.42176975,3934,2678160,2012/12/01 20:30:00+00,2012,Hardy Dr,University Dr,-50.16,Intersection Related Interchange,1,0,Accident,Single Vehicle,Daylight,Clear,Dry,Driver,62,Male,South,Making Left Turn,Speed To Fast For Conditions,No Apparent Influence,No Apparent Influence,0,0,0,0,0,0,0,0,33.42176975,-111.9522093
-111.9524827,33.38981996,3999,2680086,2012/11/14 01:28:00+00,2012,Hardy Dr,La Jolla Dr,-114.048,Not Junction Related,1,0,Accident,Sideswipe Same Direction,Daylight,Clear,Dry,Driver,21,Female,North,Other,Other,No Apparent Influence,No Apparent Influence,Pedalcyclist,29,Male,North,Going Straight Ahead,No Improper Action,No Apparent Influence,No Apparent Influence,33.38981996,-111.9524827
-111.9525448,33.38925327,4048,2678057,2012/12/18 23:40:00+00,2012,Hardy Dr,Manhatton Dr,-50.16,Not Junction Related,2,0,Accident,Other,Daylight,Clear,Dry,Pedestrian,52,Male,Southeast,Crossing Road,Failed To Yield Right Of Way,No Apparent Influence,No Apparent Influence,Driver,59,Male,South,Going Straight Ahead,No Improper Action,No Apparent Influence,No Apparent Influence,33.38925327,-111.9525448
-111.952126,33.40056474,4109,2684294,2013/01/15 01:16:00+00,2013,Hardy Dr,Alameda Dr,161.04,Not Junction Related,1,0,Accident,Rear End,Dark Lighted,Clear,Dry,Driver,18,Female,South,Going Straight Ahead,Inattention Distraction,No Apparent Influence,No Apparent Influence,Driver,50,Male,South,Going Straight Ahead,No Improper Action,No Apparent Influence,No Apparent Influence,33.40056474,-111.952126
-111.9521757,33.413598,4199,2680004,2012/12/09 08:18:00+00,2012,Hardy Dr,Parkway Blvd,159.984,Not Junction Related,2,0,Accident,Single Vehicle,Dark Lighted,Clear,Dry,Driver,23,Male,North,Going Straight Ahead,Failed To Keep In Proper Lane,Alcohol,No Apparent Influence,0,0,0,0,0,0,0,0,33.413598,-111.9521757
-111.9543204,33.3330347,153,2595899,2012/01/31 00:57:00+00,2012,Hardy Dr,Ranch Rd,98.208,Not Junction Related,0,0,No Accident,Sideswipe Same Direction,Dusk,Clear,Dry,Driver,27,Female,South,Going Straight Ahead,Unknown,No Apparent Influence,No Apparent Influence,Driver,38,Female,South,Going Straight Ahead,Unknown,No Apparent Influence,No Apparent Influence,33.3330347,-111.9543204
-111.9521203,33.39856232,210,2598329,2012/02/03 00:36:00+00,2012,Hardy Dr,Alameda Dr,-568.128,Not Junction Related,0,0,No Accident,Rear End,Daylight,Cloudy,Dry,Driver,20,Female,South,Going Straight Ahead,Followed Too Closely,No Apparent Influence,No Apparent Influence,Driver,26,Male,South,Stopped In Trafficway,No Improper Action,No Apparent Influence,No Apparent Influence,33.39856232,-111.9521203
-111.9524973,33.37839035,317,2599090,2012/01/15 07:30:00+00,2012,Hardy Dr,Baseline Rd,66,Intersection Related Non Interchange,0,0,No Accident,Rear End,Dark Lighted,Clear,Dry,Driver,37,Male,North,Backing,Inattention Distraction,No Apparent Influence,No Apparent Influence,Driver,29,Female,South,Stopped In Trafficway,No Improper Action,No Apparent Influence,No Apparent Influence,33.37839035,-111.9524973
-111.9524998,33.37825027,355,2592539,2012/01/23 03:06:00+00,2012,Hardy Dr,Baseline Rd,14.784,Intersection Related Non Interchange,0,0,No Accident,ANGLE (Front To Side)(Other Than Left Turn),Dark Lighted,Clear,Dry,Pedalcyclist,255,0,East,Crossing Road,Disregarded Traffic Signal,No Apparent Influence,No Apparent Influence,Driver,37,Female,Southwest,Making Right Turn,No Improper Action,No Apparent Influence,No Apparent Influence,33.37825027,-111.9524998
-111.9521515,33.40723888,401,2597304,2012/02/07 23:06:00+00,2012,Hardy Dr,Broadway Rd,-54.912,Not Junction Related,0,0,No Accident,Sideswipe Same Direction,Daylight,Clear,Dry,Driver,48,Male,South,Making Right Turn,Speed To Fast For Conditions,No Apparent Influence,No Apparent Influence,Driver,38,Male,South,Stopped In Trafficway,No Improper Action,No Apparent Influence,No Apparent Influence,33.40723888,-111.9521515
-111.9521536,33.40756775,452,2594954,2012/02/22 01:55:00+00,2012,Hardy Dr,Broadway Rd,64.944,Intersection Related Non Interchange,0,0,No Accident,Sideswipe Same Direction,Dark Lighted,Clear,Dry,Driver,73,Female,South,Making Right Turn,Speed To Fast For Conditions,No Apparent Influence,No Apparent Influence,Driver,48,Female,South,Making Left Turn,No Improper Action,No Apparent Influence,No Apparent Influence,33.40756775,-111.9521536
-111.9522222,33.39067535,455,2595150,2012/02/22 15:03:00+00,2012,Hardy Dr,Laguna Dr,-119.856,Not Junction Related,0,0,No Accident,Rear End,Daylight,Clear,Dry,Driver,29,Male,North,Going Straight Ahead,Speed To Fast For Conditions,No Apparent Influence,No Apparent Influence,Driver,46,Female,North,Stopped In Trafficway,No Improper Action,No Apparent Influence,No Apparent Influence,33.39067535,-111.9522222
-111.9521241,33.40012318,583,2608342,2012/03/05 17:10:00+00,2012,Hardy Dr,Alameda Dr,0,Intersection Non Interchange,0,0,No Accident,ANGLE (Front To Side)(Other Than Left Turn),Daylight,Clear,Dry,Driver,44,Male,Northwest,Making Right Turn,Inattention Distraction,No Apparent Influence,No Apparent Influence,Driver,48,Male,West,Going Straight Ahead,No Improper Action,No Apparent Influence,No Apparent Influence,33.40012318,-111.9521241
-111.9521569,33.40828319,595,2603124,2012/02/15 03:17:00+00,2012,Hardy Dr,19th St,0,Intersection Non Interchange,0,0,No Accident,ANGLE (Front To Side)(Other Than Left Turn),Dark Lighted,Clear,Dry,Driver,28,Male,North,Going Straight Ahead,Unsafe Lane Change,No Apparent Influence,No Apparent Influence,Driver,23,Male,North,Making Right Turn,No Improper Action,No Apparent Influence,No Apparent Influence,33.40828319,-111.9521569
-111.9521156,33.39662148,688,2603445,2012/02/23 21:49:00+00,2012,Hardy Dr,Fairmont Dr,50.16,Not Junction Related,0,0,No Accident,Rear End,Daylight,Clear,Dry,Driver,39,Male,North,Going Straight Ahead,Followed Too Closely,No Apparent Influence,No Apparent Influence,Driver,68,Male,North,Stopped In Trafficway,No Improper Action,No Apparent Influence,No Apparent Influence,33.39662148,-111.9521156
-111.952297,33.38691986,691,2599202,2012/02/12 04:24:00+00,2012,Hardy Dr,Santa Cruz Dr,-93.984,Not Junction Related,0,0,No Accident,Single Vehicle,Dark Lighted,Clear,Dry,Driver,255,0,East,Making Left Turn,Speed To Fast For Conditions,No Apparent Influence,No Apparent Influence,0,0,0,0,0,0,0,0,33.38691986,-111.952297
-111.9521226,33.39949389,815,2611709,2012/03/17 23:26:00+00,2012,Hardy Dr,Alameda Dr,-229.152,Not Junction Related,0,0,No Accident,ANGLE (Front To Side)(Other Than Left Turn),Daylight,Clear,Dry,Driver,34,Male,North,Going Straight Ahead,Drove Rode In Opposing Traffic Lane,No Apparent Influence,No Apparent Influence,Driver,75,Male,South,Going Straight Ahead,No Improper Action,No Apparent Influence,No Apparent Influence,33.39949389,-111.9521226
-111.9519722,33.39312794,929,2648300,2012/03/31 03:24:00+00,2012,Hardy Dr,Southern Ave,99.792,Not Junction Related,0,0,No Accident,Head On,Dark Not Lighted,Clear,Dry,Driver,40,Male,West,Making Left Turn,Failed To Yield Right Of Way,No Apparent Influence,No Apparent Influence,Pedestrian,26,Male,East,Going Straight Ahead,No Improper Action,Alcohol,No Apparent Influence,33.39312794,-111.9519722
-111.9522054,33.42142074,1099,2645950,2012/03/15 16:56:00+00,2012,Hardy Dr,University Dr,-176.88,Driveway,0,0,No Accident,ANGLE (Front To Side)(Other Than Left Turn),Daylight,Clear,Dry,Driver,46,Male,West,Going Straight Ahead,Unknown,No Apparent Influence,No Apparent Influence,Driver,35,Male,Southeast,Making Left Turn,Made Improper Turn,No Apparent Influence,No Apparent Influence,33.42142074,-111.9522054
-111.9521272,33.40089998,1387,2655759,2012/05/04 23:15:00+00,2012,Hardy Dr,Alameda Dr,283.008,Not Junction Related,0,0,No Accident,Rear End,Daylight,Clear,Dry,Driver,26,Female,South,Slowing In Trafficway,Speed To Fast For Conditions,No Apparent Influence,No Apparent Influence,Driver,57,Female,South,Slowing In Trafficway,No Improper Action,No Apparent Influence,No Apparent Influence,33.40089998,-111.9521272
-111.9545493,33.37090131,1393,2628200,2012/05/05 02:41:00+00,2012,Hardy Dr,Cornell Dr,0,Intersection Non Interchange,0,0,No Accident,Head On,Dark Lighted,Clear,Dry,Driver,24,Female,South,Going Straight Ahead,Other,No Apparent Influence,No Apparent Influence,Driver,22,Male,North,Making Left Turn,No Improper Action,No Apparent Influence,No Apparent Influence,33.37090131,-111.9545493
-111.9525017,33.37771821,1426,2626866,2012/04/11 23:11:00+00,2012,Hardy Dr,Baseline Rd,-178.992,Intersection Related Non Interchange,0,0,No Accident,ANGLE (Front To Side)(Other Than Left Turn),Daylight,Clear,Dry,Driver,21,Female,Southeast,Going Straight Ahead,Other,No Apparent Influence,No Apparent Influence,Driver,40,Male,South,Going Straight Ahead,No Improper Action,No Apparent Influence,No Apparent Influence,33.37771821,-111.9525017
-111.9545288,33.36398525,1476,2613457,2012/04/17 00:44:00+00,2012,Hardy Dr,Guadalupe Rd,108.768,Intersection Related Non Interchange,0,0,No Accident,Sideswipe Same Direction,Daylight,Clear,Dry,Driver,111,Unknown,South,Changing Lanes,Unsafe Lane Change,No Apparent Influence,No Apparent Influence,Driver,22,Male,South,Going Straight Ahead,No Improper Action,No Apparent Influence,No Apparent Influence,33.36398525,-111.9545288
-111.9521014,33.39514076,1520,2626809,2012/04/21 16:31:00+00,2012,Hardy Dr,Fairmont Dr,-488.928,Not Junction Related,0,0,No Accident,Single Vehicle,Daylight,Clear,Dry,Driver,52,Male,North,Making Right Turn,Made Improper Turn,No Apparent Influence,No Apparent Influence,0,0,0,0,0,0,0,0,33.39514076,-111.9521014
-111.9522062,33.42150588,1564,2647387,2012/04/22 01:57:00+00,2012,Hardy Dr,University Dr,-146.256,Not Junction Related,0,0,No Accident,Rear End,Daylight,Clear,Dry,Driver,52,Female,South,Going Straight Ahead,Speed To Fast For Conditions,No Apparent Influence,No Apparent Influence,Driver,46,Female,South,Stopped In Trafficway,No Improper Action,No Apparent Influence,No Apparent Influence,33.42150588,-111.9522062
-111.9204867,33.4431272,266,2592338,2012/01/22 06:06:00+00,2012,Harry St,Rose St,168.96,Not Junction Related,0,0,No Accident,Head On,Dark Lighted,Cloudy,Dry,Driver,255,0,East,Going Straight Ahead,Speed To Fast For Conditions,No Apparent Influence,No Apparent Influence,Driverless,0,0,West,Improperly Parked,0,0,0,33.4431272,-111.9204867
-111.9093176,33.44991173,2201,2639994,2012/07/11 19:53:00+00,2012,Hayden Rd,Larkspur Ln,14.784,Intersection Related Non Interchange,1,0,Accident,Rear End,Daylight,Clear,Dry,Driver,18,Female,South,Going Straight Ahead,Inattention Distraction,No Apparent Influence,No Apparent Influence,Driver,20,Male,South,Slowing In Trafficway,No Improper Action,No Apparent Influence,No Apparent Influence,33.44991173,-111.9093176
-111.9092865,33.45125648,786,2618349,2012/02/24 20:40:00+00,2012,Hayden Rd,Mckellips Rd,0,Intersection Interchange,0,0,No Accident,Other,Daylight,Clear,Dry,Driver,19,Male,North,Backing,Inattention Distraction,No Apparent Influence,Drugs,Driver,40,Male,North,Stopped In Trafficway,No Improper Action,No Apparent Influence,No Apparent Influence,33.45125648,-111.9092865
-111.933244,33.38756928,1283,2636371,2012/05/10 06:45:00+00,2012,Hermosa Dr,La Corta Dr,-99.792,Intersection Related Non Interchange,0,0,No Accident,Single Vehicle,Dark Lighted,Clear,Dry,Driver,40,Male,East,Going Straight Ahead,Exceeded Lawful Speed,No Apparent Influence,No Apparent Influence,0,0,0,0,0,0,0,0,33.38756928,-111.933244
-111.946904,33.41682156,1205,2631148,2012/05/01 15:22:00+00,2012,Howe St,Roosevelt St,108.768,Intersection Related Non Interchange,0,0,No Accident,Rear To Side,Daylight,Clear,Dry,Driver,45,Female,South,Backing,Other,No Apparent Influence,No Apparent Influence,Driverless,0,0,East,Properly Parked,0,0,0,33.41682156,-111.946904
-111.9397655,33.40466372,1544,2630862,2012/04/10 16:50:00+00,2012,Hu Esta Dr,Mill Ave,0,Intersection Non Interchange,1,0,Accident,ANGLE (Front To Side)(Other Than Left Turn),Daylight,Clear,Dry,Pedalcyclist,37,Female,North,Going Straight Ahead,Drove Rode In Opposing Traffic Lane,No Apparent Influence,No Apparent Influence,Driver,51,Male,East,Making Right Turn,No Improper Action,No Apparent Influence,No Apparent Influence,33.40466372,-111.9397655
-111.9552402,33.40109224,538,2594964,2012/03/01 09:27:00+00,2012,Industrial Park Ave,Alameda Dr,350.064,Not Junction Related,0,0,No Accident,Sideswipe Same Direction,Dark Lighted,Clear,Dry,Driver,32,Male,South,Going Straight Ahead,Speed To Fast For Conditions,No Apparent Influence,No Apparent Influence,Driver,41,Male,South,Stopped In Trafficway,No Improper Action,No Apparent Influence,No Apparent Influence,33.40109224,-111.9552402
-111.9237084,33.40778786,18,2599105,2012/01/02 02:56:00+00,2012,Jentilly Ln,Broadway Rd,104.016,Intersection Related Non Interchange,0,0,No Accident,Single Vehicle,Dark Lighted,Clear,Dry,Driver,53,Male,South,Going Straight Ahead,Speed To Fast For Conditions,Alcohol,No Apparent Influence,0,0,0,0,0,0,0,0,33.40778786,-111.9237084
-111.9064538,33.39409165,954,2655658,2012/04/02 13:52:00+00,2012,Kachina Dr,Southern Ave,406.032,Not Junction Related,1,0,Accident,Rear End,Daylight,Clear,Dry,Driver,23,Female,South,Going Straight Ahead,Speed To Fast For Conditions,No Apparent Influence,No Apparent Influence,Driverless,0,0,South,Properly Parked,0,0,0,33.39409165,-111.9064538
-111.9077544,33.42004451,1844,2656395,2012/06/03 18:46:00+00,2012,Kirkland Ln,Casitas Dr,-140.976,Not Junction Related,1,0,Accident,Head On,Daylight,Clear,Dry,Driver,23,Female,West,Going Straight Ahead,Failed To Keep In Proper Lane,No Apparent Influence,No Apparent Influence,Driverless,0,0,East,Properly Parked,0,0,0,33.42004451,-111.9077544
-111.9229068,33.32735108,1548,2648372,2012/04/10 22:29:00+00,2012,Knox Rd,Stanley Pl,-427.152,Driveway,1,0,Accident,ANGLE (Front To Side)(Other Than Left Turn),Daylight,Clear,Dry,Driver,18,Male,Northwest,Making Left Turn,Inattention Distraction,No Apparent Influence,No Apparent Influence,Driver,37,Female,East,Going Straight Ahead,No Improper Action,No Apparent Influence,No Apparent Influence,33.32735108,-111.9229068
-111.9486863,33.32809956,970,2611715,2012/03/22 14:12:00+00,2012,Knox Rd,Farmer Ave,-325.248,Not Junction Related,0,0,No Accident,ANGLE (Front To Side)(Other Than Left Turn),Daylight,Clear,Dry,Driver,44,Female,East,Leaving Parking Position,Other,No Apparent Influence,No Apparent Influence,Driver,17,Male,East,Going Straight Ahead,No Improper Action,No Apparent Influence,No Apparent Influence,33.32809956,-111.9486863
-111.9458836,33.36389967,1036,2610965,2012/03/09 22:03:00+00,2012,Kyrene Rd,Guadalupe Rd,89.232,Intersection Related Non Interchange,2,0,Accident,Sideswipe Same Direction,Daylight,Clear,Dry,Driver,21,Female,South,Changing Lanes,Unsafe Lane Change,No Apparent Influence,No Apparent Influence,Driver,24,Male,South,Going Straight Ahead,No Improper Action,No Apparent Influence,No Apparent Influence,33.36389967,-111.9458836
-111.9457241,33.34919661,1140,2647923,2012/04/06 00:29:00+00,2012,Kyrene Rd,Elliot Rd,0,Intersection Non Interchange,1,0,Accident,Left Turn,Daylight,Clear,Dry,Driver,19,Male,North,Making Left Turn,Made Improper Turn,No Apparent Influence,No Apparent Influence,Driver,26,Female,South,Going Straight Ahead,Disregarded Traffic Signal,No Apparent Influence,No Apparent Influence,33.34919661,-111.9457241