X,Y,OBJECTID,Incidentid,DateTime,Year,StreetName,CrossStreet,Distance,JunctionRelation,Totalinjuries,TotalAccidentities,EventSeverity,Collisionmanner,Lightcondition,Weather,SurfaceCondition,Unittype_One,Age_Drv1,Gender_Drv1,Traveldirection_One,Unitaction_One,Violation1_Drv1,AlcoholUse_Drv1,DrugUse_Drv1,Unittype_Two,Age_Drv2,Gender_Drv2,Traveldirection_Two,Unitaction_Two,Violation1_Drv2,AlcoholUse_Drv2,DrugUse_Drv2,Latitude,Longitude
-111.9459356,33.37151945,1203,2624693,2012/05/01 14:05:00+00,2012,Kyrene Rd,Cornell Dr,-80.256,Intersection Related Non Interchange,1,0,Accident,ANGLE (Front To Side)(Other Than Left Turn),Daylight,Clear,Dry,Driver,255,0,South,Going Straight Ahead,Speed To Fast For Conditions,No Apparent Influence,No Apparent Influence,Pedestrian,24,Male,West,Crossing Road,No Improper Action,No Apparent Influence,No Apparent Influence,33.37151945,-111.9459356
-111.9459622,33.37552648,2387,2641873,2012/07/06 18:52:00+00,2012,Kyrene Rd,Duke Dr,0,Intersection Non Interchange,1,0,Accident,Left Turn,Daylight,Clear,Dry,Driver,20,Female,East,Making Left Turn,Failed To Yield Right Of Way,No Apparent Influence,No Apparent Influence,Driver,32,Female,South,Going Straight Ahead,No Improper Action,No Apparent Influence,No Apparent Influence,33.37552648,-111.9459622
-111.945667,33.33218119,2592,2665152,2012/08/13 23:58:00+00,2012,Kyrene Rd,Warner Rd,-879.12,Not Junction Related,1,0,Accident,Rear End,Daylight,Clear,Dry,Driver,21,Male,North,Going Straight Ahead,Speed To Fast For Conditions,No Apparent Influence,No Apparent Influence,Driver,27,Female,North,Slowing In Trafficway,No Improper Action,No Apparent Influence,No Apparent Influence,33.33218119,-111.945667
-111.945845,33.35821693,2595,2662632,2012/08/14 14:30:00+00,2012,Kyrene Rd,Bell De Mar Dr,0,Intersection Related Interchange,1,0,Accident,ANGLE (Front To Side)(Other Than Left Turn),Daylight,Clear,Dry,Pedalcyclist,16,Male,North,Going Straight Ahead,Inattention Distraction,No Apparent Influence,No Apparent Influence,Driver,45,Male,East,Making Right Turn,No Improper Action,No Apparent Influence,No Apparent Influence,33.35821693,-111.945845
-111.9459682,33.3763209,2754,2664555,2012/09/05 21:56:00+00,2012,Kyrene Rd,Baseline Rd,-683.232,Not Junction Related,1,0,Accident,Rear End,Daylight,Clear,Dry,Driver,24,Male,South,Changing Lanes,Unsafe Lane Change,No Apparent Influence,No Apparent Influence,Driver,21,Male,South,Going Straight Ahead,No Improper Action,No Apparent Influence,No Apparent Influence,33.3763209,-111.9459682
-111.9459612,33.37522983,2821,2673756,2012/09/15 17:42:00+00,2012,Kyrene Rd,Baseline Rd,-1079.76,Driveway,1,0,Accident,Rear End,Daylight,Clear,Dry,Driver,22,Male,South,Going Straight Ahead,Inattention Distraction,No Apparent Influence,No Apparent Influence,Driver,63,Female,South,Making Right Turn,No Improper Action,No Apparent Influence,No Apparent Influence,33.37522983,-111.9459612
-111.9458932,33.36533259,2981,2665082,2012/09/29 18:43:00+00,2012,Kyrene Rd,Orion St,0,Intersection Non Interchange,2,0,Accident,Left Turn,Daylight,Clear,Dry,Driver,52,Female,West,Making Left Turn,Failed To Yield Right Of Way,No Apparent Influence,No Apparent Influence,Driver,32,Male,North,Going Straight Ahead,No Improper Action,No Apparent Influence,No Apparent Influence,33.36533259,-111.9458932
-111.9456568,33.3331791,3526,2674747,2012/10/11 23:28:00+00,2012,Kyrene Rd,Warner Rd,-515.856,Driveway,1,0,Accident,ANGLE (Front To Side)(Other Than Left Turn),Daylight,Cloudy,Dry,Pedalcyclist,37,Female,North,Going Straight Ahead,Drove Rode In Opposing Traffic Lane,No Apparent Influence,No Apparent Influence,Driver,51,Male,East,Making Right Turn,No Improper Action,No Apparent Influence,No Apparent Influence,33.3331791,-111.9456568
-111.9458793,33.3631451,3743,2679245,2012/11/06 23:27:00+00,2012,Kyrene Rd,Guadalupe Rd,-185.856,Not Junction Related,1,0,Accident,ANGLE (Front To Side)(Other Than Left Turn),Daylight,Clear,Dry,Driver,31,Male,West,Other,Failed To Yield Right Of Way,No Apparent Influence,No Apparent Influence,Driver,44,Male,North,Going Straight Ahead,No Improper Action,No Apparent Influence,No Apparent Influence,33.3631451,-111.9458793
-111.9457245,33.34985378,3761,2677816,2012/11/30 01:03:00+00,2012,Kyrene Rd,Elliot Rd,240.24,Not Junction Related,2,0,Accident,Rear End,Dark Lighted,Clear,Dry,Driver,40,Male,South,Going Straight Ahead,Inattention Distraction,No Apparent Influence,No Apparent Influence,Driver,51,Female,South,Stopped In Trafficway,No Improper Action,No Apparent Influence,No Apparent Influence,33.34985378,-111.9457245
-111.9456464,33.33467896,3803,2674320,2012/11/19 15:47:00+00,2012,Kyrene Rd,Warner Rd,30.096,Unknown,1,0,Accident,Unknown,Dark Unknown Lighting,Unknown,Unknown,Driver,111,Unknown,Unknown,Unknown,Unknown,No Apparent Influence,No Apparent Influence,Driver,24,Female,Unknown,Unknown,Unknown,No Apparent Influence,No Apparent Influence,33.33467896,-111.9456464
-111.9458264,33.35459733,4086,2683675,2013/01/13 18:13:00+00,2013,Kyrene Rd,Grove Pkwy,-80.256,Not Junction Related,1,0,Accident,Sideswipe Same Direction,Daylight,Clear,Dry,Driver,18,Male,South,Going Straight Ahead,Unsafe Lane Change,No Apparent Influence,No Apparent Influence,Driver,36,Male,South,Going Straight Ahead,No Improper Action,No Apparent Influence,No Apparent Influence,33.35459733,-111.9458264
-111.9437806,33.38184167,4165,2680017,2012/12/25 23:33:00+00,2012,Kyrene Rd,Baseline Rd,1320,Not Junction Related,1,0,Accident,Single Vehicle,Daylight,Clear,Dry,Driver,32,Female,South,Going Straight Ahead,Speed To Fast For Conditions,Alcohol,No Apparent Influence,0,0,0,0,0,0,0,0,33.38184167,-111.9437806
-111.9457245,33.34984004,34,2599103,2012/01/03 23:57:00+00,2012,Kyrene Rd,Elliot Rd,234.96,Not Junction Related,0,0,No Accident,Left Turn,Daylight,Clear,Dry,Driver,34,Female,West,Making Left Turn,Other,No Apparent Influence,No Apparent Influence,Driver,32,Female,South,Going Straight Ahead,No Improper Action,No Apparent Influence,No Apparent Influence,33.34984004,-111.9457245
-111.9458829,33.36365606,196,2597319,2012/02/02 00:37:00+00,2012,Kyrene Rd,Guadalupe Rd,0,Unknown,0,0,No Accident,Left Turn,Daylight,Clear,Dry,Driver,24,Female,North,Going Straight Ahead,Disregarded Traffic Signal,No Apparent Influence,No Apparent Influence,Driver,56,Male,Southeast,Making Left Turn,No Improper Action,No Apparent Influence,No Apparent Influence,33.36365606,-111.9458829
-111.9458792,33.36313411,349,2599219,2012/01/18 23:06:00+00,2012,Kyrene Rd,Guadalupe Rd,-190.08,Driveway,0,0,No Accident,ANGLE (Front To Side)(Other Than Left Turn),Daylight,Clear,Dry,Driver,16,Female,West,Slowing In Trafficway,Inattention Distraction,No Apparent Influence,No Apparent Influence,Driver,45,Female,North,Going Straight Ahead,No Improper Action,No Apparent Influence,No Apparent Influence,33.36313411,-111.9458792
-111.9436714,33.39267988,356,2595669,2012/01/23 14:22:00+00,2012,Kyrene Rd,Southern Ave,-55.968,Not Junction Related,0,0,No Accident,Single Vehicle,Daylight,Clear,Dry,Driver,20,Male,North,Going Straight Ahead,Speed To Fast For Conditions,No Apparent Influence,No Apparent Influence,0,0,0,0,0,0,0,0,33.39267988,-111.9436714
-111.9458139,33.35209397,490,2593716,2012/02/03 21:29:00+00,2012,Kyrene Rd,Elliot Rd,1056,Not Junction Related,0,0,No Accident,Sideswipe Same Direction,Daylight,Clear,Dry,Driver,255,0,North,Other,Other,No Apparent Influence,No Apparent Influence,Driver,21,Female,North,Going Straight Ahead,No Improper Action,No Apparent Influence,No Apparent Influence,33.35209397,-111.9458139
-111.9456592,33.33553006,713,2589009,2012/02/13 23:24:00+00,2012,Kyrene Rd,Warner Rd,340.032,Not Junction Related,0,0,No Accident,ANGLE (Front To Side)(Other Than Left Turn),Daylight,Clear,Dry,Driver,77,Male,Northeast,Making Left Turn,Inattention Distraction,No Apparent Influence,No Apparent Influence,Driver,45,Male,North,Going Straight Ahead,No Improper Action,No Apparent Influence,No Apparent Influence,33.33553006,-111.9456592
-111.9458755,33.36260667,718,2597326,2012/02/14 14:37:00+00,2012,Kyrene Rd,Guadalupe Rd,-381.744,Not Junction Related,0,0,No Accident,Rear End,Daylight,Clear,Dry,Driver,32,Female,North,Going Straight Ahead,Speed To Fast For Conditions,No Apparent Influence,No Apparent Influence,Driver,65,Female,North,Stopped In Trafficway,No Improper Action,No Apparent Influence,No Apparent Influence,33.36260667,-111.9458755
-111.9456699,33.33624388,781,2603432,2012/02/24 14:07:00+00,2012,Kyrene Rd,Warner Rd,599.808,Not Junction Related,0,0,No Accident,Single Vehicle,Daylight,Clear,Dry,Driver,37,Male,South,Going Straight Ahead,Unsafe Lane Change,No Apparent Influence,No Apparent Influence,0,0,0,0,0,0,0,0,33.33624388,-111.9456699
-111.9458788,33.36306818,1022,2629006,2012/03/26 23:06:00+00,2012,Kyrene Rd,Guadalupe Rd,-213.84,Driveway,0,0,No Accident,Sideswipe Same Direction,Daylight,Clear,Dry,Driver,111,Female,North,Going Straight Ahead,Unknown,No Apparent Influence,No Apparent Influence,Driver,38,Female,North,Going Straight Ahead,Unknown,No Apparent Influence,No Apparent Influence,33.36306818,-111.9458788
-111.9458788,33.36307367,1027,2630084,2012/03/09 14:44:00+00,2012,Kyrene Rd,Guadalupe Rd,-212.256,Intersection Related Interchange,0,0,No Accident,Sideswipe Same Direction,Daylight,Clear,Dry,Driver,39,Female,North,Changing Lanes,Unsafe Lane Change,No Apparent Influence,No Apparent Influence,Driver,64,Female,North,Going Straight Ahead,No Improper Action,No Apparent Influence,No Apparent Influence,33.36307367,-111.9458788
-111.9459706,33.37788193,1063,2610979,2012/03/12 19:50:00+00,2012,Kyrene Rd,Baseline Rd,-115.104,Intersection Related Non Interchange,0,0,No Accident,Single Vehicle,Daylight,Clear,Dry,Driver,21,Female,North,Going Straight Ahead,Other,No Apparent Influence,No Apparent Influence,0,0,0,0,0,0,0,0,33.37788193,-111.9459706
-111.9459705,33.3778682,1122,2648011,2012/04/04 23:05:00+00,2012,Kyrene Rd,Baseline Rd,-119.856,Intersection Related Non Interchange,0,0,No Accident,Rear End,Daylight,Clear,Dry,Driver,23,Male,North,Going Straight Ahead,Speed To Fast For Conditions,No Apparent Influence,No Apparent Influence,Driver,19,Female,North,Stopped In Trafficway,No Improper Action,No Apparent Influence,No Apparent Influence,33.3778682,-111.9459705
-111.9457401,33.34795991,1158,2646278,2012/03/27 14:46:00+00,2012,Kyrene Rd,Elliot Rd,-449.856,Not Junction Related,0,0,No Accident,Rear End,Daylight,Clear,Dry,Driver,24,Female,North,Going Straight Ahead,Inattention Distraction,No Apparent Influence,No Apparent Influence,Driver,60,Male,North,Stopped In Trafficway,No Improper Action,No Apparent Influence,No Apparent Influence,33.34795991,-111.9457401
-111.9459701,33.37778577,1563,2629963,2012/04/21 22:09:00+00,2012,Kyrene Rd,Baseline Rd,-149.952,Not Junction Related,0,0,No Accident,Rear End,Daylight,Clear,Dry,Driver,19,Male,South,Going Straight Ahead,Inattention Distraction,No Apparent Influence,No Apparent Influence,Driver,19,Female,South,Going Straight Ahead,No Improper Action,No Apparent Influence,No Apparent Influence,33.37778577,-111.9459701
-111.9458811,33.36341157,1602,2627353,2012/05/26 01:15:00+00,2012,Kyrene Rd,Guadalupe Rd,-89.232,Intersection Related Non Interchange,0,0,No Accident,Rear End,Daylight,Clear,Dry,Driver,64,Male,North,Going Straight Ahead,Speed To Fast For Conditions,No Apparent Influence,No Apparent Influence,Driver,53,Male,North,Stopped In Trafficway,No Improper Action,No Apparent Influence,No Apparent Influence,33.36341157,-111.9458811
-111.9324286,33.39284686,3322,2674889,2012/10/23 23:47:00+00,2012,La Corta Dr,Southern Ave,-26.928,Intersection Related Non Interchange,1,0,Accident,ANGLE (Front To Side)(Other Than Left Turn),Daylight,Clear,Dry,Pedalcyclist,22,Male,West,Crossing Road,Other,No Apparent Influence,No Apparent Influence,Driver,63,Male,East,Making Right Turn,No Improper Action,No Apparent Influence,No Apparent Influence,33.39284686,-111.9324286
-111.9265998,33.38938242,619,2595576,2012/02/10 01:01:00+00,2012,La Jolla Dr,Rural Rd,-60.192,Intersection Related Non Interchange,0,0,No Accident,Rear End,Dark Lighted,Clear,Dry,Driver,255,0,East,Going Straight Ahead,Speed To Fast For Conditions,No Apparent Influence,No Apparent Influence,Driver,19,Female,East,Stopped In Trafficway,No Improper Action,No Apparent Influence,No Apparent Influence,33.38938242,-111.9265998
-111.9449024,33.3914398,3486,2675686,2012/11/01 01:23:00+00,2012,Laguna Dr,Kyrene Rd,-374.88,Not Junction Related,1,0,Accident,Single Vehicle,Dark Lighted,Clear,Dry,Driver,49,Female,East,Going Straight Ahead,Speed To Fast For Conditions,Alcohol,No Apparent Influence,0,0,0,0,0,0,0,0,33.3914398,-111.9449024
-111.9608701,33.42036512,937,2646283,2012/03/31 19:32:00+00,2012,Laird St,Priest Dr,0,Intersection Non Interchange,1,0,Accident,ANGLE (Front To Side)(Other Than Left Turn),Daylight,Clear,Dry,Pedalcyclist,22,Male,Southwest,Going Straight Ahead,Drove Rode In Opposing Traffic Lane,No Apparent Influence,No Apparent Influence,Driver,22,Female,Southwest,Making Right Turn,No Improper Action,No Apparent Influence,No Apparent Influence,33.42036512,-111.9608701
-111.9206873,33.3796174,486,2595672,2012/02/03 20:46:00+00,2012,Lakeshore Dr,Baseline Rd,479.952,Not Junction Related,1,0,Accident,ANGLE (Front To Side)(Other Than Left Turn),Daylight,Clear,Dry,Driver,72,Male,North,Making U Turn,Inattention Distraction,No Apparent Influence,No Apparent Influence,Driver,75,Female,North,Going Straight Ahead,No Improper Action,No Apparent Influence,No Apparent Influence,33.3796174,-111.9206873
-111.919144,33.37451385,2928,2675608,2012/10/03 15:05:00+00,2012,Lakeshore Dr,Steamboat Bend Dr,-38.016,Not Junction Related,1,0,Accident,Single Vehicle,Daylight,Clear,Dry,Driver,38,Female,South,Going Straight Ahead,Other,No Apparent Influence,No Apparent Influence,0,0,0,0,0,0,0,0,33.37451385,-111.919144
-111.9215577,33.38047974,4232,2674819,2012/12/12 01:23:00+00,2012,Lakeshore Dr,Fremont Dr,0,Intersection Non Interchange,1,0,Accident,Left Turn,Dark Lighted,Clear,Dry,Driver,51,Male,Southwest,Making Left Turn,Failed To Yield Right Of Way,No Apparent Influence,No Apparent Influence,Driver,24,Female,Northwest,Going Straight Ahead,No Improper Action,No Apparent Influence,No Apparent Influence,33.38047974,-111.9215577
-111.9199356,33.3674028,243,2596051,2012/01/20 21:54:00+00,2012,Lakeshore Dr,Westchester Ave,0,Intersection Non Interchange,0,0,No Accident,Rear End,Daylight,Clear,Dry,Driver,35,Male,North,Going Straight Ahead,Speed To Fast For Conditions,No Apparent Influence,No Apparent Influence,Driver,16,Male,North,Stopped In Trafficway,No Improper Action,No Apparent Influence,No Apparent Influence,33.3674028,-111.9199356
-111.920478,33.37816968,313,2595024,2012/01/14 20:42:00+00,2012,Lakeshore Dr,Baseline Rd,-54.912,Intersection Related Non Interchange,0,0,No Accident,Rear End,Daylight,Cloudy,Dry,Driver,31,Male,North,Slowing In Trafficway,Speed To Fast For Conditions,No Apparent Influence,No Apparent Influence,Driver,45,Male,North,Stopped In Trafficway,No Improper Action,No Apparent Influence,No Apparent Influence,33.37816968,-111.920478
-111.8862519,33.41507573,4358,2687275,2013/01/05 22:22:00+00,2013,Lebanon Ln,Apache Blvd,99.792,Not Junction Related,1,0,Accident,ANGLE (Front To Side)(Other Than Left Turn),Daylight,Clear,Dry,Driver,112,Unknown,North,Going Straight Ahead,Unknown,No Apparent Influence,No Apparent Influence,Pedestrian,51,Male,West,Other,Unknown,No Apparent Influence,No Apparent Influence,33.41507573,-111.8862519
-111.8862798,33.4189892,416,2595139,2012/02/19 02:36:00+00,2012,Lebanon Ln,Victory Dr,200.112,Not Junction Related,0,0,No Accident,Head On,Dark Not Lighted,Clear,Dry,Driver,21,Female,South,Going Straight Ahead,Inattention Distraction,No Apparent Influence,No Apparent Influence,Driverless,0,0,Unknown,Improperly Parked,0,0,0,33.4189892,-111.8862798
-111.9188361,33.41668622,574,2594962,2012/03/04 09:30:00+00,2012,Lemon St,Mariana St,-24.816,Intersection Related Non Interchange,1,0,Accident,Unknown,Dark Lighted,Clear,Dry,Driver,111,Unknown,West,Going Straight Ahead,Unknown,No Apparent Influence,No Apparent Influence,Pedestrian,23,Female,Unknown,Unknown,Unknown,Alcohol,No Apparent Influence,33.41668622,-111.9188361
-111.9348332,33.41611012,1153,2657940,2012/04/07 00:40:00+00,2012,Lemon St,College Ave,33.792,Intersection Related Interchange,1,0,Accident,Head On,Daylight,Clear,Dry,Driver,22,Male,West,Making Left Turn,Inattention Distraction,No Apparent Influence,No Apparent Influence,Pedalcyclist,21,Male,South,Going Straight Ahead,Drove Rode In Opposing Traffic Lane,No Apparent Influence,No Apparent Influence,33.41611012,-111.9348332
-111.9215979,33.4167398,2144,2665119,2012/07/26 18:15:00+00,2012,Lemon St,Terrace Rd,247.104,Driveway,1,0,Accident,ANGLE (Front To Side)(Other Than Left Turn),Daylight,Clear,Dry,Driver,28,Female,East,Going Straight Ahead,Other Unsafe Passing,No Apparent Influence,No Apparent Influence,Driver,38,Male,East,Making Right Turn,Other,No Apparent Influence,No Apparent Influence,33.4167398,-111.9215979
-111.9332631,33.41611461,2533,2657947,2012/08/29 23:50:00+00,2012,Lemon St,Normal Dr,0,Not Junction Related,1,0,Accident,Left Turn,Daylight,Clear,Dry,Driver,33,Male,South,Making Left Turn,Inattention Distraction,No Apparent Influence,No Apparent Influence,Pedalcyclist,47,Female,East,Going Straight Ahead,No Improper Action,No Apparent Influence,No Apparent Influence,33.41611461,-111.9332631
-111.9197034,33.41670345,3974,2678072,2012/11/12 16:27:00+00,2012,Lemon St,Stanley Pl,264,Unknown,1,0,Accident,ANGLE (Front To Side)(Other Than Left Turn),Daylight,Clear,Dry,Driver,23,Male,North,Making Right Turn,Inattention Distraction,No Apparent Influence,No Apparent Influence,Pedalcyclist,38,Male,East,Going Straight Ahead,Knowingly Operated With Faulty Missing Equipment,No Apparent Influence,No Apparent Influence,33.41670345,-111.9197034
-111.9261458,33.41682922,4471,2691264,2013/01/31 15:18:00+00,2013,Lemon St,Rural Rd,42.768,Intersection Related Non Interchange,1,0,Accident,Left Turn,Daylight,Clear,Dry,Driver,36,Female,East,Making Left Turn,Failed To Yield Right Of Way,No Apparent Influence,No Apparent Influence,Pedestrian,55,Female,North,Crossing Road,No Improper Action,No Apparent Influence,No Apparent Influence,33.41682922,-111.9261458
-111.9267734,33.41679618,203,2657859,2012/02/02 14:20:00+00,2012,Lemon St,Rural Rd,-149.952,Not Junction Related,0,0,No Accident,Other,Dawn,Clear,Dry,Driver,18,Male,South,Making Left Turn,Other,No Apparent Influence,No Apparent Influence,Pedestrian,40,Female,West,Going Straight Ahead,No Improper Action,No Apparent Influence,No Apparent Influence,33.41679618,-111.9267734
-111.9259755,33.41682497,1595,2631026,2012/04/26 02:10:00+00,2012,Lemon St,Rural Rd,95.04,Intersection Related Interchange,0,0,No Accident,Rear End,Dusk,Clear,Dry,Driver,24,Female,West,Going Straight Ahead,Exceeded Lawful Speed,No Apparent Influence,No Apparent Influence,Driver,26,Male,West,Stopped In Trafficway,No Improper Action,No Apparent Influence,No Apparent Influence,33.41682497,-111.9259755
-111.9175445,33.36537994,548,2597106,2012/02/11 20:06:00+00,2012,Libra Dr,Elm St,-165.264,Not Junction Related,1,0,Accident,Single Vehicle,Daylight,Clear,Dry,Driver,46,Male,West,Going Straight Ahead,No Improper Action,No Apparent Influence,No Apparent Influence,0,0,0,0,0,0,0,0,33.36537994,-111.9175445
-111.9062583,33.40136914,1611,2650862,2012/05/26 11:52:00+00,2012,Loma Vista Dr,Taylor Dr,-61.776,Not Junction Related,0,0,No Accident,Head On,Daylight,Clear,Dry,Driver,22,Female,West,Going Straight Ahead,Inattention Distraction,No Apparent Influence,No Apparent Influence,Driverless,0,0,East,Properly Parked,0,0,0,33.40136914,-111.9062583
-111.9047428,33.39424858,3570,2674764,2012/10/28 12:31:00+00,2012,Los Feliz Dr,Huntington Dr,139.92,Intersection Related Non Interchange,2,0,Accident,Single Vehicle,Daylight,Clear,Dry,Driver,19,Male,East,Going Straight Ahead,Speed To Fast For Conditions,Alcohol,No Apparent Influence,0,0,0,0,0,0,0,0,33.39424858,-111.9047428
-111.90412,33.40029508,476,2599211,2012/02/03 14:40:00+00,2012,Los Feliz Dr,Alameda Dr,53.856,Intersection Related Non Interchange,0,0,No Accident,Rear End,Daylight,Clear,Dry,Driver,27,Female,South,Going Straight Ahead,Speed To Fast For Conditions,No Apparent Influence,No Apparent Influence,Driver,18,Female,South,Stopped In Trafficway,No Improper Action,No Apparent Influence,No Apparent Influence,33.40029508,-111.90412
-111.9559181,33.38883742,291,2586111,2012/01/09 01:52:00+00,2012,Manhatton Dr,Hardy Dr,-1056,Not Junction Related,0,0,No Accident,Head On,Dark Lighted,Clear,Dry,Driver,24,Male,East,Going Straight Ahead,No Improper Action,No Apparent Influence,No Apparent Influence,Driver,111,Male,West,Other,No Improper Action,No Apparent Influence,No Apparent Influence,33.38883742,-111.9559181
-111.9412652,33.425616,433,2599594,2012/02/20 20:56:00+00,2012,Maple Ave,5th St,43.824,Intersection Related Non Interchange,1,0,Accident,ANGLE (Front To Side)(Other Than Left Turn),Daylight,Clear,Dry,Pedalcyclist,21,Female,East,Other,Other,No Apparent Influence,No Apparent Influence,Driver,30,Male,South,Going Straight Ahead,No Improper Action,No Apparent Influence,No Apparent Influence,33.425616,-111.9412652
-111.9400671,33.36833785,310,2592295,2012/01/14 12:00:00+00,2012,Maple Ave,Julie Dr,0,Not Junction Related,0,0,No Accident,Single Vehicle,Dark Not Lighted,Clear,Dry,Driver,28,Male,North,Going Straight Ahead,Failed To Keep In Proper Lane,No Apparent Influence,No Apparent Influence,0,0,0,0,0,0,0,0,33.36833785,-111.9400671
-111.9412179,33.41904859,732,2599215,2012/02/16 00:04:00+00,2012,Maple Ave,10th St,0,Intersection Non Interchange,0,0,No Accident,ANGLE (Front To Side)(Other Than Left Turn),Daylight,Clear,Dry,Driver,24,Female,South,Going Straight Ahead,Ran Stop Sign,No Apparent Influence,No Apparent Influence,Driver,23,Female,East,Going Straight Ahead,No Improper Action,No Apparent Influence,No Apparent Influence,33.41904859,-111.9412179
-111.9411863,33.41528838,1227,2625860,2012/05/02 19:00:00+00,2012,Maple Ave,13th St,200.112,Not Junction Related,0,0,No Accident,Unknown,Daylight,Unknown,Unknown,Driver,111,Unknown,Unknown,Unknown,Unknown,No Apparent Influence,No Apparent Influence,Driverless,0,0,North,Properly Parked,0,0,0,33.41528838,-111.9411863
-111.9289148,33.42190697,443,2599200,2012/02/21 21:37:00+00,2012,Mcallister Ave,Stadium Dr,-40.128,Intersection Related Non Interchange,1,0,Accident,ANGLE (Front To Side)(Other Than Left Turn),Daylight,Clear,Dry,Pedalcyclist,28,Male,West,Going Straight Ahead,Drove Rode In Opposing Traffic Lane,No Apparent Influence,No Apparent Influence,Driver,255,0,South,Making Right Turn,No Improper Action,No Apparent Influence,No Apparent Influence,33.42190697,-111.9289148
-111.9289235,33.42008735,3721,2670112,2012/11/14 18:49:00+00,2012,Mcallister Ave,Tyler St,-57.024,Intersection Related Non Interchange,1,0,Accident,Sideswipe Same Direction,Daylight,Clear,Dry,Pedalcyclist,18,Female,North,Making Left Turn,Other,No Apparent Influence,No Apparent Influence,Driver,21,Female,North,Going Straight Ahead,No Improper Action,No Apparent Influence,No Apparent Influence,33.42008735,-111.9289235
-111.9289161,33.42191786,3808,2677909,2012/11/19 23:16:00+00,2012,Mcallister Ave,University Dr,-35.904,Not Junction Related,1,0,Accident,ANGLE (Front To Side)(Other Than Left Turn),Daylight,Clear,Dry,Pedalcyclist,18,Male,West,Crossing Road,Failed To Yield Right Of Way,No Apparent Influence,No Apparent Influence,Driver,21,Female,South,Making Left Turn,No Improper Action,No Apparent Influence,No Apparent Influence,33.42191786,-111.9289161
-111.928839,33.41844027,777,2603230,2012/02/24 04:36:00+00,2012,Mcallister Ave,Terrace Rd,0,Unknown,0,0,No Accident,ANGLE (Front To Side)(Other Than Left Turn),Dark Lighted,Clear,Dry,Driver,20,Male,Southeast,Making Right Turn,Disregarded Traffic Signal,No Apparent Influence,No Apparent Influence,Driver,22,Female,South,Going Straight Ahead,No Improper Action,No Apparent Influence,No Apparent Influence,33.41844027,-111.928839
-111.9095128,33.43498588,2,2584442,2012/01/10 14:55:00+00,2012,Mcclintock Dr,State Route 202 Exit 8 A-Ramp,-533.808,Intersection Related Non Interchange,3,0,Accident,Rear End,Daylight,Clear,Dry,Driver,26,Female,North,Going Straight Ahead,Speed To Fast For Conditions,No Apparent Influence,No Apparent Influence,Driver,21,Female,North,Stopped In Trafficway,No Improper Action,No Apparent Influence,No Apparent Influence,33.43498588,-111.9095128
-111.9095923,33.43620431,63,2589143,2012/01/10 23:45:00+00,2012,Mcclintock Dr,State Route 202 Exit 8 A-Ramp,-89.76,Entrance Exit Ramp Interchange,1,0,Accident,ANGLE (Front To Side)(Other Than Left Turn),Daylight,Clear,Dry,Driver,53,Female,South,Going Straight Ahead,Unknown,No Apparent Influence,No Apparent Influence,Driver,21,Male,Southeast,Making Right Turn,Unknown,No Apparent Influence,No Apparent Influence,33.43620431,-111.9095923
-111.9092004,33.3838794,64,2597167,2012/01/11 00:19:00+00,2012,Mcclintock Dr,Carson Dr,0,Intersection Non Interchange,2,0,Accident,ANGLE (Front To Side)(Other Than Left Turn),Daylight,Clear,Dry,Driver,51,Female,East,Making Left Turn,Other,No Apparent Influence,No Apparent Influence,Driver,22,Female,South,Going Straight Ahead,No Improper Action,No Apparent Influence,No Apparent Influence,33.3838794,-111.9092004
-111.9090955,33.42074107,82,2589811,2012/01/27 16:48:00+00,2012,Mcclintock Dr,Center Ln,-44.88,Driveway,1,0,Accident,ANGLE (Front To Side)(Other Than Left Turn),Daylight,Cloudy,Dry,Pedalcyclist,26,Female,North,Going Straight Ahead,Other,No Apparent Influence,No Apparent Influence,Driver,19,Female,East,Making Right Turn,No Improper Action,No Apparent Influence,No Apparent Influence,33.42074107,-111.9090955
-111.9090821,33.42145358,115,2592271,2012/01/27 22:59:00+00,2012,Mcclintock Dr,University Dr,-191.136,Intersection Related Non Interchange,1,0,Accident,ANGLE (Front To Side)(Other Than Left Turn),Daylight,Cloudy,Dry,Pedalcyclist,255,0,East,Crossing Road,Other,No Apparent Influence,No Apparent Influence,Driver,59,Male,North,Going Straight Ahead,No Improper Action,No Apparent Influence,No Apparent Influence,33.42145358,-111.9090821
-111.9091214,33.43019027,124,2596019,2012/01/28 20:54:00+00,2012,Mcclintock Dr,Rio Salado Pkwy,340.032,Unknown Non Interchange,1,0,Accident,Rear End,Daylight,Clear,Dry,Driver,24,Male,North,Going Straight Ahead,Followed Too Closely,No Apparent Influence,No Apparent Influence,Driver,37,Male,North,Stopped In Trafficway,No Improper Action,No Apparent Influence,No Apparent Influence,33.43019027,-111.9091214
-111.9091256,33.39223539,152,2599110,2012/01/31 00:11:00+00,2012,Mcclintock Dr,Southern Ave,-274.032,Intersection Non Interchange,1,0,Accident,Left Turn,Daylight,Clear,Dry,Pedalcyclist,45,Male,East,Going Straight Ahead,Did Not Use Crosswalk,No Apparent Influence,No Apparent Influence,Driver,44,Female,South,Going Straight Ahead,No Improper Action,No Apparent Influence,No Apparent Influence,33.39223539,-111.9091256