X,Y,OBJECTID,Incidentid,DateTime,Year,StreetName,CrossStreet,Distance,JunctionRelation,Totalinjuries,TotalAccidentities,EventSeverity,Collisionmanner,Lightcondition,Weather,SurfaceCondition,Unittype_One,Age_Drv1,Gender_Drv1,Traveldirection_One,Unitaction_One,Violation1_Drv1,AlcoholUse_Drv1,DrugUse_Drv1,Unittype_Two,Age_Drv2,Gender_Drv2,Traveldirection_Two,Unitaction_Two,Violation1_Drv2,AlcoholUse_Drv2,DrugUse_Drv2,Latitude,Longitude
-111.9091202,33.40298911,188,2598339,2012/02/01 20:38:00+00,2012,Mcclintock Dr,Concorda Dr,0,Intersection Non Interchange,2,0,Accident,ANGLE (Front To Side)(Other Than Left Turn),Daylight,Clear,Dry,Driver,54,Female,Southeast,Making Left Turn,Other,No Apparent Influence,No Apparent Influence,Driver,23,Male,North,Going Straight Ahead,No Improper Action,No Apparent Influence,No Apparent Influence,33.40298911,-111.9091202
-111.9096122,33.43661582,279,2591196,2012/01/07 21:18:00+00,2012,Mcclintock Dr,State Route 202 Exit 8 J-Ramp,0,Intersection Related Interchange,2,0,Accident,Left Turn,Daylight,Clear,Dry,Driver,67,Male,Northwest,Making Left Turn,Disregarded Traffic Signal,No Apparent Influence,No Apparent Influence,Driver,26,Female,South,Going Straight Ahead,No Improper Action,No Apparent Influence,No Apparent Influence,33.43661582,-111.9096122
-111.9091303,33.39192241,335,2592226,2012/01/17 22:17:00+00,2012,Mcclintock Dr,Southern Ave,-388.08,Driveway,1,0,Accident,ANGLE (Front To Side)(Other Than Left Turn),Daylight,Clear,Dry,Driver,36,Male,Northeast,Making Left Turn,Other,No Apparent Influence,No Apparent Influence,Driver,25,Male,South,Going Straight Ahead,No Improper Action,No Apparent Influence,No Apparent Influence,33.39192241,-111.9091303
-111.9092475,33.37889827,441,2595169,2012/02/21 20:31:00+00,2012,Mcclintock Dr,Baseline Rd,174.24,Not Junction Related,1,0,Accident,ANGLE (Front To Side)(Other Than Left Turn),Daylight,Clear,Dry,Pedalcyclist,68,Male,West,Going Straight Ahead,Other,No Apparent Influence,No Apparent Influence,Driver,23,Female,South,Stopped In Trafficway,No Improper Action,No Apparent Influence,No Apparent Influence,33.37889827,-111.9092475
-111.9090517,33.42710912,444,2595117,2012/02/21 22:31:00+00,2012,Mcclintock Dr,3rd St,-102.96,Not Junction Related,1,0,Accident,Single Vehicle,Daylight,Clear,Dry,Driver,19,Male,North,Going Straight Ahead,Speed To Fast For Conditions,No Apparent Influence,No Apparent Influence,0,0,0,0,0,0,0,0,33.42710912,-111.9090517
-111.9091121,33.41373548,544,2596900,2012/03/01 22:20:00+00,2012,Mcclintock Dr,Apache Blvd,-372.24,Driveway,1,0,Accident,Head On,Daylight,Clear,Dry,Driver,19,Female,Southwest,Making Left Turn,Other,No Apparent Influence,No Apparent Influence,Driver,51,Female,North,Going Straight Ahead,No Improper Action,No Apparent Influence,No Apparent Influence,33.41373548,-111.9091121
-111.9091106,33.40832072,557,2630718,2012/03/02 23:15:00+00,2012,Mcclintock Dr,Broadway Rd,299.904,Intersection Related Non Interchange,1,0,Accident,Rear End,Daylight,Clear,Dry,Driver,17,Female,South,Slowing In Trafficway,Speed To Fast For Conditions,No Apparent Influence,No Apparent Influence,Driver,19,Female,South,Stopped In Trafficway,No Improper Action,No Apparent Influence,No Apparent Influence,33.40832072,-111.9091106
-111.9091238,33.39666775,564,2608262,2012/03/03 19:53:00+00,2012,Mcclintock Dr,Del Rio Dr,26.928,Intersection Related Non Interchange,1,0,Accident,Other,Daylight,Clear,Dry,Pedestrian,16,Female,East,Crossing Road,Other,No Apparent Influence,No Apparent Influence,Driver,51,Male,North,Going Straight Ahead,Exceeded Lawful Speed,No Apparent Influence,No Apparent Influence,33.39666775,-111.9091238
-111.9091806,33.38623754,610,2591088,2012/02/09 21:33:00+00,2012,Mcclintock Dr,US Highway 60 Exit 175 C-Ramp,0,Intersection Interchange,2,0,Accident,ANGLE (Front To Side)(Other Than Left Turn),Daylight,Clear,Dry,Driver,30,Male,North,Going Straight Ahead,Disregarded Traffic Signal,No Apparent Influence,No Apparent Influence,Driver,37,Male,West,Making Left Turn,No Improper Action,No Apparent Influence,No Apparent Influence,33.38623754,-111.9091806
-111.9112807,33.37209447,623,2597147,2012/02/10 17:33:00+00,2012,Mcclintock Dr,Cornell Dr,-52.8,Intersection Related Non Interchange,1,0,Accident,Rear End,Daylight,Clear,Dry,Driver,19,Female,North,Slowing In Trafficway,Speed To Fast For Conditions,No Apparent Influence,No Apparent Influence,Driver,20,Female,North,Stopped In Trafficway,No Improper Action,No Apparent Influence,No Apparent Influence,33.37209447,-111.9112807
-111.9092439,33.37953315,731,2599688,2012/02/16 00:01:00+00,2012,Mcclintock Dr,Baseline Rd,404.976,Not Junction Related,2,0,Accident,Left Turn,Daylight,Clear,Dry,Driver,66,Male,West,Making Left Turn,Other,No Apparent Influence,No Apparent Influence,Driver,65,Female,South,Going Straight Ahead,No Improper Action,No Apparent Influence,No Apparent Influence,33.37953315,-111.9092439
-111.9112468,33.36410619,791,2608195,2012/02/25 00:36:00+00,2012,Mcclintock Dr,Guadalupe Rd,126.192,Driveway,1,0,Accident,Left Turn,Dusk,Clear,Dry,Driver,23,Male,South,Making Left Turn,Other,No Apparent Influence,No Apparent Influence,Driver,59,Male,North,Going Straight Ahead,No Improper Action,No Apparent Influence,No Apparent Influence,33.36410619,-111.9112468
-111.9091163,33.39536517,861,2601308,2012/03/05 23:17:00+00,2012,Mcclintock Dr,Del Rio Dr,-447.216,Not Junction Related,3,0,Accident,Left Turn,Daylight,Clear,Dry,Driver,58,Female,Southwest,Unknown,Inattention Distraction,No Apparent Influence,No Apparent Influence,Driver,21,Male,North,Going Straight Ahead,No Improper Action,No Apparent Influence,No Apparent Influence,33.39536517,-111.9091163
-111.9112196,33.35962197,908,2611080,2012/03/08 22:57:00+00,2012,Mcclintock Dr,Bell De Mar Dr,-29.04,Intersection Related Non Interchange,1,0,Accident,Left Turn,Daylight,Clear,Dry,Driver,85,Male,West,Making Left Turn,Inattention Distraction,No Apparent Influence,No Apparent Influence,Pedalcyclist,10,Male,East,Crossing Road,No Improper Action,No Apparent Influence,No Apparent Influence,33.35962197,-111.9112196
-111.9091145,33.39298764,920,2611794,2012/03/30 18:50:00+00,2012,Mcclintock Dr,Southern Ave,0,Intersection Non Interchange,1,0,Accident,ANGLE (Front To Side)(Other Than Left Turn),Daylight,Clear,Unknown,Driver,111,Unknown,Southwest,Making Left Turn,Unknown,No Apparent Influence,No Apparent Influence,Pedalcyclist,28,Male,South,Going Straight Ahead,Other,No Apparent Influence,No Apparent Influence,33.39298764,-111.9091145
-111.9091197,33.41441704,922,2606549,2012/03/30 20:44:00+00,2012,Mcclintock Dr,Apache Blvd,-124.08,Intersection Related Non Interchange,1,0,Accident,Rear End,Daylight,Clear,Dry,Driver,255,0,North,Going Straight Ahead,Unknown,No Apparent Influence,No Apparent Influence,Driver,55,Female,North,Stopped In Trafficway,Unknown,No Apparent Influence,No Apparent Influence,33.41441704,-111.9091197
-111.9091167,33.39283664,1018,2611517,2012/03/26 15:04:00+00,2012,Mcclintock Dr,Southern Ave,-54.912,Intersection Related Non Interchange,1,0,Accident,ANGLE (Front To Side)(Other Than Left Turn),Daylight,Clear,Dry,Pedalcyclist,20,Male,West,Going Straight Ahead,Other,No Apparent Influence,No Apparent Influence,Driver,36,Female,East,Making Right Turn,No Improper Action,No Apparent Influence,No Apparent Influence,33.39283664,-111.9091167
-111.9091202,33.41488691,1114,2630713,2012/03/16 16:30:00+00,2012,Mcclintock Dr,Apache Blvd,48.048,Intersection Related Non Interchange,1,0,Accident,Other,Daylight,Clear,Dry,Driver,52,Female,Northwest,Making Right Turn,Other,No Apparent Influence,No Apparent Influence,Pedalcyclist,20,Male,West,Going Straight Ahead,No Improper Action,No Apparent Influence,No Apparent Influence,33.41488691,-111.9091202
-111.9091372,33.43039799,1116,2630714,2012/03/16 19:44:00+00,2012,Mcclintock Dr,Rio Salado Pkwy,416.064,Not Junction Related,1,0,Accident,Rear End,Daylight,Clear,Dry,Driver,23,Male,North,Going Straight Ahead,Followed Too Closely,No Apparent Influence,No Apparent Influence,Driver,44,Male,North,Stopped In Trafficway,No Improper Action,No Apparent Influence,No Apparent Influence,33.43039799,-111.9091372
-111.9090915,33.41833037,1124,2622440,2012/04/05 01:10:00+00,2012,Mcclintock Dr,Don Carlos Ave,310.992,Not Junction Related,1,0,Accident,Left Turn,Daylight,Clear,Dry,Driver,31,Female,West,Making Left Turn,Other,No Apparent Influence,No Apparent Influence,Pedalcyclist,23,Male,South,Going Straight Ahead,No Improper Action,No Apparent Influence,No Apparent Influence,33.41833037,-111.9090915
-111.9091129,33.40694682,1244,2631158,2012/05/03 19:20:00+00,2012,Mcclintock Dr,Broadway Rd,-200.112,Not Junction Related,1,0,Accident,ANGLE (Front To Side)(Other Than Left Turn),Daylight,Clear,Dry,Pedalcyclist,24,Male,South,Going Straight Ahead,Other,No Apparent Influence,No Apparent Influence,Driver,29,Male,West,Going Straight Ahead,No Improper Action,No Apparent Influence,No Apparent Influence,33.40694682,-111.9091129
-111.9112427,33.3632501,1270,2630335,2012/05/09 18:00:00+00,2012,Mcclintock Dr,Guadalupe Rd,-185.856,Not Junction Related,3,0,Accident,Rear End,Daylight,Clear,Dry,Driver,40,Male,North,Going Straight Ahead,Inattention Distraction,Alcohol,No Apparent Influence,Driver,71,Female,North,Stopped In Trafficway,No Improper Action,No Apparent Influence,No Apparent Influence,33.3632501,-111.9112427
-111.9091238,33.396665,1453,2626869,2012/04/13 22:34:00+00,2012,Mcclintock Dr,Del Rio Dr,25.872,Intersection Related Non Interchange,1,0,Accident,ANGLE (Front To Side)(Other Than Left Turn),Daylight,Clear,Dry,Pedestrian,12,Female,West,Other,Other,No Apparent Influence,No Apparent Influence,Driver,29,Male,North,Going Straight Ahead,No Improper Action,No Apparent Influence,No Apparent Influence,33.396665,-111.9091238
-111.91122,33.35970164,1533,2630864,2012/04/09 14:57:00+00,2012,Mcclintock Dr,Bell De Mar Dr,0,Intersection Non Interchange,2,0,Accident,ANGLE (Front To Side)(Other Than Left Turn),Daylight,Clear,Dry,Driver,48,Female,South,Going Straight Ahead,Disregarded Traffic Signal,No Apparent Influence,No Apparent Influence,Driver,56,Male,West,Going Straight Ahead,No Improper Action,No Apparent Influence,No Apparent Influence,33.35970164,-111.91122
-111.9091111,33.40818333,1597,2655635,2012/04/26 13:47:00+00,2012,Mcclintock Dr,Broadway Rd,249.744,Driveway,1,0,Accident,ANGLE (Front To Side)(Other Than Left Turn),Dawn,Unknown,Unknown,Driver,111,Female,West,Going Straight Ahead,Speed To Fast For Conditions,No Apparent Influence,No Apparent Influence,Pedalcyclist,26,Female,North,Going Straight Ahead,No Improper Action,No Apparent Influence,No Apparent Influence,33.40818333,-111.9091111
-111.9112437,33.3633957,1635,2627668,2012/05/29 18:56:00+00,2012,Mcclintock Dr,Guadalupe Rd,-133.056,Not Junction Related,2,0,Accident,ANGLE (Front To Side)(Other Than Left Turn),Daylight,Clear,Dry,Driver,23,Female,South,Going Straight Ahead,Drove Rode In Opposing Traffic Lane,No Apparent Influence,No Apparent Influence,Driver,66,Male,North,Going Straight Ahead,No Improper Action,No Apparent Influence,No Apparent Influence,33.3633957,-111.9112437
-111.9091311,33.39186201,1652,2655585,2012/05/31 19:13:00+00,2012,Mcclintock Dr,Southern Ave,-410.256,Driveway,1,0,Accident,ANGLE (Front To Side)(Other Than Left Turn),Daylight,Clear,Dry,Driver,33,Male,South,Making Right Turn,Other,No Apparent Influence,No Apparent Influence,Driver,31,Female,South,Going Straight Ahead,No Improper Action,No Apparent Influence,No Apparent Influence,33.39186201,-111.9091311
-111.9090801,33.42205939,1659,2636419,2012/05/31 22:50:00+00,2012,Mcclintock Dr,University Dr,30.096,Intersection Related Non Interchange,2,0,Accident,Rear End,Daylight,Clear,Dry,Driver,25,Male,South,Slowing In Trafficway,Inattention Distraction,No Apparent Influence,No Apparent Influence,Driver,58,Female,South,Stopped In Trafficway,No Improper Action,No Apparent Influence,No Apparent Influence,33.42205939,-111.9090801
-111.9091201,33.41496111,1677,2638558,2012/06/07 03:21:00+00,2012,Mcclintock Dr,Apache Blvd,74.976,Intersection Related Non Interchange,1,0,Accident,ANGLE (Front To Side)(Other Than Left Turn),Dark Lighted,Clear,Dry,Pedalcyclist,35,Male,West,Going Straight Ahead,Disregarded Traffic Signal,No Apparent Influence,No Apparent Influence,Driver,37,Male,South,Going Straight Ahead,No Improper Action,No Apparent Influence,No Apparent Influence,33.41496111,-111.9091201
-111.9092469,33.37896968,1683,2627244,2012/05/17 17:44:00+00,2012,Mcclintock Dr,Baseline Rd,200.112,Not Junction Related,1,0,Accident,Left Turn,Daylight,Clear,Dry,Driver,90,Male,East,Making Left Turn,Failed To Yield Right Of Way,No Apparent Influence,No Apparent Influence,Driver,39,Male,North,Going Straight Ahead,No Improper Action,No Apparent Influence,No Apparent Influence,33.37896968,-111.9092469
-111.9091357,33.39155452,1719,2627638,2012/05/20 20:18:00+00,2012,Mcclintock Dr,Southern Ave,-522.192,Not Junction Related,2,0,Accident,Rear End,Daylight,Clear,Dry,Driver,22,Female,South,Going Straight Ahead,Speed To Fast For Conditions,No Apparent Influence,No Apparent Influence,Driver,55,Female,South,Slowing In Trafficway,No Improper Action,No Apparent Influence,No Apparent Influence,33.39155452,-111.9091357
-111.9091182,33.43014935,1835,2638555,2012/06/02 18:31:00+00,2012,Mcclintock Dr,Rio Salado Pkwy,325.776,Not Junction Related,1,0,Accident,Rear End,Daylight,Clear,Dry,Driver,49,Male,North,Going Straight Ahead,Followed Too Closely,No Apparent Influence,No Apparent Influence,Driver,82,Male,North,Slowing In Trafficway,No Improper Action,No Apparent Influence,No Apparent Influence,33.43014935,-111.9091182
-111.9090847,33.42121666,1990,2627225,2012/05/24 20:42:00+00,2012,Mcclintock Dr,University Dr,-277.2,Not Junction Related,2,0,Accident,Rear End,Daylight,Clear,Dry,Driver,39,Male,North,Going Straight Ahead,Speed To Fast For Conditions,Alcohol,No Apparent Influence,Driver,51,Female,North,Stopped In Trafficway,No Improper Action,No Apparent Influence,No Apparent Influence,33.42121666,-111.9090847
-111.9091078,33.41588463,2003,2650783,2012/07/13 22:38:00+00,2012,Mcclintock Dr,12th St,-95.04,Not Junction Related,1,0,Accident,Rear End,Daylight,Cloudy,Dry,Driver,23,Female,South,Slowing In Trafficway,Speed To Fast For Conditions,No Apparent Influence,No Apparent Influence,Driver,22,Male,South,Stopped In Trafficway,No Improper Action,No Apparent Influence,No Apparent Influence,33.41588463,-111.9091078
-111.9092563,33.37764638,2005,2641863,2012/07/13 23:46:00+00,2012,Mcclintock Dr,Baseline Rd,-281.952,Driveway,1,0,Accident,Left Turn,Daylight,Clear,Dry,Driver,37,Male,South,Making Left Turn,Made Improper Turn,No Apparent Influence,No Apparent Influence,Driver,34,Female,North,Going Straight Ahead,No Improper Action,No Apparent Influence,No Apparent Influence,33.37764638,-111.9092563
-111.911223,33.36013333,2011,2640091,2012/07/08 17:47:00+00,2012,Mcclintock Dr,Guadalupe Rd,-1320,Driveway,2,0,Accident,Rear End,Daylight,Clear,Dry,Driver,19,Female,South,Slowing In Trafficway,No Improper Action,No Apparent Influence,No Apparent Influence,Driver,70,Female,South,Slowing In Trafficway,No Improper Action,No Apparent Influence,No Apparent Influence,33.36013333,-111.911223
-111.9090971,33.42087871,2037,2640101,2012/07/20 22:42:00+00,2012,Mcclintock Dr,University Dr,-400.224,Not Junction Related,1,0,Accident,ANGLE (Front To Side)(Other Than Left Turn),Daylight,Clear,Dry,Pedalcyclist,28,Male,North,Going Straight Ahead,Other,No Apparent Influence,No Apparent Influence,Driver,79,Female,East,Other,No Improper Action,No Apparent Influence,No Apparent Influence,33.42087871,-111.9090971
-111.9112339,33.36195406,2112,2629178,2012/06/29 19:00:00+00,2012,Mcclintock Dr,Carmen St,544.896,Driveway,1,0,Accident,Head On,Daylight,Clear,Dry,Pedestrian,54,Male,West,Crossing Road,Did Not Use Crosswalk,No Apparent Influence,No Apparent Influence,Driver,24,Female,Northeast,Making Left Turn,No Improper Action,No Apparent Influence,No Apparent Influence,33.36195406,-111.9112339
-111.9090919,33.42221793,2143,2641919,2012/07/26 13:56:00+00,2012,Mcclintock Dr,University Dr,88.176,Intersection Related Non Interchange,1,0,Accident,Rear End,Daylight,Clear,Dry,Driver,20,Female,South,Going Straight Ahead,Electronic Communications Device,No Apparent Influence,No Apparent Influence,Driver,65,Male,South,Stopped In Trafficway,No Improper Action,No Apparent Influence,No Apparent Influence,33.42221793,-111.9090919
-111.9092235,33.38182909,2170,2641931,2012/07/29 06:13:00+00,2012,Mcclintock Dr,Minton Dr,0,Intersection Related Interchange,1,0,Accident,ANGLE (Front To Side)(Other Than Left Turn),Dark Lighted,Cloudy,Dry,Driver,22,Female,East,Making Left Turn,Failed To Yield Right Of Way,No Apparent Influence,No Apparent Influence,Driver,26,Male,South,Going Straight Ahead,No Improper Action,No Apparent Influence,No Apparent Influence,33.38182909,-111.9092235
-111.909118,33.39890767,2203,2641867,2012/07/11 20:54:00+00,2012,Mcclintock Dr,Campus Dr,203.808,Not Junction Related,2,0,Accident,Rear End,Daylight,Clear,Dry,Driver,51,Female,North,Going Straight Ahead,Speed To Fast For Conditions,No Apparent Influence,No Apparent Influence,Driver,24,Male,North,Stopped In Trafficway,No Improper Action,No Apparent Influence,No Apparent Influence,33.39890767,-111.909118
-111.9091005,33.41698132,2291,2638549,2012/06/24 10:01:00+00,2012,Mcclintock Dr,Don Carlos Ave,-180.048,Driveway,1,0,Accident,Left Turn,Dark Lighted,Clear,Dry,Driver,20,Male,North,Making Left Turn,Made Improper Turn,Alcohol,No Apparent Influence,Driver,28,Male,South,Going Straight Ahead,No Improper Action,No Apparent Influence,No Apparent Influence,33.41698132,-111.9091005
-111.9091191,33.40153456,2352,2650788,2012/07/17 22:58:00+00,2012,Mcclintock Dr,Loma Vista Dr,51.216,Not Junction Related,1,0,Accident,ANGLE (Front To Side)(Other Than Left Turn),Daylight,Clear,Dry,Driver,23,Female,Southeast,Changing Lanes,Other,No Apparent Influence,No Apparent Influence,Driver,33,Male,South,Going Straight Ahead,No Improper Action,No Apparent Influence,No Apparent Influence,33.40153456,-111.9091191
-111.9090499,33.42749375,2446,2650711,2012/08/23 23:15:00+00,2012,Mcclintock Dr,3rd St,36.96,Intersection Related Non Interchange,2,0,Accident,Rear End,Daylight,Clear,Dry,Driver,60,Male,South,Going Straight Ahead,Inattention Distraction,No Apparent Influence,No Apparent Influence,Driver,23,Male,South,Making Left Turn,Other,No Apparent Influence,No Apparent Influence,33.42749375,-111.9090499
-111.9091128,33.40724914,2465,2638585,2012/08/02 20:29:00+00,2012,Mcclintock Dr,Broadway Rd,-89.76,Intersection Related Non Interchange,1,0,Accident,Sideswipe Same Direction,Daylight,Clear,Dry,Driver,111,Unknown,North,Going Straight Ahead,Unsafe Lane Change,No Apparent Influence,No Apparent Influence,Driver,51,Male,North,Going Straight Ahead,No Improper Action,No Apparent Influence,No Apparent Influence,33.40724914,-111.9091128
-111.9091129,33.40636141,2557,2665014,2012/08/31 21:21:00+00,2012,Mcclintock Dr,Broadway Rd,-412.896,Not Junction Related,1,0,Accident,Sideswipe Same Direction,Daylight,Clear,Dry,Driver,57,Female,South,Changing Lanes,Inattention Distraction,No Apparent Influence,No Apparent Influence,Driver,26,Male,South,Going Straight Ahead,No Improper Action,No Apparent Influence,No Apparent Influence,33.40636141,-111.9091129
-111.9112418,33.36310176,2580,2662627,2012/08/13 14:59:00+00,2012,Mcclintock Dr,Guadalupe Rd,-240.24,Not Junction Related,2,0,Accident,Left Turn,Daylight,Clear,Dry,Driver,56,Female,South,Making Left Turn,Failed To Yield Right Of Way,No Apparent Influence,No Apparent Influence,Driver,36,Male,North,Going Straight Ahead,No Improper Action,No Apparent Influence,No Apparent Influence,33.36310176,-111.9112418
-111.9091174,33.39278997,2738,2674866,2012/09/04 16:24:00+00,2012,Mcclintock Dr,Southern Ave,-71.808,Not Junction Related,1,0,Accident,Single Vehicle,Daylight,Clear,Dry,Driver,55,Male,South,Going Straight Ahead,Inattention Distraction,No Apparent Influence,No Apparent Influence,0,0,0,0,0,0,0,0,33.39278997,-111.9091174
-111.9091121,33.41381243,2766,2664516,2012/08/17 21:12:00+00,2012,Mcclintock Dr,Apache Blvd,-344.256,Driveway,1,0,Accident,ANGLE (Front To Side)(Other Than Left Turn),Daylight,Clear,Dry,Driver,20,Male,West,Making Right Turn,Failed To Yield Right Of Way,No Apparent Influence,No Apparent Influence,Driver,17,Male,North,Going Straight Ahead,No Improper Action,No Apparent Influence,No Apparent Influence,33.41381243,-111.9091121
-111.9090504,33.42876366,2856,2670175,2012/09/18 22:10:00+00,2012,Mcclintock Dr,Rio Salado Pkwy,-180.048,Intersection Related Non Interchange,1,0,Accident,Rear End,Daylight,Clear,Dry,Driver,59,Male,North,Going Straight Ahead,Speed To Fast For Conditions,No Apparent Influence,No Apparent Influence,Driver,65,Female,North,Stopped In Trafficway,No Improper Action,No Apparent Influence,No Apparent Influence,33.42876366,-111.9090504
-111.9112049,33.35720334,2872,2665156,2012/09/21 23:05:00+00,2012,Mcclintock Dr,Diamond Dr,-40.128,Intersection Related Non Interchange,1,0,Accident,Rear End,Daylight,Clear,Dry,Driver,35,Male,South,Slowing In Trafficway,Inattention Distraction,No Apparent Influence,No Apparent Influence,Driver,15,Female,South,Stopped In Trafficway,No Improper Action,No Apparent Influence,No Apparent Influence,33.35720334,-111.9112049
-111.9095174,33.43503797,2891,2670189,2012/09/23 05:04:00+00,2012,Mcclintock Dr,State Route 202 Exit 8 J-Ramp,-574.992,Not Junction Related,4,0,Accident,Rear End,Dark Lighted,Clear,Dry,Driver,50,Male,West,Going Straight Ahead,Speed To Fast For Conditions,No Apparent Influence,No Apparent Influence,Driver,20,Male,North,Stopped In Trafficway,No Improper Action,No Apparent Influence,No Apparent Influence,33.43503797,-111.9095174
-111.9109977,33.37461099,2982,2664952,2012/09/29 19:05:00+00,2012,Mcclintock Dr,Oxford Dr,-319.968,Not Junction Related,2,0,Accident,Rear End,Daylight,Clear,Dry,Driver,58,Female,North,Going Straight Ahead,Inattention Distraction,No Apparent Influence,No Apparent Influence,Driver,54,Female,North,Slowing In Trafficway,No Improper Action,No Apparent Influence,No Apparent Influence,33.37461099,-111.9109977
-111.9090505,33.4284476,3145,2673992,2012/09/13 14:33:00+00,2012,Mcclintock Dr,Rio Salado Pkwy,-295.152,Not Junction Related,2,0,Accident,Rear End,Daylight,Clear,Dry,Driver,24,Female,North,Going Straight Ahead,Other,No Apparent Influence,No Apparent Influence,Driver,51,Female,North,Slowing In Trafficway,No Improper Action,No Apparent Influence,No Apparent Influence,33.4284476,-111.9090505
-111.9111656,33.33962709,3299,2673780,2012/10/18 00:57:00+00,2012,Mcclintock Dr,Calle De Caballos,0,Intersection Non Interchange,1,0,Accident,Left Turn,Dusk,Clear,Dry,Driver,61,Male,South,Making Left Turn,Failed To Yield Right Of Way,No Apparent Influence,No Apparent Influence,Driver,23,Male,North,Going Straight Ahead,No Improper Action,No Apparent Influence,No Apparent Influence,33.33962709,-111.9111656
-111.9111494,33.33381435,3307,2675281,2012/10/18 14:42:00+00,2012,Mcclintock Dr,Warner Rd,-299.904,Intersection Related Interchange,1,0,Accident,Rear End,Daylight,Clear,Dry,Driver,52,Female,North,Going Straight Ahead,Inattention Distraction,No Apparent Influence,No Apparent Influence,Driver,43,Male,North,Stopped In Trafficway,No Improper Action,No Apparent Influence,No Apparent Influence,33.33381435,-111.9111494
-111.9093673,33.43337076,3475,2679237,2012/11/06 17:46:00+00,2012,Mcclintock Dr,Rio Salado Pkwy,1500.048,Not Junction Related,1,0,Accident,Rear End,Daylight,Clear,Dry,Driver,26,Male,North,Going Straight Ahead,Inattention Distraction,No Apparent Influence,No Apparent Influence,Driver,60,Male,North,Stopped In Trafficway,No Improper Action,No Apparent Influence,No Apparent Influence,33.43337076,-111.9093673
-111.9090806,33.42347985,3563,2675624,2012/10/27 22:27:00+00,2012,Mcclintock Dr,University Dr,547.008,Not Junction Related,1,0,Accident,Rear End,Daylight,Clear,Dry,Driver,20,Female,South,Changing Lanes,Unsafe Lane Change,No Apparent Influence,No Apparent Influence,Driver,42,Male,South,Going Straight Ahead,No Improper Action,No Apparent Influence,No Apparent Influence,33.42347985,-111.9090806
-111.9091196,33.39637126,3609,2678413,2012/12/04 23:40:00+00,2012,Mcclintock Dr,Del Rio Dr,-80.784,Not Junction Related,1,0,Accident,ANGLE (Front To Side)(Other Than Left Turn),Daylight,Clear,Dry,Driver,41,Female,Southwest,Making Left Turn,Other,No Apparent Influence,No Apparent Influence,Pedestrian,17,Male,West,Going Straight Ahead,No Improper Action,No Apparent Influence,No Apparent Influence,33.39637126,-111.9091196
-111.9096018,33.43642097,3655,2679122,2012/12/08 02:35:00+00,2012,Mcclintock Dr,State Route 202 Exit 8 J-Ramp,-70.752,Intersection Related Interchange,1,0,Accident,Rear End,Dark Not Lighted,Clear,Dry,Driver,28,Male,North,Going Straight Ahead,Inattention Distraction,No Apparent Influence,No Apparent Influence,Driver,36,Male,North,Stopped In Trafficway,No Improper Action,No Apparent Influence,No Apparent Influence,33.43642097,-111.9096018
-111.9091194,33.40443207,3715,2677821,2012/11/26 22:38:00+00,2012,Mcclintock Dr,Palmcroft Dr,-80.784,Not Junction Related,1,0,Accident,Rear End,Daylight,Clear,Dry,Driver,21,Male,North,Going Straight Ahead,Speed To Fast For Conditions,No Apparent Influence,No Apparent Influence,Driver,48,Male,North,Stopped In Trafficway,No Improper Action,No Apparent Influence,No Apparent Influence,33.40443207,-111.9091194
-111.9090742,33.42189,3728,2677832,2012/11/28 06:48:00+00,2012,Mcclintock Dr,University Dr,-32.208,Intersection Non Interchange,2,0,Accident,ANGLE (Front To Side)(Other Than Left Turn),Dark Lighted,Clear,Dry,Driver,27,Female,East,Making Right Turn,Failed To Yield Right Of Way,No Apparent Influence,No Apparent Influence,Driver,24,Female,South,Going Straight Ahead,No Improper Action,No Apparent Influence,No Apparent Influence,33.42189,-111.9090742
-111.9091134,33.39312499,3790,2677967,2012/11/18 02:10:00+00,2012,Mcclintock Dr,Southern Ave,50.16,Intersection Related Interchange,1,0,Accident,Unknown,Dark Lighted,Clear,Dry,Driver,45,Male,Southwest,Making Right Turn,Unknown,No Apparent Influence,No Apparent Influence,Pedestrian,24,Male,East,Going Straight Ahead,Unknown,No Apparent Influence,No Apparent Influence,33.39312499,-111.9091134
-111.9091126,33.43007831,3852,2680044,2012/11/10 01:19:00+00,2012,Mcclintock Dr,Rio Salado Pkwy,299.904,Not Junction Related,1,0,Accident,Rear End,Dark Lighted,Clear,Dry,Driver,31,Male,North,Going Straight Ahead,Speed To Fast For Conditions,No Apparent Influence,No Apparent Influence,Driver,19,Male,North,Stopped In Trafficway,No Improper Action,No Apparent Influence,No Apparent Influence,33.43007831,-111.9091126
-111.9090862,33.41952779,4089,2683683,2013/01/13 19:52:00+00,2013,Mcclintock Dr,Hayden Ln,200.112,Not Junction Related,1,0,Accident,Single Vehicle,Daylight,Clear,Dry,Driver,30,Male,North,Going Straight Ahead,Speed To Fast For Conditions,No Apparent Influence,No Apparent Influence,0,0,0,0,0,0,0,0,33.41952779,-111.9090862
-111.9111659,33.33463868,4104,2684302,2013/01/14 21:56:00+00,2013,Mcclintock Dr,Warner Rd,0,Intersection Non Interchange,1,0,Accident,Left Turn,Daylight,Clear,Dry,Driver,34,Male,Southeast,Making Left Turn,Failed To Yield Right Of Way,No Apparent Influence,No Apparent Influence,Driver,17,Female,North,Going Straight Ahead,No Improper Action,No Apparent Influence,No Apparent Influence,33.33463868,-111.9111659