X,Y,OBJECTID,Incidentid,DateTime,Year,StreetName,CrossStreet,Distance,JunctionRelation,Totalinjuries,TotalAccidentities,EventSeverity,Collisionmanner,Lightcondition,Weather,SurfaceCondition,Unittype_One,Age_Drv1,Gender_Drv1,Traveldirection_One,Unitaction_One,Violation1_Drv1,AlcoholUse_Drv1,DrugUse_Drv1,Unittype_Two,Age_Drv2,Gender_Drv2,Traveldirection_Two,Unitaction_Two,Violation1_Drv2,AlcoholUse_Drv2,DrugUse_Drv2,Latitude,Longitude
-111.9090504,33.42875542,4177,2680200,2013/01/01 22:29:00+00,2013,Mcclintock Dr,Rio Salado Pkwy,-183.216,Not Junction Related,2,0,Accident,Sideswipe Same Direction,Daylight,Clear,Dry,Driver,35,Male,South,Changing Lanes,Unsafe Lane Change,No Apparent Influence,No Apparent Influence,Driver,30,Male,South,Going Straight Ahead,No Improper Action,No Apparent Influence,No Apparent Influence,33.42875542,-111.9090504
-111.9091314,33.43032146,4178,2678718,2012/12/08 22:41:00+00,2012,Mcclintock Dr,Rio Salado Pkwy,388.08,Not Junction Related,2,0,Accident,Rear End,Daylight,Clear,Dry,Driver,23,Female,North,Going Straight Ahead,Speed To Fast For Conditions,No Apparent Influence,No Apparent Influence,Driver,25,Female,North,Going Straight Ahead,No Improper Action,No Apparent Influence,No Apparent Influence,33.43032146,-111.9091314
-111.9091203,33.41467534,4198,2678063,2012/12/09 07:54:00+00,2012,Mcclintock Dr,Apache Blvd,-30.096,Intersection Related Interchange,1,0,Accident,Rear End,Dark Lighted,Clear,Dry,Driver,23,Male,North,Going Straight Ahead,Speed To Fast For Conditions,Alcohol,No Apparent Influence,Driver,26,Female,North,Stopped In Trafficway,No Improper Action,No Apparent Influence,No Apparent Influence,33.41467534,-111.9091203
-111.9091189,33.4033075,4349,2682405,2013/01/04 02:19:00+00,2013,Mcclintock Dr,Concorda Dr,116.16,Not Junction Related,1,0,Accident,Left Turn,Dark Lighted,Clear,Dry,Driver,30,Male,West,Making Left Turn,Failed To Yield Right Of Way,No Apparent Influence,No Apparent Influence,Driver,32,Male,North,Going Straight Ahead,No Improper Action,Alcohol,No Apparent Influence,33.4033075,-111.9091189
-111.9091176,33.39580486,4390,2678705,2012/12/14 18:53:00+00,2012,Mcclintock Dr,Del Rio Dr,-287.232,Driveway,1,0,Accident,ANGLE (Front To Side)(Other Than Left Turn),Daylight,Clear,Dry,Pedalcyclist,19,Female,South,Going Straight Ahead,Drove Rode In Opposing Traffic Lane,No Apparent Influence,No Apparent Influence,Driver,34,Male,West,Making Right Turn,No Improper Action,No Apparent Influence,No Apparent Influence,33.39580486,-111.9091176
-111.9092102,33.38310397,4393,2680021,2012/12/14 21:51:00+00,2012,Mcclintock Dr,Fremont Dr,134.112,Not Junction Related,1,0,Accident,Single Vehicle,Daylight,Cloudy,Wet,Driver,81,Female,South,Changing Lanes,Drove Rode In Opposing Traffic Lane,No Apparent Influence,No Apparent Influence,0,0,0,0,0,0,0,0,33.38310397,-111.9092102
-111.9091195,33.39960314,4402,2687305,2013/01/23 00:15:00+00,2013,Mcclintock Dr,Alameda Dr,-196.944,Not Junction Related,1,0,Accident,Rear End,Dusk,Clear,Dry,Driver,29,Female,South,Going Straight Ahead,Inattention Distraction,No Apparent Influence,No Apparent Influence,Driver,19,Female,South,Stopped In Trafficway,No Improper Action,No Apparent Influence,No Apparent Influence,33.39960314,-111.9091195
-111.9112065,33.35680211,4497,2691330,2013/02/01 22:51:00+00,2013,Mcclintock Dr,Diamond Dr,-185.856,Thru Roadway,1,0,Accident,Rear End,Daylight,Clear,Dry,Driver,29,Female,South,Slowing In Trafficway,Followed Too Closely,No Apparent Influence,No Apparent Influence,Driver,20,Female,South,Slowing In Trafficway,No Improper Action,No Apparent Influence,No Apparent Influence,33.35680211,-111.9112065
-111.9090966,33.42076545,32,2598822,2012/01/03 22:43:00+00,2012,Mcclintock Dr,8th St,454.08,Driveway,0,0,No Accident,Left Turn,Daylight,Clear,Dry,Driver,38,Male,East,Making Left Turn,Made Improper Turn,No Apparent Influence,No Apparent Influence,Driver,52,Male,South,Going Straight Ahead,No Improper Action,No Apparent Influence,No Apparent Influence,33.42076545,-111.9090966
-111.9111748,33.34912568,48,2595926,2012/01/04 22:41:00+00,2012,Mcclintock Dr,Elliot Rd,0,Intersection Non Interchange,0,0,No Accident,Left Turn,Daylight,Clear,Dry,Driver,92,Male,South,Making Right Turn,Made Improper Turn,No Apparent Influence,No Apparent Influence,Driver,20,Male,North,Making Left Turn,No Improper Action,No Apparent Influence,No Apparent Influence,33.34912568,-111.9111748
-111.9112468,33.36411718,67,2592214,2012/01/11 05:28:00+00,2012,Mcclintock Dr,Guadalupe Rd,129.888,Driveway,0,0,No Accident,ANGLE (Front To Side)(Other Than Left Turn),Dark Lighted,Clear,Dry,Driver,18,Female,West,Making Left Turn,Failed To Yield Right Of Way,No Apparent Influence,No Apparent Influence,Driver,39,Male,North,Going Straight Ahead,No Improper Action,No Apparent Influence,No Apparent Influence,33.36411718,-111.9112468
-111.911219,33.35950933,76,2592193,2012/01/12 00:09:00+00,2012,Mcclintock Dr,Bell De Mar Dr,-70.224,Intersection Related Non Interchange,0,0,No Accident,Rear End,Daylight,Clear,Dry,Driver,49,Female,South,Going Straight Ahead,Followed Too Closely,No Apparent Influence,No Apparent Influence,Driver,56,Male,South,Stopped In Trafficway,No Improper Action,No Apparent Influence,No Apparent Influence,33.35950933,-111.911219
-111.9111979,33.34960884,147,2598197,2012/01/30 21:57:00+00,2012,Mcclintock Dr,Elliot Rd,175.824,Intersection Related Non Interchange,0,0,No Accident,ANGLE (Front To Side)(Other Than Left Turn),Daylight,Clear,Dry,Driver,37,Female,South,Avoiding Vehicle Object Pedestrian,Unsafe Lane Change,No Apparent Influence,No Apparent Influence,Driver,27,Female,South,Stopped In Trafficway,No Improper Action,No Apparent Influence,No Apparent Influence,33.34960884,-111.9111979
-111.9090961,33.42987064,160,2595922,2012/01/06 00:48:00+00,2012,Mcclintock Dr,Rio Salado Pkwy,223.872,Intersection Related Non Interchange,0,0,No Accident,Rear End,Dusk,Clear,Dry,Driver,21,Male,South,Going Straight Ahead,Speed To Fast For Conditions,No Apparent Influence,No Apparent Influence,Driver,50,Male,South,Stopped In Trafficway,No Improper Action,No Apparent Influence,No Apparent Influence,33.42987064,-111.9090961
-111.90912,33.40535274,166,2598812,2012/01/06 15:16:00+00,2012,Mcclintock Dr,El Parque Dr,0,Intersection Non Interchange,0,0,No Accident,Sideswipe Same Direction,Daylight,Clear,Dry,Driver,41,Male,North,Making Left Turn,Unsafe Lane Change,No Apparent Influence,No Apparent Influence,Driver,20,Female,North,Going Straight Ahead,No Improper Action,No Apparent Influence,No Apparent Influence,33.40535274,-111.90912
-111.9112457,33.36392487,178,2598186,2012/02/01 02:04:00+00,2012,Mcclintock Dr,Guadalupe Rd,60.192,Intersection Related Interchange,0,0,No Accident,Rear End,Daylight,Clear,Dry,Driver,30,Male,South,Slowing In Trafficway,Followed Too Closely,No Apparent Influence,No Apparent Influence,Driver,43,Female,South,Stopped In Trafficway,No Improper Action,No Apparent Influence,No Apparent Influence,33.36392487,-111.9112457
-111.9111973,33.35041411,190,2598338,2012/02/02 00:06:00+00,2012,Mcclintock Dr,Elliot Rd,468.864,Not Junction Related,0,0,No Accident,Rear End,Daylight,Clear,Dry,Driver,30,Female,South,Going Straight Ahead,Followed Too Closely,No Apparent Influence,No Apparent Influence,Driver,52,Female,South,Stopped In Trafficway,No Improper Action,No Apparent Influence,No Apparent Influence,33.35041411,-111.9111973
-111.9112069,33.35696428,242,2592216,2012/01/20 21:01:00+00,2012,Mcclintock Dr,Diamond Dr,-127.248,Not Junction Related,0,0,No Accident,Rear End,Daylight,Clear,Dry,Driver,59,Female,South,Going Straight Ahead,Inattention Distraction,No Apparent Influence,No Apparent Influence,Driver,43,Female,South,Stopped In Trafficway,No Improper Action,No Apparent Influence,No Apparent Influence,33.35696428,-111.9112069
-111.9090862,33.42214139,252,2596096,2012/01/21 02:30:00+00,2012,Mcclintock Dr,University Dr,60.192,Not Junction Related,0,0,No Accident,Rear End,Dark Lighted,Clear,Dry,Driver,25,Female,South,Going Straight Ahead,Speed To Fast For Conditions,No Apparent Influence,No Apparent Influence,Driver,19,Male,South,Going Straight Ahead,No Improper Action,No Apparent Influence,No Apparent Influence,33.42214139,-111.9090862
-111.9112372,33.3623875,273,2599135,2012/01/07 02:29:00+00,2012,Mcclintock Dr,Guadalupe Rd,-500.016,Not Junction Related,0,0,No Accident,Sideswipe Same Direction,Dark Lighted,Clear,Dry,Driver,23,Female,South,Changing Lanes,Unsafe Lane Change,No Apparent Influence,No Apparent Influence,Driver,71,Female,South,Going Straight Ahead,No Improper Action,No Apparent Influence,No Apparent Influence,33.3623875,-111.9112372
-111.9091933,33.38548755,277,2589856,2012/01/07 17:38:00+00,2012,Mcclintock Dr,US Highway 60 Exit 175 A-Ramp,125.136,Intersection Related Non Interchange,0,0,No Accident,Rear End,Daylight,Clear,Dry,Driver,65,Female,North,Going Straight Ahead,Speed To Fast For Conditions,No Apparent Influence,No Apparent Influence,Driver,35,Female,North,Stopped In Trafficway,No Improper Action,No Apparent Influence,No Apparent Influence,33.38548755,-111.9091933
-111.911178,33.34891147,289,2597981,2012/01/08 17:33:00+00,2012,Mcclintock Dr,Elliot Rd,-78.144,Intersection Related Non Interchange,0,0,No Accident,Single Vehicle,Daylight,Clear,Dry,Driver,29,Female,South,Making Right Turn,Failed To Keep In Proper Lane,No Apparent Influence,No Apparent Influence,0,0,0,0,0,0,0,0,33.34891147,-111.911178
-111.9092071,33.38336044,332,2592224,2012/01/17 21:18:00+00,2012,Mcclintock Dr,Carson Dr,-189.024,Not Junction Related,0,0,No Accident,Rear End,Daylight,Clear,Dry,Driver,18,Male,North,Going Straight Ahead,Speed To Fast For Conditions,No Apparent Influence,No Apparent Influence,Driver,24,Female,North,Stopped In Trafficway,No Improper Action,No Apparent Influence,No Apparent Influence,33.38336044,-111.9092071
-111.9090828,33.42138152,370,2598423,2012/01/24 19:49:00+00,2012,Mcclintock Dr,University Dr,-217.008,Not Junction Related,0,0,No Accident,Left Turn,Daylight,Clear,Dry,Driver,19,Female,Northeast,Unknown,Other,No Apparent Influence,No Apparent Influence,Driver,20,Female,South,Unknown,No Improper Action,No Apparent Influence,No Apparent Influence,33.42138152,-111.9090828
-111.9091214,33.39252092,377,2595670,2012/01/25 00:02:00+00,2012,Mcclintock Dr,Southern Ave,-170.016,Not Junction Related,0,0,No Accident,Sideswipe Same Direction,Daylight,Clear,Dry,Driver,63,Female,South,Changing Lanes,Unsafe Lane Change,No Apparent Influence,No Apparent Influence,Driver,39,Female,South,Going Straight Ahead,No Improper Action,No Apparent Influence,No Apparent Influence,33.39252092,-111.9091214
-111.9096024,33.43645092,395,2589920,2012/01/26 18:02:00+00,2012,Mcclintock Dr,State Route 202 Exit 8 A-Ramp,0,Intersection Interchange,0,0,No Accident,ANGLE (Front To Side)(Other Than Left Turn),Daylight,Clear,Dry,Driver,66,Female,Southeast,Making Right Turn,Unknown,No Apparent Influence,No Apparent Influence,Driver,38,Male,Southeast,Making Right Turn,Unknown,No Apparent Influence,No Apparent Influence,33.43645092,-111.9096024
-111.9112453,33.36364843,396,2592276,2012/01/26 18:26:00+00,2012,Mcclintock Dr,Guadalupe Rd,-41.184,Intersection Related Non Interchange,0,0,No Accident,Sideswipe Same Direction,Daylight,Clear,Dry,Driver,255,Male,North,Making Right Turn,Unsafe Lane Change,No Apparent Influence,No Apparent Influence,Driver,29,Female,North,Going Straight Ahead,No Improper Action,No Apparent Influence,No Apparent Influence,33.36364843,-111.9112453
-111.9092209,33.38204284,397,2596034,2012/01/26 19:02:00+00,2012,Mcclintock Dr,Minton Dr,78.144,Not Junction Related,0,0,No Accident,Rear End,Daylight,Clear,Dry,Driver,86,Female,Northeast,Changing Lanes,Other,No Apparent Influence,No Apparent Influence,Driver,53,Male,North,Going Straight Ahead,No Improper Action,No Apparent Influence,No Apparent Influence,33.38204284,-111.9092209
-111.9091202,33.4149034,405,2597301,2012/02/08 03:58:00+00,2012,Mcclintock Dr,Apache Blvd,53.856,Not Junction Related,0,0,No Accident,Rear End,Dark Lighted,Clear,Dry,Driver,23,Female,South,Going Straight Ahead,Speed To Fast For Conditions,No Apparent Influence,No Apparent Influence,Driver,24,Female,South,Going Straight Ahead,No Improper Action,No Apparent Influence,No Apparent Influence,33.4149034,-111.9091202
-111.9091161,33.39287783,410,2598322,2012/02/03 01:21:00+00,2012,Mcclintock Dr,Southern Ave,-40.128,Intersection Related Non Interchange,0,0,No Accident,Rear End,Dark Lighted,Clear,Dry,Driver,46,Male,North,Going Straight Ahead,No Improper Action,No Apparent Influence,No Apparent Influence,Driver,23,Male,North,Going Straight Ahead,No Improper Action,No Apparent Influence,No Apparent Influence,33.39287783,-111.9091161
-111.9090504,33.4281123,412,2600052,2012/02/18 21:21:00+00,2012,Mcclintock Dr,Rio Salado Pkwy,-417.12,Not Junction Related,0,0,No Accident,Rear End,Daylight,Clear,Dry,Driver,25,Male,North,Slowing In Trafficway,Followed Too Closely,No Apparent Influence,No Apparent Influence,Driver,30,Male,North,Stopped In Trafficway,No Improper Action,No Apparent Influence,No Apparent Influence,33.4281123,-111.9090504
-111.9092492,33.37864004,422,2601004,2012/02/19 17:55:00+00,2012,Mcclintock Dr,Baseline Rd,80.256,Intersection Related Non Interchange,0,0,No Accident,Rear End,Daylight,Clear,Dry,Driver,83,Male,South,Changing Lanes,Inattention Distraction,No Apparent Influence,No Apparent Influence,Driver,45,Male,South,Stopped In Trafficway,No Improper Action,No Apparent Influence,No Apparent Influence,33.37864004,-111.9092492
-111.9091121,33.4078536,442,2595122,2012/02/21 20:42:00+00,2012,Mcclintock Dr,Broadway Rd,129.888,Not Junction Related,0,0,No Accident,ANGLE (Front To Side)(Other Than Left Turn),Daylight,Clear,Dry,Driver,79,Male,Southwest,Other,Other,No Apparent Influence,No Apparent Influence,Driver,32,Male,North,Going Straight Ahead,No Improper Action,No Apparent Influence,No Apparent Influence,33.4078536,-111.9091121
-111.9111619,33.33521594,488,2603122,2012/02/03 21:12:00+00,2012,Mcclintock Dr,Warner Rd,221.76,Not Junction Related,0,0,No Accident,Rear End,Daylight,Clear,Dry,Driver,28,Female,North,Slowing In Trafficway,Speed To Fast For Conditions,No Apparent Influence,No Apparent Influence,Driver,28,Female,North,Stopped In Trafficway,No Improper Action,No Apparent Influence,No Apparent Influence,33.33521594,-111.9111619
-111.9091059,33.41297188,494,2597303,2012/02/04 04:41:00+00,2012,Mcclintock Dr,Apache Blvd,-649.968,Not Junction Related,0,0,No Accident,Sideswipe Same Direction,Dark Lighted,Clear,Dry,Driver,18,Male,South,Changing Lanes,Inattention Distraction,No Apparent Influence,No Apparent Influence,Driver,19,Female,South,Going Straight Ahead,No Improper Action,No Apparent Influence,No Apparent Influence,33.41297188,-111.9091059
-111.9091106,33.40833446,528,2595121,2012/02/23 00:07:00+00,2012,Mcclintock Dr,Broadway Rd,305.184,Intersection Related Non Interchange,0,0,No Accident,ANGLE (Front To Side)(Other Than Left Turn),Daylight,Clear,Dry,Driver,33,Female,North,Making Right Turn,Made Improper Turn,No Apparent Influence,No Apparent Influence,Driver,40,Female,South,Going Straight Ahead,No Improper Action,No Apparent Influence,No Apparent Influence,33.40833446,-111.9091106
-111.9091195,33.41523591,535,2600014,2012/02/15 01:28:00+00,2012,Mcclintock Dr,Apache Blvd,174.768,Driveway,0,0,No Accident,ANGLE (Front To Side)(Other Than Left Turn),Dark Lighted,Cloudy,Dry,Driver,56,Male,East,Making Left Turn,Other,No Apparent Influence,No Apparent Influence,Driver,39,Female,South,Going Straight Ahead,No Improper Action,No Apparent Influence,No Apparent Influence,33.41523591,-111.9091195
-111.9112545,33.36539647,597,2597133,2012/02/11 21:54:00+00,2012,Mcclintock Dr,Libra Dr,-70.752,Intersection Related Non Interchange,0,0,No Accident,Sideswipe Same Direction,Daylight,Clear,Dry,Driver,86,Male,South,Changing Lanes,Unsafe Lane Change,No Apparent Influence,No Apparent Influence,Driver,46,Male,South,Going Straight Ahead,No Improper Action,No Apparent Influence,No Apparent Influence,33.36539647,-111.9112545
-111.9112276,33.36091012,615,2597321,2012/02/09 23:49:00+00,2012,Mcclintock Dr,Carmen St,165.264,Not Junction Related,0,0,No Accident,Rear End,Daylight,Clear,Dry,Driver,43,Male,South,Going Straight Ahead,Speed To Fast For Conditions,No Apparent Influence,No Apparent Influence,Driver,36,Male,South,Stopped In Trafficway,No Improper Action,No Apparent Influence,No Apparent Influence,33.36091012,-111.9112276
-111.9091129,33.40693582,626,2599984,2012/02/10 22:36:00+00,2012,Mcclintock Dr,Broadway Rd,-203.808,Not Junction Related,0,0,No Accident,Rear End,Daylight,Clear,Dry,Driver,23,Male,North,Going Straight Ahead,Followed Too Closely,No Apparent Influence,No Apparent Influence,Driver,22,Female,North,Stopped In Trafficway,No Improper Action,No Apparent Influence,No Apparent Influence,33.40693582,-111.9091129
-111.9091103,33.41335633,633,2596869,2012/02/11 22:04:00+00,2012,Mcclintock Dr,Apache Blvd,-510.048,Unknown Non Interchange,0,0,No Accident,ANGLE (Front To Side)(Other Than Left Turn),Daylight,Clear,Dry,Driver,16,Male,Unknown,Making Right Turn,Other,No Apparent Influence,No Apparent Influence,Driver,39,Male,South,Going Straight Ahead,No Improper Action,No Apparent Influence,No Apparent Influence,33.41335633,-111.9091103
-111.9112452,33.36364294,635,2595657,2012/02/11 22:18:00+00,2012,Mcclintock Dr,Guadalupe Rd,-42.768,Intersection Related Non Interchange,0,0,No Accident,Rear End,Daylight,Clear,Dry,Driver,31,Female,North,Going Straight Ahead,Followed Too Closely,No Apparent Influence,No Apparent Influence,Driver,46,Female,North,Stopped In Trafficway,No Improper Action,No Apparent Influence,No Apparent Influence,33.36364294,-111.9112452
-111.9092507,33.37820125,652,2599157,2012/02/27 23:20:00+00,2012,Mcclintock Dr,Baseline Rd,-80.256,Intersection Related Non Interchange,0,0,No Accident,Rear End,Dark Unknown Lighting,Unknown,Unknown,Driver,255,0,North,Going Straight Ahead,Unknown,No Apparent Influence,No Apparent Influence,Driver,22,Female,North,Stopped In Trafficway,No Improper Action,No Apparent Influence,No Apparent Influence,33.37820125,-111.9092507
-111.9091199,33.40100479,675,2603242,2012/02/29 18:32:00+00,2012,Mcclintock Dr,Loma Vista Dr,-142.032,Not Junction Related,0,0,No Accident,Sideswipe Same Direction,Daylight,Clear,Dry,Driver,21,Female,North,Changing Lanes,Unsafe Lane Change,No Apparent Influence,No Apparent Influence,Driver,48,Male,North,Going Straight Ahead,No Improper Action,No Apparent Influence,No Apparent Influence,33.40100479,-111.9091199
-111.9091197,33.41515347,679,2595230,2012/02/29 23:55:00+00,2012,Mcclintock Dr,Apache Blvd,145.2,Intersection Related Non Interchange,0,0,No Accident,Rear End,Daylight,Clear,Dry,Driver,26,Female,South,Going Straight Ahead,Inattention Distraction,No Apparent Influence,No Apparent Influence,Driver,48,Male,South,Stopped In Trafficway,No Improper Action,No Apparent Influence,No Apparent Influence,33.41515347,-111.9091197
-111.9091235,33.39675843,704,2588275,2012/02/13 17:45:00+00,2012,Mcclintock Dr,Del Rio Dr,60.192,Not Junction Related,0,0,No Accident,Rear End,Daylight,Clear,Dry,Driver,33,Female,South,Going Straight Ahead,Speed To Fast For Conditions,No Apparent Influence,No Apparent Influence,Driver,50,Male,South,Stopped In Trafficway,No Improper Action,No Apparent Influence,No Apparent Influence,33.39675843,-111.9091235
-111.911246,33.36376107,712,2595613,2012/02/13 23:18:00+00,2012,Mcclintock Dr,Guadalupe Rd,0,Intersection Related Non Interchange,0,0,No Accident,Rear End,Daylight,Clear,Dry,Driver,29,Male,North,Going Straight Ahead,Speed To Fast For Conditions,No Apparent Influence,No Apparent Influence,Driver,46,Male,North,Stopped In Trafficway,No Improper Action,No Apparent Influence,No Apparent Influence,33.36376107,-111.911246
-111.91118,33.34830134,734,2597725,2012/02/16 00:50:00+00,2012,Mcclintock Dr,Elliot Rd,-299.904,Not Junction Related,0,0,No Accident,Left Turn,Daylight,Clear,Dry,Driver,50,Female,East,Making Left Turn,Made Improper Turn,No Apparent Influence,No Apparent Influence,Driver,29,Male,South,Going Straight Ahead,No Improper Action,No Apparent Influence,No Apparent Influence,33.34830134,-111.91118
-111.909245,33.37925015,748,2595146,2012/02/17 00:07:00+00,2012,Mcclintock Dr,Baseline Rd,302.016,Not Junction Related,0,0,No Accident,ANGLE (Front To Side)(Other Than Left Turn),Daylight,Clear,Dry,Driver,57,Female,West,Making Left Turn,Unsafe Lane Change,No Apparent Influence,No Apparent Influence,Driver,32,Male,South,Going Straight Ahead,No Improper Action,No Apparent Influence,No Apparent Influence,33.37925015,-111.909245
-111.9091113,33.4134497,751,2600028,2012/02/17 03:13:00+00,2012,Mcclintock Dr,Apache Blvd,-476.256,Not Junction Related,0,0,No Accident,Rear End,Dark Lighted,Clear,Dry,Driver,46,Female,South,Going Straight Ahead,Speed To Fast For Conditions,No Apparent Influence,No Apparent Influence,Driver,25,Female,South,Stopped In Trafficway,No Improper Action,No Apparent Influence,No Apparent Influence,33.4134497,-111.9091113
-111.9091154,33.39510964,774,2603104,2012/02/24 00:20:00+00,2012,Mcclintock Dr,Del Rio Dr,-540.144,Driveway,0,0,No Accident,ANGLE (Front To Side)(Other Than Left Turn),Daylight,Clear,Dry,Driver,18,Male,West,Making Left Turn,Inattention Distraction,No Apparent Influence,No Apparent Influence,Driver,29,Male,East,Making Left Turn,Inattention Distraction,No Apparent Influence,No Apparent Influence,33.39510964,-111.9091154
-111.909086,33.41897933,809,2630717,2012/03/17 16:42:00+00,2012,Mcclintock Dr,Hayden Ln,0,Intersection Non Interchange,0,0,No Accident,ANGLE (Front To Side)(Other Than Left Turn),Daylight,Cloudy,Dry,Driver,23,Male,Northwest,Making Right Turn,Other,No Apparent Influence,No Apparent Influence,Driver,23,Female,North,Going Straight Ahead,No Improper Action,No Apparent Influence,No Apparent Influence,33.41897933,-111.909086
-111.9091332,33.43034606,814,2624376,2012/03/17 22:51:00+00,2012,Mcclintock Dr,Rio Salado Pkwy,397.056,Not Junction Related,0,0,No Accident,Rear End,Daylight,Cloudy,Dry,Driver,33,Male,North,Going Straight Ahead,Unknown,No Apparent Influence,No Apparent Influence,Driver,21,Female,North,Stopped In Trafficway,No Improper Action,No Apparent Influence,No Apparent Influence,33.43034606,-111.9091332
-111.9091793,33.38637272,816,2600012,2012/03/18 00:30:00+00,2012,Mcclintock Dr,US Highway 60 Exit 175 J-Ramp,50.16,Intersection Non Interchange,0,0,No Accident,Rear End,Daylight,Clear,Dry,Driver,19,Female,South,Going Straight Ahead,Speed To Fast For Conditions,No Apparent Influence,No Apparent Influence,Driver,46,Female,South,Going Straight Ahead,No Improper Action,No Apparent Influence,No Apparent Influence,33.38637272,-111.9091793
-111.9090745,33.42959739,823,2606539,2012/03/19 02:44:00+00,2012,Mcclintock Dr,Rio Salado Pkwy,124.08,Not Junction Related,0,0,No Accident,Single Vehicle,Dark Lighted,Rain,Wet,Driver,255,0,North,Going Straight Ahead,Speed To Fast For Conditions,No Apparent Influence,No Apparent Influence,0,0,0,0,0,0,0,0,33.42959739,-111.9090745
-111.9090924,33.42222339,832,2610981,2012/03/19 22:45:00+00,2012,Mcclintock Dr,University Dr,89.76,Intersection Related Non Interchange,0,0,No Accident,Rear End,Daylight,Clear,Dry,Driver,111,Unknown,South,Going Straight Ahead,Inattention Distraction,No Apparent Influence,No Apparent Influence,Driver,29,Female,South,Stopped In Trafficway,No Improper Action,No Apparent Influence,No Apparent Influence,33.42222339,-111.9090924
-111.9095921,33.43619883,868,2606537,2012/03/08 23:15:00+00,2012,Mcclintock Dr,State Route 202 Exit 8 A-Ramp,-91.872,Not Junction Related,0,0,No Accident,Rear End,Daylight,Clear,Dry,Driver,32,Male,South,Making Right Turn,Made Improper Turn,No Apparent Influence,No Apparent Influence,Driver,54,Male,South,Making U Turn,Made Improper Turn,No Apparent Influence,No Apparent Influence,33.43619883,-111.9095921
-111.909181,33.38623651,869,2640074,2012/04/03 07:00:00+00,2012,Mcclintock Dr,US Highway 60 Exit 175 J-Ramp,0,Entrance Exit Ramp Interchange,0,0,No Accident,Left Turn,Dark Lighted,Clear,Dry,Driver,20,Female,Northwest,Making Left Turn,Disregarded Traffic Signal,No Apparent Influence,No Apparent Influence,Driver,36,Female,South,Going Straight Ahead,No Improper Action,No Apparent Influence,No Apparent Influence,33.38623651,-111.909181
-111.9112446,33.3635413,923,2655584,2012/03/30 21:16:00+00,2012,Mcclintock Dr,Guadalupe Rd,-80.256,Intersection Related Interchange,0,0,No Accident,Rear End,Daylight,Clear,Dry,Driver,76,Male,North,Going Straight Ahead,Inattention Distraction,No Apparent Influence,No Apparent Influence,Driver,60,Male,North,Stopped In Trafficway,No Improper Action,No Apparent Influence,No Apparent Influence,33.3635413,-111.9112446
-111.9112413,33.36302758,939,2646281,2012/03/31 20:13:00+00,2012,Mcclintock Dr,Guadalupe Rd,-267.168,Intersection Related Non Interchange,0,0,No Accident,Left Turn,Daylight,Clear,Dry,Driver,22,Female,South,Making Left Turn,Failed To Yield Right Of Way,No Apparent Influence,No Apparent Influence,Driver,19,Male,North,Going Straight Ahead,No Improper Action,No Apparent Influence,No Apparent Influence,33.36302758,-111.9112413
-111.909113,33.3932982,955,2629158,2012/04/02 13:53:00+00,2012,Mcclintock Dr,Southern Ave,112.992,Not Junction Related,0,0,No Accident,Rear End,Daylight,Clear,Dry,Driver,23,Male,South,Slowing In Trafficway,Inattention Distraction,No Apparent Influence,No Apparent Influence,Driver,25,Female,South,Stopped In Trafficway,No Improper Action,No Apparent Influence,No Apparent Influence,33.3932982,-111.909113
-111.9091194,33.40441558,957,2648006,2012/04/02 15:37:00+00,2012,Mcclintock Dr,Palmcroft Dr,-87.12,Intersection Related Non Interchange,0,0,No Accident,Rear End,Daylight,Clear,Dry,Driver,27,Male,North,Slowing In Trafficway,Inattention Distraction,No Apparent Influence,No Apparent Influence,Driver,35,Male,North,Stopped In Trafficway,No Improper Action,No Apparent Influence,No Apparent Influence,33.40441558,-111.9091194
-111.9091284,33.39204596,964,2613448,2012/04/02 22:08:00+00,2012,Mcclintock Dr,Southern Ave,-343.2,Driveway,0,0,No Accident,Other,Daylight,Clear,Dry,Pedalcyclist,15,Male,South,Unknown,Other,No Apparent Influence,No Apparent Influence,Driver,59,Male,West,Other,Unknown,No Apparent Influence,No Apparent Influence,33.39204596,-111.9091284
-111.9090505,33.4285328,979,2613349,2012/03/22 16:42:00+00,2012,Mcclintock Dr,Rio Salado Pkwy,-264,Intersection Related Non Interchange,0,0,No Accident,Rear End,Daylight,Clear,Dry,Driver,55,Female,North,Going Straight Ahead,Followed Too Closely,No Apparent Influence,No Apparent Influence,Driver,42,Female,North,Stopped In Trafficway,No Improper Action,No Apparent Influence,No Apparent Influence,33.4285328,-111.9090505
-111.9091837,33.38607561,996,2626045,2012/03/23 22:36:00+00,2012,Mcclintock Dr,US Highway 60 Exit 175 J-Ramp,-59.136,Intersection Related Interchange,0,0,No Accident,Sideswipe Same Direction,Daylight,Clear,Dry,Driver,25,Male,South,Changing Lanes,Unsafe Lane Change,No Apparent Influence,No Apparent Influence,Driver,47,Female,South,Going Straight Ahead,No Improper Action,No Apparent Influence,No Apparent Influence,33.38607561,-111.9091837
-111.9090594,33.42518008,1001,2630769,2012/03/14 00:33:00+00,2012,Mcclintock Dr,3rd St,-805.2,Not Junction Related,0,0,No Accident,Sideswipe Same Direction,Daylight,Clear,Dry,Driver,21,Female,South,Changing Lanes,Inattention Distraction,No Apparent Influence,No Apparent Influence,Driver,24,Female,South,Going Straight Ahead,No Improper Action,No Apparent Influence,No Apparent Influence,33.42518008,-111.9090594