X,Y,OBJECTID,Incidentid,DateTime,Year,StreetName,CrossStreet,Distance,JunctionRelation,Totalinjuries,TotalAccidentities,EventSeverity,Collisionmanner,Lightcondition,Weather,SurfaceCondition,Unittype_One,Age_Drv1,Gender_Drv1,Traveldirection_One,Unitaction_One,Violation1_Drv1,AlcoholUse_Drv1,DrugUse_Drv1,Unittype_Two,Age_Drv2,Gender_Drv2,Traveldirection_Two,Unitaction_Two,Violation1_Drv2,AlcoholUse_Drv2,DrugUse_Drv2,Latitude,Longitude
-111.9091128,33.40730961,1013,2630100,2012/03/25 20:45:00+00,2012,Mcclintock Dr,Broadway Rd,-68.112,Entrance Exit Ramp Non Interchange,0,0,No Accident,Rear End,Daylight,Cloudy,Dry,Driver,23,Female,North,Going Straight Ahead,Inattention Distraction,No Apparent Influence,No Apparent Influence,Driver,31,Male,North,Stopped In Trafficway,No Improper Action,No Apparent Influence,No Apparent Influence,33.40730961,-111.9091128
-111.9112407,33.36293693,1035,2630056,2012/03/09 21:42:00+00,2012,Mcclintock Dr,Guadalupe Rd,-299.904,Not Junction Related,0,0,No Accident,ANGLE (Front To Side)(Other Than Left Turn),Daylight,Clear,Dry,Driver,67,Female,South,Making Right Turn,Unsafe Lane Change,No Apparent Influence,No Apparent Influence,Driver,22,Male,South,Going Straight Ahead,No Improper Action,No Apparent Influence,No Apparent Influence,33.36293693,-111.9112407
-111.9091706,33.38705936,1039,2622878,2012/03/09 22:58:00+00,2012,Mcclintock Dr,US Highway 60 Exit 175 J-Ramp,299.904,Not Junction Related,0,0,No Accident,Rear End,Daylight,Clear,Dry,Driver,28,Female,South,Going Straight Ahead,Speed To Fast For Conditions,No Apparent Influence,No Apparent Influence,Driver,47,Female,South,Stopped In Trafficway,No Improper Action,No Apparent Influence,No Apparent Influence,33.38705936,-111.9091706
-111.9090909,33.42980506,1042,2655486,2012/03/10 01:37:00+00,2012,Mcclintock Dr,Rio Salado Pkwy,200.112,Not Junction Related,0,0,No Accident,Rear End,Dusk,Clear,Dry,Driver,24,Male,North,Going Straight Ahead,Speed To Fast For Conditions,No Apparent Influence,No Apparent Influence,Driver,21,Female,North,Stopped In Trafficway,No Improper Action,No Apparent Influence,No Apparent Influence,33.42980506,-111.9090909
-111.9092891,33.4323255,1043,2610970,2012/03/10 07:36:00+00,2012,Mcclintock Dr,Rio Salado Pkwy,1119.888,Not Junction Related,0,0,No Accident,Sideswipe Same Direction,Dark Lighted,Clear,Dry,Driver,19,Male,South,Changing Lanes,Unsafe Lane Change,No Apparent Influence,No Apparent Influence,Driver,20,Male,South,Going Straight Ahead,No Improper Action,No Apparent Influence,No Apparent Influence,33.4323255,-111.9092891
-111.9111494,33.3335395,1080,2611020,2012/03/14 03:48:00+00,2012,Mcclintock Dr,Warner Rd,-400.224,Not Junction Related,0,0,No Accident,Rear End,Dark Lighted,Clear,Dry,Driver,18,Male,South,Going Straight Ahead,Inattention Distraction,No Apparent Influence,No Apparent Influence,Driver,30,Male,South,Slowing In Trafficway,No Improper Action,No Apparent Influence,No Apparent Influence,33.3335395,-111.9111494
-111.9091708,33.38726283,1088,2630716,2012/03/14 19:35:00+00,2012,Mcclintock Dr,Hermosa Dr,-149.952,Not Junction Related,0,0,No Accident,Sideswipe Same Direction,Daylight,Clear,Dry,Driver,22,Female,South,Changing Lanes,Inattention Distraction,No Apparent Influence,No Apparent Influence,Driver,40,Male,South,Going Straight Ahead,No Improper Action,No Apparent Influence,No Apparent Influence,33.38726283,-111.9091708
-111.9091474,33.39073395,1090,2630758,2012/03/14 23:41:00+00,2012,Mcclintock Dr,Laguna Dr,0,Intersection Non Interchange,0,0,No Accident,Left Turn,Daylight,Clear,Dry,Driver,80,Female,West,Making Left Turn,Other,No Apparent Influence,No Apparent Influence,Driver,47,Male,South,Going Straight Ahead,No Improper Action,No Apparent Influence,No Apparent Influence,33.39073395,-111.9091474
-111.9111624,33.33512803,1127,2630026,2012/04/05 16:01:00+00,2012,Mcclintock Dr,Warner Rd,190.08,Not Junction Related,0,0,No Accident,Sideswipe Same Direction,Daylight,Clear,Dry,Driver,23,Female,South,Changing Lanes,Unsafe Lane Change,No Apparent Influence,No Apparent Influence,Driver,21,Male,South,Going Straight Ahead,No Improper Action,No Apparent Influence,No Apparent Influence,33.33512803,-111.9111624
-111.9092208,33.38204771,1142,2647258,2012/04/06 00:55:00+00,2012,Mcclintock Dr,Baseline Rd,1320,Not Junction Related,0,0,No Accident,ANGLE (Front To Side)(Other Than Left Turn),Dusk,Clear,Dry,Driver,40,Male,East,Making Left Turn,Failed To Yield Right Of Way,No Apparent Influence,No Apparent Influence,Driver,23,Female,South,Going Straight Ahead,No Improper Action,No Apparent Influence,No Apparent Influence,33.38204771,-111.9092208
-111.9091845,33.3860317,1180,2629119,2012/03/28 21:03:00+00,2012,Mcclintock Dr,US Highway 60 Exit 175 C-Ramp,-74.976,Intersection Related Interchange,0,0,No Accident,Rear End,Daylight,Clear,Dry,Driver,19,Female,North,Going Straight Ahead,Speed To Fast For Conditions,No Apparent Influence,No Apparent Influence,Driver,52,Male,North,Stopped In Trafficway,No Improper Action,No Apparent Influence,No Apparent Influence,33.3860317,-111.9091845
-111.9112425,33.36321164,1277,2655742,2012/05/09 23:29:00+00,2012,Mcclintock Dr,Guadalupe Rd,-200.112,Not Junction Related,0,0,No Accident,ANGLE (Front To Side)(Other Than Left Turn),Daylight,Rain,Wet,Driver,16,Female,Southwest,Making Left Turn,Inattention Distraction,No Apparent Influence,No Apparent Influence,Driver,54,Male,North,Going Straight Ahead,No Improper Action,No Apparent Influence,No Apparent Influence,33.36321164,-111.9112425
-111.9092492,33.37852461,1281,2655786,2012/05/10 02:29:00+00,2012,Mcclintock Dr,Baseline Rd,38.016,Not Junction Related,0,0,No Accident,ANGLE (Front To Side)(Other Than Left Turn),Dark Lighted,Cloudy,Dry,Driver,44,Female,East,Other,Failed To Yield Right Of Way,No Apparent Influence,No Apparent Influence,Driver,61,Male,South,Going Straight Ahead,No Improper Action,No Apparent Influence,No Apparent Influence,33.37852461,-111.9092492
-111.9091122,33.40783986,1287,2655737,2012/05/10 16:57:00+00,2012,Mcclintock Dr,Broadway Rd,125.136,Not Junction Related,0,0,No Accident,Rear End,Daylight,Clear,Dry,Driver,45,Male,South,Going Straight Ahead,Speed To Fast For Conditions,No Apparent Influence,No Apparent Influence,Driver,64,Female,South,Stopped In Trafficway,No Improper Action,No Apparent Influence,No Apparent Influence,33.40783986,-111.9091122
-111.9091128,33.40763927,1296,2625831,2012/05/11 01:00:00+00,2012,Mcclintock Dr,Broadway Rd,51.744,Intersection Related Non Interchange,0,0,No Accident,Rear End,Daylight,Clear,Dry,Driver,111,Unknown,South,Going Straight Ahead,Speed To Fast For Conditions,No Apparent Influence,No Apparent Influence,Driver,18,Male,South,Slowing In Trafficway,No Improper Action,No Apparent Influence,No Apparent Influence,33.40763927,-111.9091128
-111.9091201,33.41497485,1307,2655811,2012/05/12 00:55:00+00,2012,Mcclintock Dr,Apache Blvd,80.256,Intersection Related Non Interchange,0,0,No Accident,Rear End,Daylight,Clear,Dry,Driver,51,Male,South,Changing Lanes,Speed To Fast For Conditions,No Apparent Influence,No Apparent Influence,Driver,38,Female,South,Slowing In Trafficway,No Improper Action,No Apparent Influence,No Apparent Influence,33.41497485,-111.9091201
-111.9091191,33.41475778,1402,2625850,2012/05/05 20:19:00+00,2012,Mcclintock Dr,Apache Blvd,0,Intersection Related Interchange,0,0,No Accident,Rear End,Daylight,Clear,Dry,Driver,111,Unknown,South,Going Straight Ahead,Speed To Fast For Conditions,No Apparent Influence,No Apparent Influence,Driver,26,Male,South,Going Straight Ahead,No Improper Action,No Apparent Influence,No Apparent Influence,33.41475778,-111.9091191
-111.909086,33.41951801,1410,2631137,2012/05/06 20:34:00+00,2012,Mcclintock Dr,8th St,0,Intersection Non Interchange,0,0,No Accident,Left Turn,Daylight,Clear,Dry,Driver,22,Male,East,Making Left Turn,Inattention Distraction,No Apparent Influence,No Apparent Influence,Driver,25,Male,South,Going Straight Ahead,No Improper Action,No Apparent Influence,No Apparent Influence,33.41951801,-111.909086
-111.9111925,33.34947347,1435,2640128,2012/04/12 02:04:00+00,2012,Mcclintock Dr,Elliot Rd,127.248,Not Junction Related,0,0,No Accident,ANGLE (Front To Side)(Other Than Left Turn),Dark Lighted,Clear,Dry,Driver,40,Female,Southeast,Making Right Turn,Other,No Apparent Influence,No Apparent Influence,Driver,49,Female,South,Going Straight Ahead,No Improper Action,No Apparent Influence,No Apparent Influence,33.34947347,-111.9111925
-111.9091574,33.38964283,1462,2648394,2012/04/15 19:25:00+00,2012,Mcclintock Dr,Heather Dr,0,Intersection Non Interchange,0,0,No Accident,ANGLE (Front To Side)(Other Than Left Turn),Daylight,Clear,Dry,Driver,70,Male,West,Going Straight Ahead,Other,No Apparent Influence,No Apparent Influence,Driver,37,Male,South,Going Straight Ahead,No Improper Action,No Apparent Influence,No Apparent Influence,33.38964283,-111.9091574
-111.9092492,33.37867852,1504,2650814,2012/04/29 21:32:00+00,2012,Mcclintock Dr,Baseline Rd,93.984,Intersection Related Non Interchange,0,0,No Accident,Sideswipe Same Direction,Daylight,Clear,Dry,Driver,78,Female,South,Changing Lanes,Unsafe Lane Change,No Apparent Influence,No Apparent Influence,Driver,20,Male,South,Going Straight Ahead,No Improper Action,No Apparent Influence,No Apparent Influence,33.37867852,-111.9092492
-111.909075,33.42184608,1542,2625784,2012/04/10 07:03:00+00,2012,Mcclintock Dr,University Dr,-48.048,Intersection Related Non Interchange,0,0,No Accident,Sideswipe Same Direction,Dark Lighted,Clear,Dry,Driver,42,Male,North,Changing Lanes,Unsafe Lane Change,No Apparent Influence,No Apparent Influence,Driver,22,Male,North,Going Straight Ahead,No Improper Action,No Apparent Influence,No Apparent Influence,33.42184608,-111.909075
-111.9091939,33.38543538,1565,2619983,2012/04/22 06:52:00+00,2012,Mcclintock Dr,US Highway 60 Exit 175 A-Ramp,106.128,Intersection Related Interchange,0,0,No Accident,Other,Dark Lighted,Clear,Dry,Driver,23,Female,South,Backing,Inattention Distraction,Alcohol,No Apparent Influence,Driver,28,Female,South,Stopped In Trafficway,No Improper Action,No Apparent Influence,No Apparent Influence,33.38543538,-111.9091939
-111.9091128,33.40764752,1609,2627696,2012/05/26 09:05:00+00,2012,Mcclintock Dr,Broadway Rd,54.912,Intersection Related Interchange,0,0,No Accident,Rear End,Dark Lighted,Clear,Dry,Driver,21,Male,South,Going Straight Ahead,Speed To Fast For Conditions,Alcohol,No Apparent Influence,Driver,35,Male,South,Stopped In Trafficway,No Improper Action,No Apparent Influence,No Apparent Influence,33.40764752,-111.9091128
-111.9090818,33.42335076,1622,2627708,2012/05/28 15:58:00+00,2012,Mcclintock Dr,University Dr,500.016,Intersection Related Non Interchange,0,0,No Accident,ANGLE (Front To Side)(Other Than Left Turn),Daylight,Clear,Dry,Driver,16,Male,South,Changing Lanes,Unsafe Lane Change,No Apparent Influence,No Apparent Influence,Driver,19,Male,South,Going Straight Ahead,No Improper Action,No Apparent Influence,No Apparent Influence,33.42335076,-111.9090818
-111.926981,33.45123562,4242,2680112,2012/12/19 23:34:00+00,2012,Mckellips Rd,Scottsdale Rd,-159.984,Not Junction Related,1,0,Accident,ANGLE (Front To Side)(Other Than Left Turn),Daylight,Clear,Dry,Pedalcyclist,16,Female,West,Going Straight Ahead,Failed To Yield Right Of Way,No Apparent Influence,No Apparent Influence,Pedalcyclist,15,Female,West,Going Straight Ahead,Failed To Yield Right Of Way,No Apparent Influence,No Apparent Influence,33.45123562,-111.926981
-111.9093519,33.4512575,842,2623708,2012/03/21 03:52:00+00,2012,Mckellips Rd,Hayden Rd,-20.064,Intersection Related Interchange,0,0,No Accident,Rear End,Dark Lighted,Clear,Dry,Driver,22,Male,East,Going Straight Ahead,Electronic Communications Device,No Apparent Influence,No Apparent Influence,Driver,44,Female,East,Going Straight Ahead,No Improper Action,No Apparent Influence,No Apparent Influence,33.4512575,-111.9093519
-111.9099421,33.45126366,892,2618510,2012/03/07 21:53:00+00,2012,Mckellips Rd,Hayden Rd,-200.112,Not Junction Related,0,0,No Accident,Rear End,Daylight,Clear,Dry,Driver,26,Male,East,Going Straight Ahead,Speed To Fast For Conditions,No Apparent Influence,No Apparent Influence,Driver,43,Male,East,Stopped In Trafficway,No Improper Action,No Apparent Influence,No Apparent Influence,33.45126366,-111.9099421
-111.9348832,33.45110184,1323,2626801,2012/04/17 18:47:00+00,2012,Mckellips Rd,College Ave,99.264,Intersection Related Non Interchange,0,0,No Accident,Left Turn,Daylight,Clear,Dry,Driver,64,Male,West,Making U Turn,Made Improper Turn,No Apparent Influence,No Apparent Influence,Driver,20,Female,West,Going Straight Ahead,No Improper Action,No Apparent Influence,No Apparent Influence,33.45110184,-111.9348832
-111.9502796,33.42589546,944,2611745,2012/04/01 03:30:00+00,2012,Mckemy St,5th St,149.952,Not Junction Related,0,0,No Accident,Unknown,Dark Unknown Lighting,Clear,Dry,Driver,111,Unknown,Unknown,Unknown,Unknown,No Apparent Influence,No Apparent Influence,Driverless,0,0,Unknown,Properly Parked,0,0,0,33.42589546,-111.9502796
-111.9354833,33.45617176,1376,2627802,2012/05/04 21:00:00+00,2012,Mckinley St,College Ave,-125.136,Intersection Related Non Interchange,0,0,No Accident,Rear End,Daylight,Clear,Dry,Driver,46,Male,Unknown,Unknown,Other,No Apparent Influence,No Apparent Influence,Driver,51,Female,South,Properly Parked,No Improper Action,No Apparent Influence,No Apparent Influence,33.45617176,-111.9354833
-111.9395673,33.39170679,302,2597978,2012/01/10 00:20:00+00,2012,Mill Ave,Southern Ave,-419.76,Not Junction Related,1,0,Accident,Left Turn,Daylight,Clear,Dry,Driver,19,Male,West,Making Left Turn,Made Improper Turn,No Apparent Influence,No Apparent Influence,Driver,61,Male,South,Going Straight Ahead,No Improper Action,No Apparent Influence,No Apparent Influence,33.39170679,-111.9395673
-111.9397855,33.40596371,329,2592324,2012/01/17 15:33:00+00,2012,Mill Ave,El Parque Dr,0,Intersection Non Interchange,1,0,Accident,Left Turn,Daylight,Clear,Dry,Driver,44,Male,Southeast,Making Left Turn,Made Improper Turn,No Apparent Influence,No Apparent Influence,Driver,32,Male,North,Going Straight Ahead,No Improper Action,No Apparent Influence,No Apparent Influence,33.40596371,-111.9397855
-111.9398951,33.41468169,341,2598864,2012/01/18 03:52:00+00,2012,Mill Ave,13th St,-24.816,Intersection Related Interchange,2,0,Accident,Sideswipe Opposite Direction,Dark Lighted,Clear,Dry,Driver,22,Male,South,Going Straight Ahead,Drove Rode In Opposing Traffic Lane,Alcohol,No Apparent Influence,Driver,72,Male,North,Slowing In Trafficway,No Improper Action,No Apparent Influence,No Apparent Influence,33.41468169,-111.9398951
-111.9400028,33.42446305,427,2603135,2012/02/20 02:57:00+00,2012,Mill Ave,6th St,43.824,Intersection Related Interchange,2,0,Accident,Rear End,Dark Lighted,Clear,Dry,Driver,23,Male,North,Slowing In Trafficway,Inattention Distraction,No Apparent Influence,No Apparent Influence,Driver,46,Male,North,Stopped In Trafficway,No Improper Action,No Apparent Influence,No Apparent Influence,33.42446305,-111.9400028
-111.9394523,33.38356384,518,2597308,2012/02/07 15:51:00+00,2012,Mill Ave,Carter Dr,104.016,Not Junction Related,3,0,Accident,Rear End,Daylight,Clear,Dry,Driver,30,Female,North,Going Straight Ahead,Speed To Fast For Conditions,No Apparent Influence,No Apparent Influence,Driver,24,Female,North,Stopped In Trafficway,No Improper Action,No Apparent Influence,No Apparent Influence,33.38356384,-111.9394523
-111.939896,33.41475034,643,2601248,2012/02/11 23:04:00+00,2012,Mill Ave,13th St,0,Intersection Non Interchange,1,0,Accident,ANGLE (Front To Side)(Other Than Left Turn),Daylight,Clear,Dry,Driver,56,Male,North,Going Straight Ahead,Disregarded Traffic Signal,No Apparent Influence,No Apparent Influence,Driver,36,Male,East,Going Straight Ahead,No Improper Action,No Apparent Influence,No Apparent Influence,33.41475034,-111.939896
-111.9399487,33.41845764,696,2595206,2012/02/12 09:53:00+00,2012,Mill Ave,Apache Blvd,299.904,Intersection Related Non Interchange,1,0,Accident,Single Vehicle,Dark Lighted,Clear,Dry,Driver,30,Male,North,Going Straight Ahead,Speed To Fast For Conditions,Alcohol,No Apparent Influence,0,0,0,0,0,0,0,0,33.41845764,-111.9399487
-111.9397704,33.40486073,745,2599664,2012/02/16 23:53:00+00,2012,Mill Ave,Hu Esta Dr,71.808,Not Junction Related,2,0,Accident,Rear End,Daylight,Cloudy,Dry,Driver,51,Female,South,Going Straight Ahead,Followed Too Closely,No Apparent Influence,No Apparent Influence,Driver,21,Female,South,Slowing In Trafficway,No Improper Action,No Apparent Influence,No Apparent Influence,33.40486073,-111.9397704
-111.9398388,33.40864319,772,2603222,2012/02/23 23:42:00+00,2012,Mill Ave,Broadway Rd,455.136,Not Junction Related,2,0,Accident,ANGLE (Front To Side)(Other Than Left Turn),Daylight,Clear,Dry,Driver,61,Female,Northwest,Making Left Turn,Other,No Apparent Influence,No Apparent Influence,Driver,21,Female,South,Going Straight Ahead,No Improper Action,No Apparent Influence,No Apparent Influence,33.40864319,-111.9398388
-111.9394719,33.3845815,798,2591335,2012/02/25 19:09:00+00,2012,Mill Ave,US Highway 60 Exit 173 G-Ramp,-190.08,Intersection Related Non Interchange,1,0,Accident,Rear End,Daylight,Clear,Dry,Driver,31,Male,North,Going Straight Ahead,Speed To Fast For Conditions,No Apparent Influence,No Apparent Influence,Driver,50,Female,North,Stopped In Trafficway,No Improper Action,No Apparent Influence,No Apparent Influence,33.3845815,-111.9394719
-111.9396176,33.3947103,896,2630075,2012/03/08 00:10:00+00,2012,Mill Ave,Southern Ave,674.256,Intersection Related Non Interchange,1,0,Accident,Rear End,Daylight,Clear,Dry,Driver,53,Male,South,Going Straight Ahead,Followed Too Closely,No Apparent Influence,No Apparent Influence,Driver,42,Female,South,Stopped In Trafficway,No Improper Action,No Apparent Influence,No Apparent Influence,33.3947103,-111.9396176
-111.939468,33.38586196,1024,2600005,2012/03/09 08:37:00+00,2012,Mill Ave,US Highway 60 Exit 173 C-Ramp,-64.944,Entrance Exit Ramp Interchange,1,0,Accident,Rear End,Dark Lighted,Clear,Dry,Driver,30,Male,North,Going Straight Ahead,Speed To Fast For Conditions,No Apparent Influence,No Apparent Influence,Driver,27,Male,North,Stopped In Trafficway,No Improper Action,Alcohol,No Apparent Influence,33.38586196,-111.939468
-111.9393907,33.38052184,1068,2611018,2012/03/14 00:53:00+00,2012,Mill Ave,Ellis Dr,-40.128,Intersection Related Non Interchange,1,0,Accident,Rear End,Daylight,Clear,Dry,Driver,29,Male,North,Going Straight Ahead,Speed To Fast For Conditions,No Apparent Influence,No Apparent Influence,Driver,18,Female,North,Making Right Turn,No Improper Action,No Apparent Influence,No Apparent Influence,33.38052184,-111.9393907
-111.9395933,33.39292786,1073,2622420,2012/03/14 02:28:00+00,2012,Mill Ave,Southern Ave,24.816,Not Junction Related,2,0,Accident,Rear End,Dark Lighted,Clear,Dry,Driver,20,Male,North,Slowing In Trafficway,Speed To Fast For Conditions,No Apparent Influence,No Apparent Influence,Driver,51,Male,North,Slowing In Trafficway,Speed To Fast For Conditions,No Apparent Influence,No Apparent Influence,33.39292786,-111.9395933
-111.9400134,33.42570506,1110,2630806,2012/03/16 08:17:00+00,2012,Mill Ave,5th St,74.976,Not Junction Related,1,0,Accident,Rear End,Dark Lighted,Clear,Dry,Driver,30,Male,South,Going Straight Ahead,Other Unsafe Passing,Alcohol,No Apparent Influence,Driver,23,Male,South,Stopped In Trafficway,No Improper Action,No Apparent Influence,No Apparent Influence,33.42570506,-111.9400134
-111.93954,33.3904329,1245,2626874,2012/05/03 19:51:00+00,2012,Mill Ave,Pebble Beach Dr,-95.04,Not Junction Related,1,0,Accident,Rear End,Daylight,Clear,Dry,Driver,23,Male,South,Going Straight Ahead,Inattention Distraction,No Apparent Influence,No Apparent Influence,Driver,50,Male,South,Stopped In Trafficway,No Improper Action,No Apparent Influence,No Apparent Influence,33.3904329,-111.93954
-111.9396131,33.39433959,1309,2655808,2012/05/12 05:00:00+00,2012,Mill Ave,Southern Ave,539.088,Not Junction Related,3,0,Accident,Left Turn,Dark Lighted,Clear,Dry,Driver,25,Female,West,Making Left Turn,Other,No Apparent Influence,No Apparent Influence,Driver,19,Male,South,Going Straight Ahead,No Improper Action,No Apparent Influence,No Apparent Influence,33.39433959,-111.9396131
-111.9400034,33.42434224,1377,2630003,2012/04/27 03:25:00+00,2012,Mill Ave,6th St,0,Intersection Non Interchange,1,0,Accident,Left Turn,Dark Lighted,Clear,Dry,Driver,26,Male,North,Making Left Turn,Made Improper Turn,No Apparent Influence,No Apparent Influence,Pedalcyclist,23,Male,South,Going Straight Ahead,No Improper Action,No Apparent Influence,No Apparent Influence,33.42434224,-111.9400034
-111.9396724,33.41585163,1396,2655801,2012/05/05 08:30:00+00,2012,Mill Ave,Apache Blvd,-76.032,Intersection Related Non Interchange,1,0,Accident,Rear End,Dark Lighted,Clear,Dry,Driver,23,Female,North,Negotiating A Curve,Failed To Keep In Proper Lane,Alcohol,No Apparent Influence,Driver,37,Male,North,Stopped In Trafficway,No Improper Action,No Apparent Influence,No Apparent Influence,33.41585163,-111.9396724
-111.9399328,33.41763341,1403,2630240,2012/05/05 20:19:00+00,2012,Mill Ave,11th St,0,Intersection Non Interchange,4,0,Accident,Left Turn,Daylight,Clear,Dry,Driver,20,Female,West,Making Left Turn,Inattention Distraction,No Apparent Influence,No Apparent Influence,Driver,21,Female,South,Going Straight Ahead,No Improper Action,No Apparent Influence,No Apparent Influence,33.41763341,-111.9399328
-111.9397289,33.40258868,1592,2622418,2012/04/25 22:13:00+00,2012,Mill Ave,Broadmor Dr,0,Intersection Non Interchange,2,0,Accident,ANGLE (Front To Side)(Other Than Left Turn),Daylight,Clear,Dry,Driver,18,Female,North,Going Straight Ahead,Inattention Distraction,No Apparent Influence,No Apparent Influence,Driver,53,Male,West,Making Left Turn,No Improper Action,No Apparent Influence,No Apparent Influence,33.40258868,-111.9397289
-111.940006,33.42968704,1778,2638533,2012/06/12 05:33:00+00,2012,Mill Ave,Rio Salado Pkwy,25.872,Intersection Interchange,1,0,Accident,ANGLE (Front To Side)(Other Than Left Turn),Dark Lighted,Clear,Dry,Pedestrian,19,Male,West,Crossing Road,Disregarded Traffic Signal,No Apparent Influence,No Apparent Influence,Driver,61,Male,South,Going Straight Ahead,No Improper Action,No Apparent Influence,No Apparent Influence,33.42968704,-111.940006
-111.9399458,33.418127,1809,2627010,2012/06/15 00:18:00+00,2012,Mill Ave,11th St,180.048,Intersection Related Non Interchange,4,0,Accident,Rear End,Daylight,Clear,Dry,Driver,34,Female,North,Going Straight Ahead,Inattention Distraction,No Apparent Influence,No Apparent Influence,Driver,36,Female,North,Stopped In Trafficway,No Improper Action,No Apparent Influence,No Apparent Influence,33.418127,-111.9399458
-111.9394614,33.38523261,2010,2644934,2012/07/18 20:28:00+00,2012,Mill Ave,US Highway 60 Exit 173 G-Ramp,48.048,Not Junction Related,2,0,Accident,Rear End,Daylight,Clear,Dry,Driver,30,Female,North,Going Straight Ahead,Unknown,No Apparent Influence,No Apparent Influence,Driver,45,Female,North,Going Straight Ahead,Unknown,No Apparent Influence,No Apparent Influence,33.38523261,-111.9394614
-111.9395456,33.39069359,2034,2640106,2012/07/20 20:55:00+00,2012,Mill Ave,Pebble Beach Dr,0,Intersection Non Interchange,2,0,Accident,ANGLE (Front To Side)(Other Than Left Turn),Daylight,Cloudy,Dry,Driver,24,Female,Southeast,Making U Turn,Other,No Apparent Influence,No Apparent Influence,Driver,49,Male,South,Going Straight Ahead,No Improper Action,No Apparent Influence,No Apparent Influence,33.39069359,-111.9395456
-111.9395161,33.38846943,2160,2650772,2012/07/27 23:26:00+00,2012,Mill Ave,Hermosa Dr,97.152,Intersection Related Non Interchange,1,0,Accident,Rear End,Daylight,Clear,Dry,Driver,35,Male,South,Going Straight Ahead,Speed To Fast For Conditions,No Apparent Influence,No Apparent Influence,Driver,53,Female,South,Stopped In Trafficway,No Improper Action,No Apparent Influence,No Apparent Influence,33.38846943,-111.9395161
-111.9400083,33.42560916,2249,2636157,2012/06/20 14:43:00+00,2012,Mill Ave,5th St,40.128,Intersection Related Non Interchange,1,0,Accident,Left Turn,Daylight,Clear,Dry,Driver,54,Male,North,Making Left Turn,Failed To Yield Right Of Way,No Apparent Influence,No Apparent Influence,Pedestrian,50,Female,West,Crossing Road,No Improper Action,No Apparent Influence,No Apparent Influence,33.42560916,-111.9400083
-111.9395788,33.3922419,2362,2650890,2012/07/03 00:44:00+00,2012,Mill Ave,Southern Ave,-224.928,Intersection Related Non Interchange,3,0,Accident,Sideswipe Same Direction,Daylight,Clear,Dry,Driver,22,Female,North,Changing Lanes,Unsafe Lane Change,No Apparent Influence,No Apparent Influence,Driver,31,Male,North,Going Straight Ahead,No Improper Action,No Apparent Influence,No Apparent Influence,33.3922419,-111.9395788
-111.9398826,33.41368528,2391,2640088,2012/07/07 00:11:00+00,2012,Mill Ave,Hudson Ln,22.176,Intersection Related Non Interchange,1,0,Accident,Single Vehicle,Daylight,Clear,Dry,Driver,27,Male,South,Going Straight Ahead,No Improper Action,No Apparent Influence,No Apparent Influence,0,0,0,0,0,0,0,0,33.41368528,-111.9398826
-111.9395259,33.38973183,2412,2662453,2012/08/09 23:28:00+00,2012,Mill Ave,Pebble Beach Dr,-350.064,Not Junction Related,3,0,Accident,Rear End,Daylight,Clear,Dry,Driver,33,Male,South,Going Straight Ahead,Speed To Fast For Conditions,No Apparent Influence,No Apparent Influence,Driver,23,Male,South,Stopped In Trafficway,No Improper Action,No Apparent Influence,No Apparent Influence,33.38973183,-111.9395259
-111.9395791,33.39225562,2503,2662528,2012/08/05 23:05:00+00,2012,Mill Ave,Southern Ave,-220.176,Not Junction Related,1,0,Accident,Left Turn,Daylight,Clear,Dry,Driver,40,Male,Northeast,Making Left Turn,Failed To Yield Right Of Way,No Apparent Influence,No Apparent Influence,Driver,28,Male,South,Going Straight Ahead,No Improper Action,No Apparent Influence,No Apparent Influence,33.39225562,-111.9395791
-111.9394166,33.38190774,2526,2674483,2012/08/29 04:34:00+00,2012,Mill Ave,Carter Dr,-500.016,Driveway,1,0,Accident,Left Turn,Dark Lighted,Clear,Dry,Driver,19,Female,Northeast,Making Left Turn,Inattention Distraction,No Apparent Influence,No Apparent Influence,Driver,32,Female,South,Going Straight Ahead,No Improper Action,No Apparent Influence,No Apparent Influence,33.38190774,-111.9394166
-111.9398511,33.41096511,2563,2662616,2012/08/10 09:45:00+00,2012,Mill Ave,Broadway Rd,1299.936,Not Junction Related,1,0,Accident,Rear End,Dark Lighted,Clear,Dry,Driver,21,Male,South,Going Straight Ahead,Inattention Distraction,No Apparent Influence,No Apparent Influence,Driver,35,Male,South,Going Straight Ahead,No Improper Action,No Apparent Influence,No Apparent Influence,33.41096511,-111.9398511
-111.9399638,33.41565191,2677,2671333,2012/08/07 09:23:00+00,2012,Mill Ave,12th St,-200.112,Not Junction Related,1,0,Accident,Single Vehicle,Dark Lighted,Clear,Dry,Driver,47,Male,North,Negotiating A Curve,Speed To Fast For Conditions,Alcohol,No Apparent Influence,0,0,0,0,0,0,0,0,33.41565191,-111.9399638