X,Y,OBJECTID,Incidentid,DateTime,Year,StreetName,CrossStreet,Distance,JunctionRelation,Totalinjuries,TotalAccidentities,EventSeverity,Collisionmanner,Lightcondition,Weather,SurfaceCondition,Unittype_One,Age_Drv1,Gender_Drv1,Traveldirection_One,Unitaction_One,Violation1_Drv1,AlcoholUse_Drv1,DrugUse_Drv1,Unittype_Two,Age_Drv2,Gender_Drv2,Traveldirection_Two,Unitaction_Two,Violation1_Drv2,AlcoholUse_Drv2,DrugUse_Drv2,Latitude,Longitude
-111.9399544,33.41918303,2758,2664558,2012/09/05 23:31:00+00,2012,Mill Ave,10th St,44.88,Not Junction Related,4,0,Accident,Rear End,Daylight,Clear,Dry,Driver,18,Male,North,Going Straight Ahead,Inattention Distraction,No Apparent Influence,No Apparent Influence,Driver,22,Female,North,Stopped In Trafficway,No Improper Action,No Apparent Influence,No Apparent Influence,33.41918303,-111.9399544
-111.9395994,33.39321647,2787,2656416,2012/08/19 19:41:00+00,2012,Mill Ave,Southern Ave,129.888,Intersection Related Non Interchange,1,0,Accident,Single Vehicle,Daylight,Clear,Dry,Driver,41,Male,South,Slowing In Trafficway,Speed To Fast For Conditions,No Apparent Influence,No Apparent Influence,0,0,0,0,0,0,0,0,33.39321647,-111.9395994
-111.9395873,33.3926398,2898,2664828,2012/09/23 09:29:00+00,2012,Mill Ave,Southern Ave,-80.256,Intersection Related Non Interchange,1,0,Accident,Rear End,Dark Lighted,Clear,Dry,Driver,26,Female,North,Going Straight Ahead,Followed Too Closely,Alcohol,No Apparent Influence,Driver,29,Male,North,Making Left Turn,No Improper Action,No Apparent Influence,No Apparent Influence,33.3926398,-111.9395873
-111.9397954,33.40662924,2946,2675394,2012/10/04 16:58:00+00,2012,Mill Ave,Broadway Rd,-278.784,Not Junction Related,1,0,Accident,ANGLE (Front To Side)(Other Than Left Turn),Daylight,Clear,Dry,Driver,36,Male,Northeast,Making Right Turn,Other,No Apparent Influence,No Apparent Influence,Pedalcyclist,28,Male,North,Going Straight Ahead,No Improper Action,No Apparent Influence,No Apparent Influence,33.40662924,-111.9397954
-111.9395894,33.39273584,3053,2657028,2012/09/27 02:09:00+00,2012,Mill Ave,Southern Ave,-44.88,Not Junction Related,1,0,Accident,Rear End,Dark Lighted,Clear,Dry,Driver,33,Male,North,Going Straight Ahead,Speed To Fast For Conditions,No Apparent Influence,No Apparent Influence,Driver,28,Female,North,Slowing In Trafficway,No Improper Action,No Apparent Influence,No Apparent Influence,33.39273584,-111.9395894
-111.9399688,33.42058209,3160,2670197,2012/09/07 02:44:00+00,2012,Mill Ave,9th St,34.848,Intersection Related Non Interchange,1,0,Accident,Left Turn,Dark Lighted,Clear,Dry,Driver,36,Male,East,Making Left Turn,Other,No Apparent Influence,No Apparent Influence,Pedalcyclist,28,Male,West,Crossing Road,Knowingly Operated With Faulty Missing Equipment,No Apparent Influence,No Apparent Influence,33.42058209,-111.9399688
-111.9398183,33.40753025,3181,2673773,2012/09/08 23:04:00+00,2012,Mill Ave,Broadway Rd,50.16,Intersection Related Interchange,1,0,Accident,Sideswipe Same Direction,Daylight,Clear,Dry,Driver,30,Female,North,Going Straight Ahead,Inattention Distraction,No Apparent Influence,No Apparent Influence,Driver,24,Male,North,Going Straight Ahead,No Improper Action,No Apparent Influence,No Apparent Influence,33.40753025,-111.9398183
-111.9396387,33.3964265,3468,2679250,2012/11/06 01:23:00+00,2012,Mill Ave,Fairmont Dr,60.192,Intersection Related Non Interchange,1,0,Accident,Rear End,Dark Lighted,Clear,Dry,Driver,27,Male,South,Going Straight Ahead,Inattention Distraction,No Apparent Influence,No Apparent Influence,Driver,28,Female,South,Stopped In Trafficway,No Improper Action,No Apparent Influence,No Apparent Influence,33.3964265,-111.9396387
-111.9393613,33.37857716,3482,2675592,2012/10/27 05:25:00+00,2012,Mill Ave,Baseline Rd,135.168,Not Junction Related,1,0,Accident,Rear End,Dark Lighted,Clear,Dry,Driver,84,Female,South,Going Straight Ahead,Speed To Fast For Conditions,No Apparent Influence,No Apparent Influence,Driver,30,Male,South,Stopped In Trafficway,No Improper Action,No Apparent Influence,No Apparent Influence,33.37857716,-111.9393613
-111.9399562,33.42036548,3714,2677825,2012/11/26 22:15:00+00,2012,Mill Ave,9th St,-44.88,Not Junction Related,1,0,Accident,Rear End,Daylight,Clear,Dry,Driver,40,Male,North,Going Straight Ahead,Speed To Fast For Conditions,No Apparent Influence,No Apparent Influence,Driver,21,Female,North,Stopped In Trafficway,No Improper Action,No Apparent Influence,No Apparent Influence,33.42036548,-111.9399562
-111.9396196,33.39479486,3775,2669990,2012/11/17 00:23:00+00,2012,Mill Ave,Geneva Dr,-259.776,Not Junction Related,1,0,Accident,Rear End,Dusk,Clear,Dry,Driver,19,Female,South,Going Straight Ahead,Speed To Fast For Conditions,No Apparent Influence,No Apparent Influence,Driver,53,Female,South,Slowing In Trafficway,No Improper Action,No Apparent Influence,No Apparent Influence,33.39479486,-111.9396196
-111.9395945,33.39298274,3840,2676025,2012/11/08 00:53:00+00,2012,Mill Ave,Southern Ave,44.88,Intersection Related Non Interchange,1,0,Accident,Rear End,Daylight,Clear,Dry,Driver,21,Female,South,Going Straight Ahead,Speed To Fast For Conditions,No Apparent Influence,No Apparent Influence,Driver,37,Male,South,Stopped In Trafficway,No Improper Action,No Apparent Influence,No Apparent Influence,33.39298274,-111.9395945
-111.939515,33.3881486,3919,2676036,2012/11/30 21:58:00+00,2012,Mill Ave,Hermosa Dr,-20.064,Intersection Related Non Interchange,1,0,Accident,Rear End,Daylight,Clear,Dry,Driver,20,Male,North,Going Straight Ahead,Followed Too Closely,No Apparent Influence,No Apparent Influence,Driver,60,Male,North,Going Straight Ahead,No Improper Action,No Apparent Influence,No Apparent Influence,33.3881486,-111.939515
-111.9398179,33.40751654,3954,2678375,2012/12/03 23:55:00+00,2012,Mill Ave,Broadway Rd,44.88,Intersection Related Non Interchange,1,0,Accident,Unknown,Dusk,Clear,Dry,Pedestrian,15,Male,East,Crossing Road,Disregarded Traffic Signal,No Apparent Influence,No Apparent Influence,Driver,20,Male,South,Making Right Turn,No Improper Action,No Apparent Influence,No Apparent Influence,33.40751654,-111.9398179
-111.939617,33.39459167,3960,2678833,2012/12/04 14:37:00+00,2012,Mill Ave,Geneva Dr,-334.224,Driveway,2,0,Accident,ANGLE (Front To Side)(Other Than Left Turn),Daylight,Clear,Dry,Driver,20,Female,West,Making Left Turn,Failed To Yield Right Of Way,No Apparent Influence,No Apparent Influence,Driver,52,Male,North,Going Straight Ahead,No Improper Action,No Apparent Influence,No Apparent Influence,33.39459167,-111.939617
-111.9400021,33.42425439,4070,2686362,2013/01/11 23:06:00+00,2013,Mill Ave,6th St,-32.208,Intersection Related Non Interchange,1,0,Accident,Left Turn,Daylight,Clear,Dry,Driver,21,Female,South,Making Left Turn,Inattention Distraction,No Apparent Influence,No Apparent Influence,Pedestrian,33,Female,East,Crossing Road,No Improper Action,No Apparent Influence,No Apparent Influence,33.42425439,-111.9400021
-111.940023,33.42941924,4123,2680256,2012/12/23 23:11:00+00,2012,Mill Ave,Rio Salado Pkwy,-73.92,Intersection Related Non Interchange,1,0,Accident,Single Vehicle,Daylight,Clear,Dry,Driver,26,Male,South,Making Left Turn,Speed To Fast For Conditions,No Apparent Influence,No Apparent Influence,0,0,0,0,0,0,0,0,33.42941924,-111.940023
-111.93996,33.41538083,4135,2682461,2013/01/07 17:55:00+00,2013,Mill Ave,13th St,232.848,Not Junction Related,1,0,Accident,Single Vehicle,Daylight,Clear,Dry,Driver,56,Male,South,Going Straight Ahead,No Improper Action,No Apparent Influence,No Apparent Influence,0,0,0,0,0,0,0,0,33.41538083,-111.93996
-111.9399549,33.41757034,4246,2683684,2013/01/08 21:37:00+00,2013,Mill Ave,11th St,-23.76,Not Junction Related,2,0,Accident,Sideswipe Same Direction,Daylight,Clear,Dry,Driver,27,Male,South,Changing Lanes,Unsafe Lane Change,No Apparent Influence,No Apparent Influence,Driver,23,Female,South,Going Straight Ahead,No Improper Action,No Apparent Influence,No Apparent Influence,33.41757034,-111.9399549
-111.9399539,33.41938912,4369,2678819,2012/12/13 18:54:00+00,2012,Mill Ave,10th St,119.856,Not Junction Related,1,0,Accident,Rear End,Daylight,Clear,Dry,Driver,19,Female,North,Going Straight Ahead,Inattention Distraction,No Apparent Influence,No Apparent Influence,Driver,22,Female,North,Stopped In Trafficway,No Improper Action,No Apparent Influence,No Apparent Influence,33.41938912,-111.9399539
-111.9396521,33.3970424,4445,2691360,2013/01/26 00:47:00+00,2013,Mill Ave,Erie Dr,0,Not Junction Related,1,0,Accident,Rear End,Dark Lighted,Rain,Wet,Driver,21,Male,South,Going Straight Ahead,Speed To Fast For Conditions,No Apparent Influence,No Apparent Influence,Driver,34,Female,South,Going Straight Ahead,No Improper Action,No Apparent Influence,No Apparent Influence,33.3970424,-111.9396521
-111.9397351,33.40285112,9,2590524,2012/01/10 20:40:00+00,2012,Mill Ave,Broadmor Dr,96.096,Intersection Related Non Interchange,0,0,No Accident,Rear End,Daylight,Clear,Dry,Driver,19,Male,South,Going Straight Ahead,Inattention Distraction,No Apparent Influence,No Apparent Influence,Driver,47,Female,South,Stopped In Trafficway,No Improper Action,No Apparent Influence,No Apparent Influence,33.40285112,-111.9397351
-111.9400229,33.42941375,13,2592210,2012/01/10 20:58:00+00,2012,Mill Ave,Rio Salado Pkwy,-76.032,Intersection Related Non Interchange,0,0,No Accident,Rear End,Daylight,Clear,Dry,Driver,33,Male,North,Going Straight Ahead,Speed To Fast For Conditions,No Apparent Influence,No Apparent Influence,Driver,69,Male,North,Stopped In Trafficway,No Improper Action,No Apparent Influence,No Apparent Influence,33.42941375,-111.9400229
-111.9399968,33.42350335,29,2598851,2012/01/03 19:31:00+00,2012,Mill Ave,7th St,109.824,Intersection Related Non Interchange,0,0,No Accident,Rear End,Daylight,Clear,Dry,Driver,21,Male,North,Going Straight Ahead,Inattention Distraction,No Apparent Influence,No Apparent Influence,Driver,30,Female,North,Stopped In Trafficway,No Improper Action,No Apparent Influence,No Apparent Influence,33.42350335,-111.9399968
-111.9399998,33.42410889,47,2590527,2012/01/04 22:36:00+00,2012,Mill Ave,6th St,-85.008,Not Junction Related,0,0,No Accident,Rear End,Daylight,Clear,Unknown,Driver,111,Unknown,North,Going Straight Ahead,Exceeded Lawful Speed,No Apparent Influence,No Apparent Influence,Driver,56,Male,North,Stopped In Trafficway,No Improper Action,No Apparent Influence,No Apparent Influence,33.42410889,-111.9399998
-111.9399631,33.42048899,71,2592302,2012/01/11 19:31:00+00,2012,Mill Ave,9th St,0,Intersection Non Interchange,0,0,No Accident,Sideswipe Same Direction,Daylight,Clear,Dry,Driver,57,Female,Unknown,Making Right Turn,Unknown,No Apparent Influence,No Apparent Influence,Driver,20,Female,Unknown,Making Left Turn,Unknown,No Apparent Influence,No Apparent Influence,33.42048899,-111.9399631
-111.939592,33.39285933,73,2592212,2012/01/11 22:48:00+00,2012,Mill Ave,Southern Ave,0,Intersection Non Interchange,0,0,No Accident,ANGLE (Front To Side)(Other Than Left Turn),Daylight,Clear,Dry,Driver,23,Male,Northeast,Other,Other,No Apparent Influence,No Apparent Influence,Driver,20,Female,South,Changing Lanes,No Improper Action,No Apparent Influence,No Apparent Influence,33.39285933,-111.939592
-111.9395859,33.39257394,77,2597062,2012/01/12 01:23:00+00,2012,Mill Ave,Southern Ave,-104.016,Not Junction Related,0,0,No Accident,Rear End,Dark Lighted,Clear,Dry,Driver,20,Male,North,Going Straight Ahead,Speed To Fast For Conditions,No Apparent Influence,No Apparent Influence,Driver,23,Female,North,Stopped In Trafficway,No Improper Action,No Apparent Influence,No Apparent Influence,33.39257394,-111.9395859
-111.939469,33.38604054,88,2586125,2012/01/13 04:21:00+00,2012,Mill Ave,US Highway 60 Exit 173 C-Ramp,0,Intersection Non Interchange,0,0,No Accident,ANGLE (Front To Side)(Other Than Left Turn),Dark Lighted,Clear,Dry,Driver,18,Male,West,Going Straight Ahead,Disregarded Traffic Signal,No Apparent Influence,No Apparent Influence,Driver,21,Male,North,Making Left Turn,No Improper Action,No Apparent Influence,No Apparent Influence,33.38604054,-111.939469
-111.9399561,33.41906257,106,2599232,2012/01/27 18:11:00+00,2012,Mill Ave,10th St,0,Intersection Non Interchange,0,0,No Accident,ANGLE (Front To Side)(Other Than Left Turn),Daylight,Clear,Dry,Driver,24,Male,South,Going Straight Ahead,Disregarded Traffic Signal,No Apparent Influence,No Apparent Influence,Driver,32,Female,West,Going Straight Ahead,No Improper Action,No Apparent Influence,No Apparent Influence,33.41906257,-111.9399561
-111.9399995,33.42328342,117,2592267,2012/01/28 01:39:00+00,2012,Mill Ave,7th St,30.096,Not Junction Related,0,0,No Accident,Rear End,Dark Lighted,Clear,Dry,Driver,255,0,North,Going Straight Ahead,Disregarded Traffic Signal,No Apparent Influence,No Apparent Influence,Driver,23,Female,Unknown,Properly Parked,No Improper Action,No Apparent Influence,No Apparent Influence,33.42328342,-111.9399995
-111.9398311,33.40812104,118,2595026,2012/01/14 00:24:00+00,2012,Mill Ave,Broadway Rd,265.056,Not Junction Related,0,0,No Accident,Sideswipe Same Direction,Dusk,Clear,Dry,Driver,111,Unknown,South,Going Straight Ahead,Speed To Fast For Conditions,No Apparent Influence,No Apparent Influence,Driver,47,Female,South,Stopped In Trafficway,No Improper Action,No Apparent Influence,No Apparent Influence,33.40812104,-111.9398311
-111.9397947,33.40658256,144,2596418,2012/01/30 19:25:00+00,2012,Mill Ave,Broadway Rd,-296.208,Not Junction Related,0,0,No Accident,Rear End,Daylight,Clear,Dry,Driver,25,Male,North,Going Straight Ahead,Inattention Distraction,No Apparent Influence,No Apparent Influence,Driver,52,Male,North,Stopped In Trafficway,No Improper Action,No Apparent Influence,No Apparent Influence,33.40658256,-111.9397947
-111.9395177,33.38868094,149,2596026,2012/01/30 22:32:00+00,2012,Mill Ave,Hermosa Dr,174.24,Not Junction Related,0,0,No Accident,Rear End,Daylight,Clear,Dry,Driver,22,Male,South,Going Straight Ahead,Inattention Distraction,No Apparent Influence,No Apparent Influence,Driver,27,Male,South,Stopped In Trafficway,No Improper Action,No Apparent Influence,No Apparent Influence,33.38868094,-111.9395177
-111.9397952,33.406621,186,2598337,2012/02/01 19:38:00+00,2012,Mill Ave,Broadway Rd,-281.952,Not Junction Related,0,0,No Accident,ANGLE (Front To Side)(Other Than Left Turn),Daylight,Clear,Dry,Driver,49,Female,West,Other,Other,No Apparent Influence,No Apparent Influence,Driver,34,Female,North,Going Straight Ahead,No Improper Action,No Apparent Influence,No Apparent Influence,33.406621,-111.9397952
-111.940007,33.42549931,240,2593681,2012/01/20 20:21:00+00,2012,Mill Ave,5th St,0,Intersection Non Interchange,0,0,No Accident,Left Turn,Daylight,Clear,Dry,Driver,24,Male,West,Going Straight Ahead,Disregarded Traffic Signal,No Apparent Influence,No Apparent Influence,Driver,25,Female,North,Making Left Turn,No Improper Action,No Apparent Influence,No Apparent Influence,33.42549931,-111.940007
-111.9395882,33.39268096,245,2595938,2012/01/20 23:40:00+00,2012,Mill Ave,Southern Ave,-64.944,Intersection Related Non Interchange,0,0,No Accident,Rear End,Daylight,Clear,Dry,Driver,43,Male,North,Going Straight Ahead,Speed To Fast For Conditions,No Apparent Influence,No Apparent Influence,Driver,21,Male,North,Stopped In Trafficway,No Improper Action,No Apparent Influence,No Apparent Influence,33.39268096,-111.9395882
-111.9400013,33.42420497,254,2591211,2012/01/21 09:18:00+00,2012,Mill Ave,6th St,-50.16,Thru Roadway,0,0,No Accident,Sideswipe Same Direction,Dark Lighted,Clear,Dry,Driver,39,Male,North,Entering Parking Position,Speed To Fast For Conditions,No Apparent Influence,No Apparent Influence,Driverless,0,0,North,Properly Parked,0,0,0,33.42420497,-111.9400013
-111.9399902,33.42174548,256,2592292,2012/01/21 10:20:00+00,2012,Mill Ave,University Dr,-68.112,Intersection Related Non Interchange,0,0,No Accident,Rear End,Dark Lighted,Clear,Dry,Driver,20,Female,North,Going Straight Ahead,Speed To Fast For Conditions,Alcohol,No Apparent Influence,Driver,36,Male,North,Stopped In Trafficway,No Improper Action,No Apparent Influence,No Apparent Influence,33.42174548,-111.9399902
-111.9400034,33.42206753,262,2598399,2012/01/21 21:09:00+00,2012,Mill Ave,University Dr,50.16,Intersection Related Non Interchange,0,0,No Accident,Rear End,Daylight,Clear,Dry,Driver,20,Male,South,Going Straight Ahead,Speed To Fast For Conditions,No Apparent Influence,No Apparent Influence,Driver,19,Male,South,Stopped In Trafficway,No Improper Action,No Apparent Influence,No Apparent Influence,33.42206753,-111.9400034
-111.9393665,33.37878292,305,2597975,2012/01/10 01:25:00+00,2012,Mill Ave,Baseline Rd,210.144,Intersection Related Non Interchange,0,0,No Accident,Rear End,Dark Lighted,Clear,Dry,Driver,29,Male,South,Going Straight Ahead,Speed To Fast For Conditions,No Apparent Influence,No Apparent Influence,Driver,21,Female,South,Stopped In Trafficway,No Improper Action,No Apparent Influence,No Apparent Influence,33.37878292,-111.9393665
-111.9395147,33.38829912,307,2597979,2012/01/10 02:03:00+00,2012,Mill Ave,Hermosa Dr,34.848,Intersection Related Interchange,0,0,No Accident,Rear End,Dark Lighted,Clear,Dry,Driver,39,Female,South,Going Straight Ahead,Speed To Fast For Conditions,No Apparent Influence,No Apparent Influence,Driver,21,Male,South,Stopped In Trafficway,No Improper Action,No Apparent Influence,No Apparent Influence,33.38829912,-111.9395147
-111.9395935,33.39293884,314,2592296,2012/01/14 23:41:00+00,2012,Mill Ave,Southern Ave,29.04,Intersection Related Interchange,0,0,No Accident,Rear End,Daylight,Clear,Dry,Driver,59,Male,South,Going Straight Ahead,Speed To Fast For Conditions,No Apparent Influence,No Apparent Influence,Driver,25,Male,South,Stopped In Trafficway,No Improper Action,No Apparent Influence,No Apparent Influence,33.39293884,-111.9395935
-111.9398397,33.41029338,361,2598643,2012/01/23 16:07:00+00,2012,Mill Ave,Broadway Rd,1056,Not Junction Related,0,0,No Accident,Rear End,Daylight,Clear,Dry,Driver,20,Female,North,Going Straight Ahead,Speed To Fast For Conditions,No Apparent Influence,No Apparent Influence,Driver,26,Female,North,Stopped In Trafficway,No Improper Action,No Apparent Influence,No Apparent Influence,33.41029338,-111.9398397
-111.9395495,33.39087642,386,2592254,2012/01/25 21:40:00+00,2012,Mill Ave,Pebble Beach Dr,67.056,Intersection Related Non Interchange,0,0,No Accident,Sideswipe Same Direction,Daylight,Clear,Dry,Driver,34,Female,South,Changing Lanes,Unsafe Lane Change,No Apparent Influence,No Apparent Influence,Driver,20,Female,South,Going Straight Ahead,No Improper Action,No Apparent Influence,No Apparent Influence,33.39087642,-111.9395495
-111.9398154,33.40739562,429,2603139,2012/02/20 14:02:00+00,2012,Mill Ave,Broadway Rd,0,Intersection Non Interchange,0,0,No Accident,ANGLE (Front To Side)(Other Than Left Turn),Daylight,Clear,Dry,Driver,53,Male,North,Going Straight Ahead,Disregarded Traffic Signal,No Apparent Influence,No Apparent Influence,Driver,83,Male,Northwest,Making Right Turn,No Improper Action,No Apparent Influence,No Apparent Influence,33.40739562,-111.9398154
-111.939969,33.42067015,431,2600067,2012/02/20 19:09:00+00,2012,Mill Ave,9th St,67.056,Not Junction Related,0,0,No Accident,Rear End,Daylight,Clear,Dry,Driver,21,Male,North,Going Straight Ahead,Inattention Distraction,No Apparent Influence,No Apparent Influence,Driver,32,Female,North,Slowing In Trafficway,No Improper Action,No Apparent Influence,No Apparent Influence,33.42067015,-111.939969
-111.9395419,33.39052345,449,2595127,2012/02/22 00:40:00+00,2012,Mill Ave,Pebble Beach Dr,-61.776,Not Junction Related,0,0,No Accident,Rear End,Daylight,Clear,Dry,Driver,27,Male,North,Going Straight Ahead,Followed Too Closely,No Apparent Influence,No Apparent Influence,Driver,33,Male,North,Stopped In Trafficway,No Improper Action,No Apparent Influence,No Apparent Influence,33.39052345,-111.9395419
-111.9395154,33.38820353,464,2597124,2012/02/11 18:20:00+00,2012,Mill Ave,Hermosa Dr,0,Intersection Non Interchange,0,0,No Accident,ANGLE (Front To Side)(Other Than Left Turn),Daylight,Clear,Dry,Driver,21,Male,West,Making Right Turn,Made Improper Turn,No Apparent Influence,No Apparent Influence,Driver,255,Female,North,Going Straight Ahead,No Improper Action,No Apparent Influence,No Apparent Influence,33.38820353,-111.9395154
-111.939585,33.39253003,501,2599227,2012/02/05 01:28:00+00,2012,Mill Ave,Southern Ave,-119.856,Not Junction Related,0,0,No Accident,Rear End,Dark Lighted,Clear,Dry,Driver,23,Female,North,Going Straight Ahead,Followed Too Closely,No Apparent Influence,No Apparent Influence,Driver,39,Female,North,Stopped In Trafficway,No Improper Action,No Apparent Influence,No Apparent Influence,33.39253003,-111.939585
-111.9398943,33.41461304,510,2589008,2012/02/06 05:58:00+00,2012,Mill Ave,13th St,-50.16,Intersection Related Non Interchange,0,0,No Accident,Rear End,Dark Lighted,Clear,Dry,Driver,255,0,North,Going Straight Ahead,Speed To Fast For Conditions,No Apparent Influence,No Apparent Influence,Driver,19,Male,North,Stopped In Trafficway,No Improper Action,No Apparent Influence,No Apparent Influence,33.41461304,-111.9398943
-111.9488508,33.44490603,531,2601589,2012/02/23 00:40:00+00,2012,Mill Ave,Washington St,3168,Not Junction Related,0,0,No Accident,Other,Daylight,Clear,Dry,Driver,52,Male,South,Going Straight Ahead,Other,No Apparent Influence,No Apparent Influence,Driver,67,Female,South,Going Straight Ahead,No Improper Action,No Apparent Influence,No Apparent Influence,33.44490603,-111.9488508
-111.9395825,33.39241478,542,2594971,2012/03/01 22:10:00+00,2012,Mill Ave,Southern Ave,-162.096,Not Junction Related,0,0,No Accident,Rear End,Daylight,Clear,Dry,Driver,111,Male,South,Going Straight Ahead,Other,No Apparent Influence,No Apparent Influence,Driver,25,Male,South,Slowing In Trafficway,No Improper Action,No Apparent Influence,No Apparent Influence,33.39241478,-111.9395825
-111.9399963,33.42360774,551,2608284,2012/03/02 03:12:00+00,2012,Mill Ave,7th St,147.84,Intersection Related Non Interchange,0,0,No Accident,Rear End,Dark Lighted,Clear,Dry,Driver,20,Female,South,Going Straight Ahead,Inattention Distraction,No Apparent Influence,No Apparent Influence,Driver,61,Male,South,Stopped In Trafficway,No Improper Action,No Apparent Influence,No Apparent Influence,33.42360774,-111.9399963
-111.9393583,33.37845371,571,2594961,2012/03/04 06:10:00+00,2012,Mill Ave,Baseline Rd,89.76,Intersection Related Non Interchange,0,0,No Accident,Rear End,Dark Lighted,Clear,Dry,Driver,31,Male,South,Overtaking Passing,Speed To Fast For Conditions,Alcohol,No Apparent Influence,Driver,23,Male,South,Stopped In Trafficway,No Improper Action,No Apparent Influence,No Apparent Influence,33.37845371,-111.9393583
-111.942704,33.43657718,572,2608356,2012/03/04 07:18:00+00,2012,Mill Ave,Washington St,-422.4,Not Junction Related,0,0,No Accident,Single Vehicle,Dark Lighted,Clear,Dry,Driver,111,Unknown,North,Going Straight Ahead,Inattention Distraction,No Apparent Influence,No Apparent Influence,0,0,0,0,0,0,0,0,33.43657718,-111.942704
-111.9399543,33.41922974,590,2594952,2012/02/23 03:12:00+00,2012,Mill Ave,10th St,61.776,Intersection Related Non Interchange,0,0,No Accident,Rear End,Dark Lighted,Clear,Dry,Driver,20,Male,North,Going Straight Ahead,Inattention Distraction,No Apparent Influence,No Apparent Influence,Driver,28,Male,North,Stopped In Trafficway,No Improper Action,No Apparent Influence,No Apparent Influence,33.41922974,-111.9399543
-111.9396136,33.39432806,625,2599714,2012/02/10 20:12:00+00,2012,Mill Ave,Geneva Dr,-429.792,Driveway,0,0,No Accident,Left Turn,Daylight,Clear,Dry,Driver,70,Female,North,Making Left Turn,Failed To Yield Right Of Way,No Apparent Influence,No Apparent Influence,Driver,19,Male,South,Going Straight Ahead,No Improper Action,No Apparent Influence,No Apparent Influence,33.39432806,-111.9396136
-111.9399387,33.41786917,676,2596877,2012/02/29 21:24:00+00,2012,Mill Ave,Apache Blvd,86.064,Not Junction Related,0,0,No Accident,Sideswipe Same Direction,Daylight,Clear,Dry,Driver,44,Male,North,Overtaking Passing,Unsafe Lane Change,No Apparent Influence,No Apparent Influence,Driver,36,Male,North,Going Straight Ahead,No Improper Action,No Apparent Influence,No Apparent Influence,33.41786917,-111.9399387
-111.9394938,33.38631142,683,2595223,2012/03/01 00:37:00+00,2012,Mill Ave,US Highway 60 Exit 173 J-Ramp,99.792,Not Junction Related,0,0,No Accident,Sideswipe Same Direction,Dark Unknown Lighting,Clear,Dry,Driver,66,Male,South,Going Straight Ahead,Unknown,No Apparent Influence,No Apparent Influence,Driver,51,Male,South,Going Straight Ahead,Unknown,No Apparent Influence,No Apparent Influence,33.38631142,-111.9394938
-111.9400239,33.42883887,695,2595661,2012/02/12 07:10:00+00,2012,Mill Ave,3rd St,528,Not Junction Related,0,0,No Accident,Sideswipe Same Direction,Dark Lighted,Cloudy,Dry,Driver,255,0,North,Going Straight Ahead,Speed To Fast For Conditions,No Apparent Influence,No Apparent Influence,Driverless,0,0,North,Properly Parked,0,0,0,33.42883887,-111.9400239
-111.9397835,33.40583468,719,2599201,2012/02/14 15:46:00+00,2012,Mill Ave,Palmcroft Dr,-46.992,Intersection Related Non Interchange,0,0,No Accident,ANGLE (Front To Side)(Other Than Left Turn),Daylight,Clear,Dry,Driver,23,Male,West,Making Left Turn,Other,No Apparent Influence,No Apparent Influence,Driver,28,Female,North,Going Straight Ahead,No Improper Action,No Apparent Influence,No Apparent Influence,33.40583468,-111.9397835
-111.9400207,33.42768439,722,2600002,2012/02/14 21:07:00+00,2012,Mill Ave,3rd St,108.24,Intersection Related Non Interchange,0,0,No Accident,Rear End,Daylight,Cloudy,Dry,Driver,20,Male,South,Going Straight Ahead,Inattention Distraction,No Apparent Influence,No Apparent Influence,Driver,37,Female,South,Stopped In Trafficway,No Improper Action,No Apparent Influence,No Apparent Influence,33.42768439,-111.9400207
-111.939961,33.42045616,766,2601583,2012/02/18 06:08:00+00,2012,Mill Ave,9th St,-12.144,Intersection Non Interchange,0,0,No Accident,Left Turn,Dark Lighted,Clear,Dry,Driver,20,Male,North,Going Straight Ahead,Speed To Fast For Conditions,No Apparent Influence,No Apparent Influence,Driver,18,Female,Southeast,Making Left Turn,No Improper Action,No Apparent Influence,No Apparent Influence,33.42045616,-111.939961
-111.9398082,33.40716254,794,2595188,2012/02/25 03:58:00+00,2012,Mill Ave,Broadway Rd,-85.008,Intersection Related Non Interchange,0,0,No Accident,Rear End,Dark Lighted,Clear,Unknown,Driver,41,Male,South,Going Straight Ahead,Exceeded Lawful Speed,Alcohol,No Apparent Influence,Driver,22,Male,South,Going Straight Ahead,No Improper Action,No Apparent Influence,No Apparent Influence,33.40716254,-111.9398082
-111.9432851,33.43762183,821,2630785,2012/03/18 19:07:00+00,2012,Mill Ave,Washington St,0,Intersection Non Interchange,0,0,No Accident,ANGLE (Front To Side)(Other Than Left Turn),Daylight,Cloudy,Dry,Driver,53,Male,North,Going Straight Ahead,Disregarded Traffic Signal,No Apparent Influence,No Apparent Influence,Driver,28,Male,East,Going Straight Ahead,No Improper Action,No Apparent Influence,No Apparent Influence,33.43762183,-111.9432851
-111.946414,33.44210936,825,2629009,2012/03/19 07:29:00+00,2012,Mill Ave,Center Pkwy,10.032,Intersection Related Non Interchange,0,0,No Accident,Single Vehicle,Dark Not Lighted,Rain,Wet,Driver,35,Male,East,Going Straight Ahead,Speed To Fast For Conditions,No Apparent Influence,Drugs,0,0,0,0,0,0,0,0,33.44210936,-111.946414