X,Y,OBJECTID,Incidentid,DateTime,Year,StreetName,CrossStreet,Distance,JunctionRelation,Totalinjuries,TotalAccidentities,EventSeverity,Collisionmanner,Lightcondition,Weather,SurfaceCondition,Unittype_One,Age_Drv1,Gender_Drv1,Traveldirection_One,Unitaction_One,Violation1_Drv1,AlcoholUse_Drv1,DrugUse_Drv1,Unittype_Two,Age_Drv2,Gender_Drv2,Traveldirection_Two,Unitaction_Two,Violation1_Drv2,AlcoholUse_Drv2,DrugUse_Drv2,Latitude,Longitude
-111.9395952,33.39301567,844,2622439,2012/03/21 13:56:00+00,2012,Mill Ave,Southern Ave,57.024,Not Junction Related,0,0,No Accident,Sideswipe Same Direction,Daylight,Clear,Dry,Driver,27,Male,Southwest,Making Right Turn,Other,No Apparent Influence,No Apparent Influence,Driver,50,Male,South,Stopped In Trafficway,No Improper Action,No Apparent Influence,No Apparent Influence,33.39301567,-111.9395952
-111.9396137,33.39433356,856,2630710,2012/03/26 22:28:00+00,2012,Mill Ave,Geneva Dr,-428.208,Not Junction Related,0,0,No Accident,Rear End,Daylight,Clear,Dry,Driver,25,Female,South,Stopped In Trafficway,Speed To Fast For Conditions,No Apparent Influence,No Apparent Influence,Driver,46,Male,South,Going Straight Ahead,No Improper Action,No Apparent Influence,No Apparent Influence,33.39433356,-111.9396137
-111.9394877,33.38624316,871,2622861,2012/03/06 19:11:00+00,2012,Mill Ave,US Highway 60 Exit 173 J-Ramp,74.976,Intersection Related Interchange,0,0,No Accident,Rear End,Daylight,Clear,Dry,Driver,45,Female,South,Going Straight Ahead,Followed Too Closely,No Apparent Influence,No Apparent Influence,Driver,59,Female,South,Stopped In Trafficway,No Improper Action,No Apparent Influence,No Apparent Influence,33.38624316,-111.9394877
-111.9395891,33.39272212,879,2608328,2012/03/07 02:05:00+00,2012,Mill Ave,Southern Ave,-50.16,Intersection Related Non Interchange,0,0,No Accident,ANGLE (Front To Side)(Other Than Left Turn),Dark Lighted,Clear,Dry,Driver,68,Male,East,Making Left Turn,Made Improper Turn,No Apparent Influence,No Apparent Influence,Driver,42,Male,North,Going Straight Ahead,No Improper Action,No Apparent Influence,No Apparent Influence,33.39272212,-111.9395891
-111.9397894,33.40621642,902,2611068,2012/03/08 14:42:00+00,2012,Mill Ave,El Parque Dr,92.928,Not Junction Related,0,0,No Accident,Rear End,Daylight,Clear,Dry,Driver,17,Male,North,Going Straight Ahead,Inattention Distraction,No Apparent Influence,No Apparent Influence,Driver,69,Male,North,Stopped In Trafficway,No Improper Action,No Apparent Influence,No Apparent Influence,33.40621642,-111.9397894
-111.9399579,33.42040692,938,2655606,2012/03/31 19:39:00+00,2012,Mill Ave,9th St,-30.096,Not Junction Related,0,0,No Accident,Rear End,Daylight,Clear,Dry,Driver,28,Male,North,Going Straight Ahead,Inattention Distraction,No Apparent Influence,No Apparent Influence,Driver,20,Male,North,Stopped In Trafficway,No Improper Action,No Apparent Influence,No Apparent Influence,33.42040692,-111.9399579
-111.9396695,33.39840305,945,2626990,2012/04/01 14:09:00+00,2012,Mill Ave,Cairo Dr,-61.776,Not Junction Related,0,0,No Accident,Single Vehicle,Daylight,Clear,Dry,Driver,26,Male,South,Going Straight Ahead,Failed To Keep In Proper Lane,Alcohol,No Apparent Influence,0,0,0,0,0,0,0,0,33.39840305,-111.9396695
-111.9395732,33.39198121,969,2628984,2012/03/22 05:35:00+00,2012,Mill Ave,Southern Ave,-319.968,Not Junction Related,0,0,No Accident,Rear End,Dark Lighted,Clear,Dry,Driver,45,Female,South,Going Straight Ahead,Inattention Distraction,No Apparent Influence,No Apparent Influence,Driver,27,Male,South,Stopped In Trafficway,No Improper Action,No Apparent Influence,No Apparent Influence,33.39198121,-111.9395732
-111.9395153,33.38837329,984,2655618,2012/03/22 23:07:00+00,2012,Mill Ave,Hermosa Dr,61.776,Intersection Related Non Interchange,0,0,No Accident,Rear End,Daylight,Clear,Dry,Driver,20,Female,South,Going Straight Ahead,Inattention Distraction,No Apparent Influence,No Apparent Influence,Driver,40,Male,South,Stopped In Trafficway,No Improper Action,No Apparent Influence,No Apparent Influence,33.38837329,-111.9395153
-111.9399919,33.42176803,1010,2625064,2012/03/25 06:21:00+00,2012,Mill Ave,University Dr,-60.192,Intersection Related Non Interchange,0,0,No Accident,Rear End,Dark Lighted,Clear,Dry,Driver,23,Male,North,Going Straight Ahead,Inattention Distraction,No Apparent Influence,No Apparent Influence,Driver,26,Female,North,Going Straight Ahead,No Improper Action,No Apparent Influence,No Apparent Influence,33.42176803,-111.9399919
-111.9399538,33.41891148,1030,2647892,2012/03/09 17:48:00+00,2012,Mill Ave,10th St,-54.912,Intersection Related Non Interchange,0,0,No Accident,Rear End,Daylight,Clear,Dry,Driver,57,Male,North,Slowing In Trafficway,Speed To Fast For Conditions,No Apparent Influence,No Apparent Influence,Driver,33,Female,North,Stopped In Trafficway,No Improper Action,No Apparent Influence,No Apparent Influence,33.41891148,-111.9399538
-111.9434531,33.43815143,1041,2610967,2012/03/10 01:00:00+00,2012,Mill Ave,Washington St,200.112,Not Junction Related,0,0,No Accident,ANGLE (Front To Side)(Other Than Left Turn),Daylight,Clear,Dry,Driver,24,Female,East,Other,Other,No Apparent Influence,No Apparent Influence,Driver,27,Male,South,Going Straight Ahead,No Improper Action,No Apparent Influence,No Apparent Influence,33.43815143,-111.9434531
-111.9399973,33.42303694,1047,2610974,2012/03/11 01:01:00+00,2012,Mill Ave,7th St,-60.192,Intersection Related Non Interchange,0,0,No Accident,Rear End,Daylight,Clear,Dry,Driver,22,Female,North,Going Straight Ahead,Speed To Fast For Conditions,No Apparent Influence,No Apparent Influence,Driver,54,Female,North,Stopped In Trafficway,No Improper Action,No Apparent Influence,No Apparent Influence,33.42303694,-111.9399973
-111.9398238,33.4077085,1054,2650694,2012/03/11 04:23:00+00,2012,Mill Ave,Broadway Rd,115.104,Intersection Related Interchange,0,0,No Accident,Rear End,Dark Lighted,Clear,Dry,Driver,23,Female,South,Going Straight Ahead,Inattention Distraction,No Apparent Influence,No Apparent Influence,Driver,23,Male,South,Stopped In Trafficway,No Improper Action,No Apparent Influence,No Apparent Influence,33.4077085,-111.9398238
-111.9400029,33.41740284,1100,2630700,2012/03/15 20:32:00+00,2012,Mill Ave,11th St,-87.12,Intersection Related Non Interchange,0,0,No Accident,Rear End,Daylight,Clear,Dry,Driver,56,Male,North,Going Straight Ahead,Inattention Distraction,No Apparent Influence,No Apparent Influence,Driver,27,Female,North,Stopped In Trafficway,No Improper Action,No Apparent Influence,No Apparent Influence,33.41740284,-111.9400029
-111.9396356,33.39627556,1107,2630702,2012/03/16 01:00:00+00,2012,Mill Ave,Fairmont Dr,4.752,Intersection Related Non Interchange,0,0,No Accident,Rear To Rear,Daylight,Clear,Dry,Driver,21,Male,South,Going Straight Ahead,Inattention Distraction,No Apparent Influence,No Apparent Influence,Driver,21,Male,Southwest,Making Right Turn,No Improper Action,No Apparent Influence,No Apparent Influence,33.39627556,-111.9396356
-111.9396287,33.39550879,1136,2630889,2012/04/05 23:00:00+00,2012,Mill Ave,Geneva Dr,0,Intersection Non Interchange,0,0,No Accident,ANGLE (Front To Side)(Other Than Left Turn),Daylight,Clear,Dry,Driver,63,Female,East,Making Right Turn,Speed To Fast For Conditions,No Apparent Influence,No Apparent Influence,Driver,36,Male,South,Changing Lanes,No Improper Action,No Apparent Influence,No Apparent Influence,33.39550879,-111.9396287
-111.9394589,33.38510333,1178,2624399,2012/03/28 17:29:00+00,2012,Mill Ave,US Highway 60 Exit 173 A-Ramp,0,Intersection Non Interchange,0,0,No Accident,Left Turn,Daylight,Clear,Dry,Driver,30,Male,Northeast,Making Left Turn,Unknown,No Apparent Influence,No Apparent Influence,Driver,58,Male,South,Going Straight Ahead,Unknown,No Apparent Influence,No Apparent Influence,33.38510333,-111.9394589
-111.9400033,33.42460594,1210,2613435,2012/04/07 02:56:00+00,2012,Mill Ave,6th St,96.096,Not Junction Related,0,0,No Accident,Rear End,Dark Lighted,Clear,Dry,Driver,50,Male,North,Going Straight Ahead,Speed To Fast For Conditions,Alcohol,No Apparent Influence,Driver,35,Male,North,Stopped In Trafficway,No Improper Action,No Apparent Influence,No Apparent Influence,33.42460594,-111.9400033
-111.9395782,33.39221446,1225,2655807,2012/05/02 15:35:00+00,2012,Mill Ave,Southern Ave,-234.96,Not Junction Related,0,0,No Accident,ANGLE (Front To Side)(Other Than Left Turn),Daylight,Clear,Dry,Driver,22,Male,South,Changing Lanes,Unsafe Lane Change,No Apparent Influence,No Apparent Influence,Driver,32,Male,South,Going Straight Ahead,No Improper Action,No Apparent Influence,No Apparent Influence,33.39221446,-111.9395782
-111.9395141,33.38805246,1233,2625694,2012/05/02 23:34:00+00,2012,Mill Ave,Hermosa Dr,-54.912,Not Junction Related,0,0,No Accident,Rear End,Daylight,Clear,Dry,Driver,34,Female,South,Going Straight Ahead,Followed Too Closely,No Apparent Influence,No Apparent Influence,Driver,31,Female,South,Stopped In Trafficway,No Improper Action,No Apparent Influence,No Apparent Influence,33.38805246,-111.9395141
-111.9400071,33.42541687,1274,2619989,2012/04/11 21:59:00+00,2012,Mill Ave,5th St,-30.096,Not Junction Related,0,0,No Accident,Rear End,Daylight,Clear,Dry,Driver,20,Male,South,Going Straight Ahead,Followed Too Closely,No Apparent Influence,No Apparent Influence,Driver,39,Female,South,Slowing In Trafficway,No Improper Action,No Apparent Influence,No Apparent Influence,33.42541687,-111.9400071
-111.9400196,33.42711554,1298,2627600,2012/05/11 09:30:00+00,2012,Mill Ave,3rd St,-99.792,Intersection Related Non Interchange,0,0,No Accident,ANGLE (Front To Side)(Other Than Left Turn),Dark Lighted,Clear,Dry,Driver,111,Unknown,East,Making U Turn,Inattention Distraction,No Apparent Influence,No Apparent Influence,Driver,61,Male,North,Slowing In Trafficway,No Improper Action,No Apparent Influence,No Apparent Influence,33.42711554,-111.9400196
-111.939997,33.42345939,1327,2619970,2012/04/17 21:34:00+00,2012,Mill Ave,7th St,93.984,Not Junction Related,0,0,No Accident,Sideswipe Same Direction,Daylight,Clear,Dry,Driver,21,Male,South,Leaving Parking Position,Unsafe Lane Change,No Apparent Influence,No Apparent Influence,Driver,55,Female,South,Going Straight Ahead,No Improper Action,No Apparent Influence,No Apparent Influence,33.42345939,-111.939997
-111.9396115,33.39421053,1386,2625676,2012/05/04 22:55:00+00,2012,Mill Ave,Southern Ave,492.096,Not Junction Related,0,0,No Accident,Rear End,Daylight,Clear,Dry,Driver,22,Female,South,Going Straight Ahead,Followed Too Closely,No Apparent Influence,No Apparent Influence,Driver,31,Female,South,Stopped In Trafficway,No Improper Action,No Apparent Influence,No Apparent Influence,33.39421053,-111.9396115
-111.9399961,33.42181719,1407,2655622,2012/05/06 02:33:00+00,2012,Mill Ave,University Dr,-42.24,Intersection Related Non Interchange,0,0,No Accident,Rear End,Dark Lighted,Clear,Dry,Driver,49,Female,North,Going Straight Ahead,Inattention Distraction,No Apparent Influence,No Apparent Influence,Driver,41,Male,North,Stopped In Trafficway,No Improper Action,No Apparent Influence,No Apparent Influence,33.42181719,-111.9399961
-111.9399962,33.42362697,1440,2648370,2012/04/12 20:52:00+00,2012,Mill Ave,7th St,155.232,Intersection Related Non Interchange,0,0,No Accident,Rear End,Daylight,Clear,Dry,Driver,35,Male,North,Going Straight Ahead,Inattention Distraction,No Apparent Influence,No Apparent Influence,Driver,61,Male,North,Stopped In Trafficway,No Improper Action,No Apparent Influence,No Apparent Influence,33.42362697,-111.9399962
-111.9400068,33.4252245,1458,2620379,2012/04/15 09:15:00+00,2012,Mill Ave,5th St,-99.792,Not Junction Related,0,0,No Accident,Sideswipe Same Direction,Dark Unknown Lighting,Unknown,Unknown,Driver,50,Male,South,Other,Unknown,No Apparent Influence,No Apparent Influence,Driver,49,Female,South,Properly Parked,No Improper Action,No Apparent Influence,No Apparent Influence,33.4252245,-111.9400068
-111.9398788,33.41309041,1472,2630950,2012/04/16 22:12:00+00,2012,Mill Ave,Hudson Ln,-194.832,Not Junction Related,0,0,No Accident,Left Turn,Daylight,Clear,Dry,Driver,69,Male,East,Making Left Turn,Inattention Distraction,No Apparent Influence,No Apparent Influence,Driver,36,Male,North,Going Straight Ahead,No Improper Action,No Apparent Influence,No Apparent Influence,33.41309041,-111.9398788
-111.9393581,33.37844548,1481,2619293,2012/04/27 18:23:00+00,2012,Mill Ave,Baseline Rd,87.12,Intersection Related Non Interchange,0,0,No Accident,Rear End,Daylight,Clear,Dry,Driver,42,Female,South,Going Straight Ahead,Followed Too Closely,No Apparent Influence,No Apparent Influence,Driver,28,Male,South,Stopped In Trafficway,No Improper Action,No Apparent Influence,No Apparent Influence,33.37844548,-111.9393581
-111.9399498,33.41870564,1489,2625707,2012/04/28 04:36:00+00,2012,Mill Ave,10th St,-129.888,Not Junction Related,0,0,No Accident,Rear End,Dark Lighted,Clear,Dry,Driver,33,Female,North,Going Straight Ahead,Inattention Distraction,No Apparent Influence,No Apparent Influence,Driver,21,Female,North,Stopped In Trafficway,No Improper Action,No Apparent Influence,No Apparent Influence,33.41870564,-111.9399498
-111.9396739,33.39873741,1494,2625693,2012/04/28 21:41:00+00,2012,Mill Ave,Cairo Dr,60.192,Not Junction Related,0,0,No Accident,Sideswipe Same Direction,Daylight,Clear,Dry,Driver,48,Female,North,Changing Lanes,Inattention Distraction,No Apparent Influence,No Apparent Influence,Driver,63,Female,North,Going Straight Ahead,No Improper Action,No Apparent Influence,No Apparent Influence,33.39873741,-111.9396739
-111.9398261,33.40989092,1518,2630917,2012/05/01 00:13:00+00,2012,Mill Ave,Bonita Way,448.8,Not Junction Related,0,0,No Accident,Rear End,Daylight,Clear,Dry,Driver,23,Female,South,Going Straight Ahead,Inattention Distraction,No Apparent Influence,No Apparent Influence,Driver,22,Female,South,Stopped In Trafficway,No Improper Action,No Apparent Influence,No Apparent Influence,33.40989092,-111.9398261
-111.9400376,33.4296219,1529,2625628,2012/04/08 21:49:00+00,2012,Mill Ave,Rio Salado Pkwy,0,Not Junction Related,0,0,No Accident,ANGLE (Front To Side)(Other Than Left Turn),Daylight,Clear,Dry,Driver,24,Female,South,Making Right Turn,Made Improper Turn,Alcohol,No Apparent Influence,Driver,21,Female,East,Stopped In Trafficway,No Improper Action,No Apparent Influence,No Apparent Influence,33.4296219,-111.9400376
-111.9394615,33.38503481,1593,2625755,2012/04/26 00:20:00+00,2012,Mill Ave,US Highway 60 Exit 173 G-Ramp,-24.816,Intersection Related Non Interchange,0,0,No Accident,Rear End,Daylight,Clear,Dry,Driver,57,Male,North,Going Straight Ahead,Inattention Distraction,No Apparent Influence,No Apparent Influence,Driver,17,Male,North,Stopped In Trafficway,No Improper Action,No Apparent Influence,No Apparent Influence,33.38503481,-111.9394615
-111.9400038,33.42202909,1596,2625673,2012/04/26 02:39:00+00,2012,Mill Ave,University Dr,35.904,Not Junction Related,0,0,No Accident,Sideswipe Opposite Direction,Dark Lighted,Clear,Dry,Driver,31,Male,North,Backing,Inattention Distraction,No Apparent Influence,No Apparent Influence,Driver,32,Female,South,Stopped In Trafficway,No Improper Action,No Apparent Influence,No Apparent Influence,33.42202909,-111.9400038
-111.9395861,33.39258492,1643,2655589,2012/05/30 20:55:00+00,2012,Mill Ave,Southern Ave,-99.792,Not Junction Related,0,0,No Accident,Rear End,Daylight,Clear,Dry,Driver,21,Female,South,Going Straight Ahead,Speed To Fast For Conditions,No Apparent Influence,No Apparent Influence,Driver,26,Male,South,Making Right Turn,No Improper Action,No Apparent Influence,No Apparent Influence,33.39258492,-111.9395861
-111.9399953,33.41702358,1646,2627374,2012/05/30 21:43:00+00,2012,Mill Ave,11th St,-224.928,Not Junction Related,0,0,No Accident,Sideswipe Same Direction,Daylight,Clear,Dry,Driver,40,Male,South,Changing Lanes,Unsafe Lane Change,No Apparent Influence,No Apparent Influence,Driver,20,Female,South,Going Straight Ahead,No Improper Action,No Apparent Influence,No Apparent Influence,33.41702358,-111.9399953
-111.9394627,33.38532046,1647,2627373,2012/05/30 22:53:00+00,2012,Mill Ave,US Highway 60 Exit 173 G-Ramp,80.256,Intersection Related Non Interchange,0,0,No Accident,Rear End,Daylight,Clear,Dry,Driver,21,Male,North,Going Straight Ahead,Speed To Fast For Conditions,No Apparent Influence,No Apparent Influence,Driver,41,Male,North,Stopped In Trafficway,No Improper Action,No Apparent Influence,No Apparent Influence,33.38532046,-111.9394627
-111.9395157,33.38842273,1648,2627375,2012/05/30 23:25:00+00,2012,Mill Ave,Hermosa Dr,80.256,Not Junction Related,0,0,No Accident,Rear End,Daylight,Clear,Dry,Driver,28,Female,South,Going Straight Ahead,Inattention Distraction,No Apparent Influence,No Apparent Influence,Driver,56,Female,South,Stopped In Trafficway,No Improper Action,No Apparent Influence,No Apparent Influence,33.38842273,-111.9395157
-111.9179485,33.44037582,378,2595904,2012/01/25 00:26:00+00,2012,Miller Rd,Curry Rd,0,Intersection Non Interchange,2,0,Accident,ANGLE (Front To Side)(Other Than Left Turn),Daylight,Clear,Dry,Driver,51,Male,East,Going Straight Ahead,Unknown,No Apparent Influence,No Apparent Influence,Driver,53,Female,South,Going Straight Ahead,Unknown,No Apparent Influence,No Apparent Influence,33.44037582,-111.9179485
-111.9179471,33.4407781,1760,2655745,2012/06/09 00:41:00+00,2012,Miller Rd,Curry Rd,146.784,Not Junction Related,2,0,Accident,Head On,Daylight,Clear,Dry,Driver,22,Female,South,Going Straight Ahead,Failed To Keep In Proper Lane,No Apparent Influence,No Apparent Influence,Driverless,0,0,North,Properly Parked,0,0,0,33.4407781,-111.9179471
-111.9201447,33.4355441,1460,2609076,2012/04/15 10:48:00+00,2012,Miller Rd,Playa Del Norte,0,Not Junction Related,0,0,No Accident,Single Vehicle,Dark Lighted,Clear,Dry,Driver,22,Male,South,Going Straight Ahead,Speed To Fast For Conditions,No Apparent Influence,No Apparent Influence,0,0,0,0,0,0,0,0,33.4355441,-111.9201447
-111.9236174,33.38075509,466,2597066,2012/02/08 13:45:00+00,2012,Minton Dr,Lakeshore Dr,-159.984,Thru Roadway,0,0,No Accident,Single Vehicle,Dark Not Lighted,Clear,Dry,Driver,40,Male,East,Going Straight Ahead,No Improper Action,No Apparent Influence,No Apparent Influence,0,0,0,0,0,0,0,0,33.38075509,-111.9236174
-111.932772,33.41457848,3016,2675306,2012/10/02 20:21:00+00,2012,Normal Ave,Apache Blvd,-44.88,Not Junction Related,1,0,Accident,ANGLE (Front To Side)(Other Than Left Turn),Daylight,Clear,Dry,Pedalcyclist,19,Female,West,Going Straight Ahead,Other,No Apparent Influence,No Apparent Influence,Driver,20,Male,North,Making Right Turn,No Improper Action,No Apparent Influence,No Apparent Influence,33.41457848,-111.932772
-111.9143613,33.37719375,1630,2656393,2012/05/29 03:28:00+00,2012,Northshore Dr,Marine Dr,25.872,Not Junction Related,0,0,No Accident,Rear To Side,Dark Lighted,Clear,Dry,Driver,57,Male,Unknown,Backing,Other,No Apparent Influence,No Apparent Influence,Driverless,0,0,Unknown,Properly Parked,0,0,0,33.37719375,-111.9143613
-111.919616,33.44881046,1266,2625838,2012/05/09 05:29:00+00,2012,Oleander St,Marigold Ln,290.928,Not Junction Related,0,0,No Accident,Rear To Side,Dark Lighted,Clear,Dry,Driver,111,Unknown,East,Unknown,Unknown,No Apparent Influence,No Apparent Influence,Driverless,0,0,North,Properly Parked,0,0,0,33.44881046,-111.919616
-111.9192689,33.41840321,72,2597200,2012/01/11 21:45:00+00,2012,Orange St,Mariana St,-180.048,Not Junction Related,1,0,Accident,Single Vehicle,Daylight,Clear,Dry,Driver,17,Male,North,Going Straight Ahead,Exceeded Lawful Speed,No Apparent Influence,No Apparent Influence,0,0,0,0,0,0,0,0,33.41840321,-111.9192689
-111.9294936,33.41841731,446,2657861,2012/02/21 23:35:00+00,2012,Orange St,Mcallister Ave,-200.112,Not Junction Related,1,0,Accident,ANGLE (Front To Side)(Other Than Left Turn),Daylight,Clear,Dry,Driver,24,Male,West,Going Straight Ahead,Inattention Distraction,No Apparent Influence,No Apparent Influence,Pedalcyclist,22,Male,North,Going Straight Ahead,Inattention Distraction,No Apparent Influence,No Apparent Influence,33.41841731,-111.9294936
-111.8961927,33.41841994,126,2597041,2012/01/28 23:27:00+00,2012,Orange St,River Dr,0,Intersection Non Interchange,0,0,No Accident,Rear End,Daylight,Clear,Dry,Driver,50,Male,West,Backing,Other,No Apparent Influence,No Apparent Influence,Driver,43,Male,East,Stopped In Trafficway,No Improper Action,No Apparent Influence,No Apparent Influence,33.41841994,-111.8961927
-111.9228369,33.41784714,420,2599589,2012/02/19 12:47:00+00,2012,Orange St,Terrace Rd,176.88,Not Junction Related,0,0,No Accident,Sideswipe Same Direction,Dark Lighted,Clear,Dry,Driver,20,Male,West,Negotiating A Curve,Unsafe Lane Change,No Apparent Influence,No Apparent Influence,Driver,255,0,West,Properly Parked,No Improper Action,No Apparent Influence,No Apparent Influence,33.41784714,-111.9228369
-111.9292401,33.42564814,83,2657857,2012/01/12 17:00:00+00,2012,Packard Dr,6th St,500.016,Not Junction Related,1,0,Accident,Sideswipe Same Direction,Daylight,Cloudy,Dry,Driver,20,Male,North,Making U Turn,Unsafe Lane Change,No Apparent Influence,No Apparent Influence,Driver,21,Male,North,Going Straight Ahead,No Improper Action,No Apparent Influence,No Apparent Influence,33.42564814,-111.9292401
-111.929317,33.37264818,1620,2627717,2012/05/27 21:53:00+00,2012,Palm Dr,Cornell Dr,200.112,Not Junction Related,0,0,No Accident,Rear End,Daylight,Clear,Dry,Driver,59,Female,South,Avoiding Vehicle Object Pedestrian,Speed To Fast For Conditions,No Apparent Influence,No Apparent Influence,Driverless,0,0,South,Properly Parked,0,0,0,33.37264818,-111.929317
-111.941198,33.40586684,239,2598191,2012/01/20 19:31:00+00,2012,Palmcroft Dr,Dateland Dr,51.744,Not Junction Related,0,0,No Accident,Rear End,Daylight,Clear,Dry,Driver,40,Male,East,Backing,Inattention Distraction,No Apparent Influence,No Apparent Influence,Driver,43,Male,West,Stopped In Trafficway,No Improper Action,No Apparent Influence,No Apparent Influence,33.40586684,-111.941198
-111.9394016,33.3906951,1353,2631002,2012/04/19 22:47:00+00,2012,Pebble Beach Dr,Mill Ave,43.824,Intersection Related Non Interchange,1,0,Accident,ANGLE (Front To Side)(Other Than Left Turn),Daylight,Clear,Dry,Pedalcyclist,17,Male,South,Going Straight Ahead,Drove Rode In Opposing Traffic Lane,No Apparent Influence,No Apparent Influence,Driver,80,Male,West,Slowing In Trafficway,No Improper Action,No Apparent Influence,No Apparent Influence,33.3906951,-111.9394016
-111.9043347,33.36431196,1475,2647263,2012/04/16 23:22:00+00,2012,Pegasus Dr,Kenwood Ln,-206.976,Not Junction Related,1,0,Accident,ANGLE (Front To Side)(Other Than Left Turn),Daylight,Clear,Dry,Driver,59,Female,North,Backing,Inattention Distraction,No Apparent Influence,No Apparent Influence,Driver,54,Male,East,Going Straight Ahead,No Improper Action,No Apparent Influence,No Apparent Influence,33.36431196,-111.9043347
-111.8987042,33.3643891,1334,2606550,2012/04/18 03:53:00+00,2012,Pegasus Dr,River Dr,-340.032,Not Junction Related,0,0,No Accident,Unknown,Dark Lighted,Clear,Dry,Driver,255,0,Unknown,Unknown,Unknown,No Apparent Influence,No Apparent Influence,Driver,40,Female,Unknown,Properly Parked,No Improper Action,No Apparent Influence,No Apparent Influence,33.3643891,-111.8987042
-111.9047589,33.42562736,4303,2680186,2012/12/22 00:45:00+00,2012,Perry Ln,5th St,0,Intersection Non Interchange,2,0,Accident,Left Turn,Dark Not Lighted,Clear,Dry,Driver,20,Male,North,Making Left Turn,Made Improper Turn,No Apparent Influence,No Apparent Influence,Driver,60,Male,South,Going Straight Ahead,No Improper Action,No Apparent Influence,No Apparent Influence,33.42562736,-111.9047589
-111.920193,33.435545,414,2600058,2012/02/18 22:18:00+00,2012,Playa Del Norte,Scottsdale Rd,2640,Not Junction Related,1,0,Accident,ANGLE (Front To Side)(Other Than Left Turn),Daylight,Clear,Dry,Driver,25,Male,Southwest,Negotiating A Curve,Failed To Keep In Proper Lane,No Apparent Influence,No Apparent Influence,Driver,36,Male,East,Negotiating A Curve,No Improper Action,No Apparent Influence,No Apparent Influence,33.435545,-111.920193
-111.9260585,33.43403535,3827,2675670,2012/11/07 13:56:00+00,2012,Playa Del Norte,Rural Rd,59.136,Intersection Related Non Interchange,1,0,Accident,Rear End,Daylight,Clear,Dry,Driver,23,Male,West,Going Straight Ahead,Inattention Distraction,No Apparent Influence,No Apparent Influence,Driver,22,Female,West,Stopped In Trafficway,No Improper Action,No Apparent Influence,No Apparent Influence,33.43403535,-111.9260585
-111.9261927,33.43403313,983,2670612,2012/03/22 23:01:00+00,2012,Playa Del Norte,Rural Rd,17.952,Intersection Related Non Interchange,0,0,No Accident,Rear End,Daylight,Clear,Dry,Driver,22,Male,West,Going Straight Ahead,Inattention Distraction,No Apparent Influence,No Apparent Influence,Driver,32,Female,West,Stopped In Trafficway,No Improper Action,No Apparent Influence,No Apparent Influence,33.43403313,-111.9261927
-111.9719835,33.37804894,1337,2631007,2012/04/18 14:27:00+00,2012,Pointe Pkwy,Baseline Rd,-60.192,Intersection Related Non Interchange,0,0,No Accident,Rear End,Daylight,Clear,Dry,Driver,47,Female,North,Going Straight Ahead,Speed To Fast For Conditions,No Apparent Influence,No Apparent Influence,Driver,53,Male,North,Stopped In Trafficway,No Improper Action,No Apparent Influence,No Apparent Influence,33.37804894,-111.9719835
-111.972453,33.392791,993,2611318,2012/03/23 20:14:00+00,2012,Potter Dr,Southern Ave,-51.216,Intersection Related Non Interchange,1,0,Accident,ANGLE (Front To Side)(Other Than Left Turn),Daylight,Clear,Dry,Pedalcyclist,32,Female,West,Going Straight Ahead,Other,No Apparent Influence,No Apparent Influence,Driver,63,Male,North,Making Left Turn,No Improper Action,No Apparent Influence,No Apparent Influence,33.392791,-111.972453
-111.972557,33.39766873,3584,2674028,2012/10/29 22:36:00+00,2012,Potter Dr,Campus Dr,-323.136,Not Junction Related,1,0,Accident,Rear End,Daylight,Clear,Dry,Driver,33,Female,South,Going Straight Ahead,Inattention Distraction,No Apparent Influence,No Apparent Influence,Driverless,0,0,South,Properly Parked,0,0,0,33.39766873,-111.972557
-111.8902896,33.4222854,392,2589831,2012/01/26 13:28:00+00,2012,Price Nb Rd,University Dr,99.792,Frontage Road Non Interchange,1,0,Accident,Single Vehicle,Dark Lighted,Clear,Dry,Driver,32,Male,North,Slowing In Trafficway,No Improper Action,No Apparent Influence,No Apparent Influence,0,0,0,0,0,0,0,0,33.4222854,-111.8902896
-111.8936043,33.37844936,274,2591658,2012/01/07 05:05:00+00,2012,Price Rd,Baseline Rd,0,Intersection Interchange,1,0,Accident,ANGLE (Front To Side)(Other Than Left Turn),Dark Lighted,Clear,Dry,Driver,28,Male,South,Going Straight Ahead,Disregarded Traffic Signal,No Apparent Influence,No Apparent Influence,Driver,34,Male,East,Going Straight Ahead,No Improper Action,No Apparent Influence,No Apparent Influence,33.37844936,-111.8936043
-111.8938376,33.3540616,295,2589984,2012/01/09 16:52:00+00,2012,Price Rd,Curry St,-99.792,Intersection Related Interchange,0,1,Accident,Rear End,Daylight,Clear,Dry,Driver,63,Female,North,Going Straight Ahead,Unknown,No Apparent Influence,No Apparent Influence,Driver,39,Male,North,Making Right Turn,No Improper Action,No Apparent Influence,No Apparent Influence,33.3540616,-111.8938376