X,Y,OBJECTID,Incidentid,DateTime,Year,StreetName,CrossStreet,Distance,JunctionRelation,Totalinjuries,TotalAccidentities,EventSeverity,Collisionmanner,Lightcondition,Weather,SurfaceCondition,Unittype_One,Age_Drv1,Gender_Drv1,Traveldirection_One,Unitaction_One,Violation1_Drv1,AlcoholUse_Drv1,DrugUse_Drv1,Unittype_Two,Age_Drv2,Gender_Drv2,Traveldirection_Two,Unitaction_Two,Violation1_Drv2,AlcoholUse_Drv2,DrugUse_Drv2,Latitude,Longitude
-111.8934521,33.33490323,344,2591997,2012/01/18 12:29:00+00,2012,Price Rd,Warner Rd,0,Intersection Interchange,1,0,Accident,ANGLE (Front To Side)(Other Than Left Turn),Daylight,Clear,Dry,Driver,63,Male,East,Going Straight Ahead,Disregarded Traffic Signal,No Apparent Influence,No Apparent Influence,Driver,40,Female,South,Going Straight Ahead,No Improper Action,No Apparent Influence,No Apparent Influence,33.33490323,-111.8934521
-111.8919953,33.4068759,365,2589867,2012/01/24 09:28:00+00,2012,Price Rd,Broadway Rd,-223.872,Driveway,1,0,Accident,Single Vehicle,Dark Lighted,Clear,Dry,Driver,35,Male,South,Going Straight Ahead,Failed To Keep In Proper Lane,Alcohol,No Apparent Influence,0,0,0,0,0,0,0,0,33.4068759,-111.8919953
-111.8919942,33.40749153,404,2589082,2012/02/08 01:29:00+00,2012,Price Rd,Broadway Rd,0,Intersection Interchange,1,0,Accident,ANGLE (Front To Side)(Other Than Left Turn),Dark Lighted,Clear,Dry,Driver,43,Female,South,Making Right Turn,Unknown,No Apparent Influence,No Apparent Influence,Driver,71,Female,South,Making Right Turn,Unknown,No Apparent Influence,No Apparent Influence,33.40749153,-111.8919942
-111.8946939,33.36098412,453,2595212,2012/02/22 03:50:00+00,2012,Price Rd,Guadalupe Rd,-1056,Frontage Road Non Interchange,1,0,Accident,Single Vehicle,Dark Lighted,Clear,Dry,Driver,37,Male,South,Going Straight Ahead,No Improper Action,No Apparent Influence,No Apparent Influence,0,0,0,0,0,0,0,0,33.36098412,-111.8946939
-111.8903431,33.40779839,523,2591892,2012/02/22 23:13:00+00,2012,Price Rd,Broadway Rd,119.856,Intersection Related Interchange,1,0,Accident,Single Vehicle,Daylight,Clear,Dry,Driver,37,Male,West,Making Right Turn,Speed To Fast For Conditions,No Apparent Influence,No Apparent Influence,0,0,0,0,0,0,0,0,33.40779839,-111.8903431
-111.8904877,33.41097084,673,2595130,2012/02/29 15:38:00+00,2012,Price Rd,Granada Dr,316.8,Railway Grade Crossing,1,0,Accident,Rear End,Daylight,Clear,Dry,Driver,26,Male,North,Going Straight Ahead,Speed To Fast For Conditions,No Apparent Influence,No Apparent Influence,Driver,55,Male,North,Stopped In Trafficway,No Improper Action,No Apparent Influence,No Apparent Influence,33.41097084,-111.8904877
-111.8919259,33.41506148,1322,2622431,2012/04/27 01:24:00+00,2012,Price Rd,Apache Blvd,98.208,Intersection Related Non Interchange,2,0,Accident,Rear End,Daylight,Clear,Dry,Driver,34,Male,South,Going Straight Ahead,Speed To Fast For Conditions,No Apparent Influence,No Apparent Influence,Driver,64,Female,South,Slowing In Trafficway,No Improper Action,No Apparent Influence,No Apparent Influence,33.41506148,-111.8919259
-111.8925897,33.37776945,1324,2607058,2012/04/21 03:35:00+00,2012,Price Rd,Baseline Rd,-249.744,Frontage Road Interchange,1,0,Accident,Rear End,Dark Not Lighted,Clear,Dry,Driver,22,Male,North,Going Straight Ahead,Inattention Distraction,No Apparent Influence,No Apparent Influence,Pedalcyclist,19,Female,North,Other,Knowingly Operated With Faulty Missing Equipment,No Apparent Influence,No Apparent Influence,33.37776945,-111.8925897
-111.8946373,33.36415907,1347,2622429,2012/04/19 05:28:00+00,2012,Price Rd,Guadalupe Rd,99.792,Intersection Related Interchange,1,0,Accident,Sideswipe Same Direction,Dark Lighted,Clear,Dry,Driver,26,Male,South,Changing Lanes,Unsafe Lane Change,No Apparent Influence,No Apparent Influence,Driver,23,Female,South,Going Straight Ahead,No Improper Action,No Apparent Influence,No Apparent Influence,33.36415907,-111.8946373
-111.8904411,33.39288633,1372,2619968,2012/04/27 01:46:00+00,2012,Price Rd,Southern Ave,-20.064,Unknown,1,0,Accident,Rear End,Daylight,Unknown,Unknown,Driver,255,0,North,Unknown,Unknown,No Apparent Influence,No Apparent Influence,Driver,21,Female,North,Stopped In Trafficway,No Improper Action,No Apparent Influence,No Apparent Influence,33.39288633,-111.8904411
-111.8904452,33.39279044,1433,2622466,2012/04/12 00:57:00+00,2012,Price Rd,Southern Ave,-54.912,Intersection Related Interchange,1,0,Accident,Rear End,Daylight,Clear,Dry,Driver,22,Male,North,Going Straight Ahead,Speed To Fast For Conditions,No Apparent Influence,No Apparent Influence,Driver,33,Female,North,Stopped In Trafficway,No Improper Action,No Apparent Influence,No Apparent Influence,33.39279044,-111.8904452
-111.8903544,33.40807845,1492,2625725,2012/04/28 16:27:00+00,2012,Price Rd,Broadway Rd,221.76,Not Junction Related,1,0,Accident,Rear End,Daylight,Clear,Dry,Driver,22,Female,South,Going Straight Ahead,Speed To Fast For Conditions,No Apparent Influence,No Apparent Influence,Driver,19,Male,South,Stopped In Trafficway,No Improper Action,No Apparent Influence,No Apparent Influence,33.40807845,-111.8903544
-111.8903225,33.40674641,1740,2638566,2012/06/08 01:46:00+00,2012,Price Rd,Broadway Rd,-262.944,Not Junction Related,2,0,Accident,Sideswipe Same Direction,Daylight,Clear,Dry,Driver,22,Female,Northeast,Changing Lanes,Unsafe Lane Change,No Apparent Influence,No Apparent Influence,Driver,25,Female,North,Going Straight Ahead,No Improper Action,No Apparent Influence,No Apparent Influence,33.40674641,-111.8903225
-111.892453,33.38631797,1811,2632406,2012/06/15 08:26:00+00,2012,Price Rd,Fremont Dr,1245.024,Not Junction Related,1,0,Accident,Single Vehicle,Dark Lighted,Clear,Dry,Driver,20,Female,South,Going Straight Ahead,Failed To Keep In Proper Lane,Alcohol,No Apparent Influence,0,0,0,0,0,0,0,0,33.38631797,-111.892453
-111.8919608,33.42090661,1829,2621532,2012/06/02 03:44:00+00,2012,Price Rd,University Dr,-400.224,Frontage Road Interchange,1,0,Accident,ANGLE (Front To Side)(Other Than Left Turn),Dark Lighted,Clear,Unknown,Driver,255,0,Unknown,Unknown,Unknown,No Apparent Influence,No Apparent Influence,Pedalcyclist,26,Male,South,Going Straight Ahead,Unknown,No Apparent Influence,No Apparent Influence,33.42090661,-111.8919608
-111.8919364,33.41479402,1865,2627619,2012/05/13 03:05:00+00,2012,Price Rd,Apache Blvd,0,Intersection Interchange,4,0,Accident,ANGLE (Front To Side)(Other Than Left Turn),Dark Lighted,Clear,Dry,Driver,45,Female,South,Going Straight Ahead,Unknown,No Apparent Influence,No Apparent Influence,Driver,67,Female,West,Going Straight Ahead,Unknown,No Apparent Influence,No Apparent Influence,33.41479402,-111.8919364
-111.8919929,33.40785621,1928,2627631,2012/05/15 02:47:00+00,2012,Price Rd,Broadway Rd,133.056,Intersection Related Interchange,1,0,Accident,Rear End,Dark Lighted,Clear,Dry,Driver,49,Male,North,Backing,Speed To Fast For Conditions,No Apparent Influence,No Apparent Influence,Driver,25,Female,South,Stopped In Trafficway,No Improper Action,No Apparent Influence,No Apparent Influence,33.40785621,-111.8919929
-111.8924472,33.33547387,2705,2665086,2012/08/09 13:44:00+00,2012,Price Rd,Warner Rd,200.112,Frontage Road Interchange,1,0,Accident,Sideswipe Same Direction,Daylight,Clear,Dry,Driver,53,Female,North,Changing Lanes,Unsafe Lane Change,No Apparent Influence,No Apparent Influence,Driver,30,Male,North,Going Straight Ahead,No Improper Action,No Apparent Influence,No Apparent Influence,33.33547387,-111.8924472
-111.8919913,33.40848009,3183,2673790,2012/09/09 04:41:00+00,2012,Price Rd,Broadway Rd,360.096,Not Junction Related,2,0,Accident,Rear End,Dark Lighted,Clear,Dry,Driver,21,Female,South,Going Straight Ahead,Inattention Distraction,Alcohol,No Apparent Influence,Driver,42,Male,South,Stopped In Trafficway,No Improper Action,No Apparent Influence,No Apparent Influence,33.40848009,-111.8919913
-111.8936227,33.32833972,3192,2673803,2012/09/09 21:42:00+00,2012,Price Rd,Caroline Ln,4.752,Frontage Road Non Interchange,1,0,Accident,Rear End,Daylight,Clear,Dry,Driver,21,Female,South,Going Straight Ahead,Inattention Distraction,No Apparent Influence,No Apparent Influence,Driver,56,Male,South,Going Straight Ahead,No Improper Action,No Apparent Influence,No Apparent Influence,33.32833972,-111.8936227
-111.8919913,33.40846361,3392,2674910,2012/10/07 20:29:00+00,2012,Price Rd,Broadway Rd,353.76,Not Junction Related,3,0,Accident,Rear End,Daylight,Clear,Dry,Driver,40,Female,South,Going Straight Ahead,Followed Too Closely,No Apparent Influence,No Apparent Influence,Driver,37,Male,South,Stopped In Trafficway,No Improper Action,No Apparent Influence,No Apparent Influence,33.40846361,-111.8919913
-111.8943723,33.34985259,3878,2677988,2012/11/15 01:14:00+00,2012,Price Rd,Elliot Rd,187.968,Frontage Road Interchange,1,0,Accident,Rear End,Dark Lighted,Clear,Dry,Driver,21,Female,South,Going Straight Ahead,Speed To Fast For Conditions,No Apparent Influence,No Apparent Influence,Driver,21,Female,South,Stopped In Trafficway,No Improper Action,No Apparent Influence,No Apparent Influence,33.34985259,-111.8943723
-111.8919859,33.41064777,3918,2680038,2012/11/10 21:19:00+00,2012,Price Rd,State Route 101 Exit 53 A-Ramp,279.84,Entrance Exit Ramp Non Interchange,1,0,Accident,Sideswipe Same Direction,Daylight,Clear,Dry,Driver,28,Male,South,Changing Lanes,Disregarded Pavement Markings,No Apparent Influence,No Apparent Influence,Driver,33,Male,South,Going Straight Ahead,No Improper Action,No Apparent Influence,No Apparent Influence,33.41064777,-111.8919859
-111.8920141,33.39150434,4060,2682422,2012/12/23 05:27:00+00,2012,Price Rd,Southern Ave,-528,Not Junction Related,1,0,Accident,Rear End,Dark Lighted,Clear,Dry,Driver,19,Female,South,Going Straight Ahead,Inattention Distraction,No Apparent Influence,No Apparent Influence,Driver,23,Male,South,Slowing In Trafficway,No Improper Action,No Apparent Influence,No Apparent Influence,33.39150434,-111.8920141
-111.8918731,33.42657241,4137,2683631,2013/01/07 19:25:00+00,2013,Price Rd,Rio Salado Pkwy,-1020.096,Not Junction Related,2,0,Accident,Rear End,Daylight,Clear,Dry,Driver,22,Female,South,Going Straight Ahead,Speed To Fast For Conditions,No Apparent Influence,No Apparent Influence,Driver,51,Female,South,Stopped In Trafficway,No Improper Action,No Apparent Influence,No Apparent Influence,33.42657241,-111.8918731
-111.8925619,33.37797476,4194,2683600,2013/01/02 16:04:00+00,2013,Price Rd,Baseline Rd,-174.768,Thru Roadway,1,0,Accident,Rear End,Daylight,Clear,Dry,Driver,72,Male,North,Going Straight Ahead,Speed To Fast For Conditions,No Apparent Influence,No Apparent Influence,Driver,70,Female,North,Stopped In Trafficway,No Improper Action,No Apparent Influence,No Apparent Influence,33.37797476,-111.8925619
-111.8919583,33.41841917,12,2588493,2012/01/01 18:07:00+00,2012,Price Rd,Orange St,0,Intersection Interchange,0,0,No Accident,Left Turn,Daylight,Clear,Dry,Driver,26,Male,South,Making Left Turn,Made Improper Turn,No Apparent Influence,No Apparent Influence,Driver,31,Male,South,Going Straight Ahead,No Improper Action,No Apparent Influence,No Apparent Influence,33.41841917,-111.8919583
-111.8903229,33.40746919,19,2584451,2012/01/02 03:30:00+00,2012,Price Rd,Broadway Rd,0,Intersection Non Interchange,0,0,No Accident,Sideswipe Same Direction,Dark Lighted,Clear,Dry,Driver,255,0,North,Making Left Turn,Failed To Keep In Proper Lane,No Apparent Influence,No Apparent Influence,Driver,19,Female,North,Making Left Turn,No Improper Action,No Apparent Influence,No Apparent Influence,33.40746919,-111.8903229
-111.8946563,33.36388566,23,2584447,2012/01/02 22:50:00+00,2012,Price Rd,Guadalupe Rd,0,Frontage Road Non Interchange,0,0,No Accident,Sideswipe Same Direction,Daylight,Clear,Dry,Driver,255,0,South,Changing Lanes,Inattention Distraction,No Apparent Influence,No Apparent Influence,Driver,53,Female,South,Going Straight Ahead,No Improper Action,No Apparent Influence,No Apparent Influence,33.36388566,-111.8946563
-111.8903211,33.40708445,75,2589146,2012/01/11 23:16:00+00,2012,Price Rd,Broadway Rd,-139.92,Entrance Exit Ramp Interchange,0,0,No Accident,Sideswipe Same Direction,Daylight,Clear,Dry,Driver,44,Female,North,Going Straight Ahead,Unknown,No Apparent Influence,No Apparent Influence,Driver,28,Male,North,Going Straight Ahead,Unknown,No Apparent Influence,No Apparent Influence,33.40708445,-111.8903211
-111.8907238,33.41478553,81,2590144,2012/01/12 16:48:00+00,2012,Price Rd,Apache Blvd,0,Intersection Interchange,0,0,No Accident,Left Turn,Daylight,Clear,Dry,Driver,21,Male,East,Going Straight Ahead,Disregarded Traffic Signal,No Apparent Influence,No Apparent Influence,Driver,47,Male,Northwest,Making Left Turn,No Improper Action,No Apparent Influence,No Apparent Influence,33.41478553,-111.8907238
-111.8919416,33.42222529,232,2589093,2012/01/20 04:46:00+00,2012,Price Rd,University Dr,80.256,Intersection Related Non Interchange,0,0,No Accident,Rear End,Dark Lighted,Clear,Dry,Driver,20,Male,South,Going Straight Ahead,Speed To Fast For Conditions,No Apparent Influence,No Apparent Influence,Driver,33,Male,South,Stopped In Trafficway,No Improper Action,No Apparent Influence,No Apparent Influence,33.42222529,-111.8919416
-111.8904456,33.41007636,249,2586140,2012/01/21 01:06:00+00,2012,Price Rd,Broadway Rd,949.872,Not Junction Related,0,0,No Accident,Rear End,Dusk,Clear,Dry,Driver,15,Male,South,Going Straight Ahead,Speed To Fast For Conditions,No Apparent Influence,No Apparent Influence,Driver,22,Female,South,Stopped In Trafficway,No Improper Action,No Apparent Influence,No Apparent Influence,33.41007636,-111.8904456
-111.8919257,33.41506696,308,2586139,2012/01/14 05:46:00+00,2012,Price Rd,Apache Blvd,99.792,Not Junction Related,0,0,No Accident,Rear End,Dark Lighted,Clear,Dry,Driver,20,Male,South,Slowing In Trafficway,Speed To Fast For Conditions,No Apparent Influence,No Apparent Influence,Driver,23,Female,South,Stopped In Trafficway,No Improper Action,No Apparent Influence,No Apparent Influence,33.41506696,-111.8919257
-111.8919168,33.41532466,337,2586150,2012/01/18 01:11:00+00,2012,Price Rd,Apache Blvd,193.776,Intersection Related Non Interchange,0,0,No Accident,Rear End,Dark Lighted,Clear,Dry,Driver,21,Male,South,Going Straight Ahead,Inattention Distraction,No Apparent Influence,No Apparent Influence,Driver,66,Female,South,Stopped In Trafficway,No Improper Action,No Apparent Influence,No Apparent Influence,33.41532466,-111.8919168
-111.8919433,33.42203302,460,2588966,2012/02/11 16:45:00+00,2012,Price Rd,University Dr,10.032,Intersection Non Interchange,0,0,No Accident,Sideswipe Same Direction,Daylight,Clear,Dry,Driver,255,0,South,Making Left Turn,Failed To Keep In Proper Lane,No Apparent Influence,No Apparent Influence,Driver,29,Female,South,Making Left Turn,No Improper Action,No Apparent Influence,No Apparent Influence,33.42203302,-111.8919433
-111.8919914,33.40842513,513,2589021,2012/02/07 01:35:00+00,2012,Price Rd,Broadway Rd,340.032,Intersection Related Non Interchange,0,0,No Accident,Rear End,Dark Lighted,Clear,Dry,Driver,63,Male,South,Going Straight Ahead,Speed To Fast For Conditions,No Apparent Influence,No Apparent Influence,Driver,54,Female,South,Stopped In Trafficway,No Improper Action,No Apparent Influence,No Apparent Influence,33.40842513,-111.8919914
-111.8903155,33.42164966,674,2591899,2012/02/29 18:10:00+00,2012,Price Rd,University Dr,-132,Intersection Related Non Interchange,0,0,No Accident,Rear End,Daylight,Clear,Dry,Driver,30,Male,North,Stopped In Trafficway,Speed To Fast For Conditions,No Apparent Influence,No Apparent Influence,Driver,21,Male,North,Going Straight Ahead,No Improper Action,No Apparent Influence,No Apparent Influence,33.42164966,-111.8903155
-111.8934654,33.3351221,725,2588954,2012/02/14 22:45:00+00,2012,Price Rd,Warner Rd,80.256,Intersection Related Interchange,0,0,No Accident,Rear End,Daylight,Clear,Dry,Driver,19,Male,South,Going Straight Ahead,Speed To Fast For Conditions,No Apparent Influence,No Apparent Influence,Driver,52,Male,South,Stopped In Trafficway,No Improper Action,No Apparent Influence,No Apparent Influence,33.3351221,-111.8934654
-111.8907216,33.41497479,873,2622901,2012/03/06 22:26:00+00,2012,Price Rd,Apache Blvd,89.76,Intersection Related Non Interchange,0,0,No Accident,Rear End,Daylight,Clear,Dry,Driver,22,Male,South,Going Straight Ahead,Inattention Distraction,No Apparent Influence,No Apparent Influence,Driver,48,Male,South,Stopped In Trafficway,No Improper Action,No Apparent Influence,No Apparent Influence,33.41497479,-111.8907216
-111.8946962,33.3521188,893,2596879,2012/03/07 22:29:00+00,2012,Price Rd,Elliot Rd,1019.04,Not Junction Related,0,0,No Accident,ANGLE (Front To Side)(Other Than Left Turn),Daylight,Clear,Dry,Driver,34,Male,South,Going Straight Ahead,Inattention Distraction,No Apparent Influence,No Apparent Influence,Driver,31,Male,West,Stopped In Trafficway,No Improper Action,No Apparent Influence,No Apparent Influence,33.3521188,-111.8946962
-111.8936476,33.37812246,971,2622408,2012/03/22 15:35:00+00,2012,Price Rd,Baseline Rd,-119.856,Frontage Road Interchange,0,0,No Accident,Rear End,Daylight,Clear,Dry,Driver,21,Female,South,Going Straight Ahead,Inattention Distraction,No Apparent Influence,No Apparent Influence,Driver,28,Male,South,Stopped In Trafficway,No Improper Action,No Apparent Influence,No Apparent Influence,33.37812246,-111.8936476
-111.8921488,33.38940725,1005,2606514,2012/03/24 06:47:00+00,2012,Price Rd,Malibu Dr,-500.016,Not Junction Related,0,0,No Accident,Single Vehicle,Dark Lighted,Clear,Dry,Driver,30,Male,South,Changing Lanes,Inattention Distraction,No Apparent Influence,No Apparent Influence,0,0,0,0,0,0,0,0,33.38940725,-111.8921488
-111.8931553,33.34962884,1109,2619777,2012/03/16 08:14:00+00,2012,Price Rd,Elliot Rd,99.792,Intersection Related Interchange,0,0,No Accident,Single Vehicle,Dark Lighted,Clear,Dry,Driver,24,Male,North,Going Straight Ahead,Failed To Keep In Proper Lane,Alcohol,No Apparent Influence,0,0,0,0,0,0,0,0,33.34962884,-111.8931553
-111.8919856,33.41073927,1186,2629124,2012/03/29 00:54:00+00,2012,Price Rd,Broadway Rd,1182.192,Not Junction Related,0,0,No Accident,Rear End,Daylight,Clear,Dry,Driver,44,Male,South,Going Straight Ahead,Inattention Distraction,No Apparent Influence,No Apparent Influence,Driver,43,Female,South,Stopped In Trafficway,No Improper Action,No Apparent Influence,No Apparent Influence,33.41073927,-111.8919856
-111.8924327,33.3350618,1190,2624957,2012/03/29 18:22:00+00,2012,Price Rd,Warner Rd,50.16,Frontage Road Interchange,0,0,No Accident,ANGLE (Front To Side)(Other Than Left Turn),Daylight,Clear,Dry,Driver,21,Female,West,Making Right Turn,Unknown,No Apparent Influence,No Apparent Influence,Driver,53,Male,North,Going Straight Ahead,Unknown,No Apparent Influence,No Apparent Influence,33.3350618,-111.8924327
-111.8946484,33.36400048,1197,2622428,2012/03/29 22:32:00+00,2012,Price Rd,Guadalupe Rd,42.24,Intersection Related Interchange,0,0,No Accident,Rear End,Daylight,Clear,Dry,Driver,31,Male,South,Unknown,Unknown,No Apparent Influence,No Apparent Influence,Driver,42,Male,South,Unknown,Unknown,No Apparent Influence,No Apparent Influence,33.36400048,-111.8946484
-111.8919929,33.40784247,1261,2622422,2012/04/27 00:29:00+00,2012,Price Rd,Broadway Rd,127.776,Intersection Related Interchange,0,0,No Accident,Rear End,Daylight,Clear,Dry,Driver,27,Male,South,Going Straight Ahead,Followed Too Closely,No Apparent Influence,No Apparent Influence,Driver,44,Female,South,Stopped In Trafficway,No Improper Action,No Apparent Influence,No Apparent Influence,33.40784247,-111.8919929
-111.8900826,33.38626377,1280,2620653,2012/05/10 01:30:00+00,2012,Price Rd,Manhatton Dr,-816.816,Not Junction Related,0,0,No Accident,Sideswipe Same Direction,Daylight,Cloudy,Unknown,Driver,27,Male,North,Changing Lanes,Unsafe Lane Change,No Apparent Influence,No Apparent Influence,Driver,46,Male,North,Going Straight Ahead,No Improper Action,No Apparent Influence,No Apparent Influence,33.38626377,-111.8900826
-111.8919901,33.40894175,1490,2605291,2012/04/28 07:12:00+00,2012,Price Rd,Broadway Rd,528,Frontage Road Interchange,0,0,No Accident,Rear End,Dark Lighted,Clear,Dry,Driver,43,Male,South,Slowing In Trafficway,Speed To Fast For Conditions,No Apparent Influence,No Apparent Influence,Driver,23,Female,South,Stopped In Trafficway,No Improper Action,No Apparent Influence,No Apparent Influence,33.40894175,-111.8919901
-111.8919889,33.40941453,1500,2610439,2012/04/29 04:55:00+00,2012,Price Rd,Broadway Rd,700.128,Intersection Related Non Interchange,0,0,No Accident,Rear End,Dark Lighted,Clear,Dry,Driver,33,Male,South,Going Straight Ahead,Speed To Fast For Conditions,No Apparent Influence,No Apparent Influence,Driver,255,0,South,Stopped In Trafficway,No Improper Action,No Apparent Influence,No Apparent Influence,33.40941453,-111.8919889
-111.8919882,33.40968941,1501,2629155,2012/04/29 04:55:00+00,2012,Price Rd,Broadway Rd,799.92,Frontage Road Non Interchange,0,0,No Accident,Rear End,Dark Lighted,Clear,Dry,Driver,20,Female,South,Going Straight Ahead,Inattention Distraction,No Apparent Influence,No Apparent Influence,Driver,48,Male,South,Going Straight Ahead,No Improper Action,No Apparent Influence,No Apparent Influence,33.40968941,-111.8919882
-111.8919426,33.42211542,1521,2606552,2012/04/08 05:05:00+00,2012,Price Rd,University Dr,40.128,Intersection Related Interchange,0,0,No Accident,Rear End,Dark Lighted,Clear,Dry,Driver,22,Male,South,Going Straight Ahead,Speed To Fast For Conditions,No Apparent Influence,No Apparent Influence,Driver,25,Male,South,Stopped In Trafficway,No Improper Action,No Apparent Influence,No Apparent Influence,33.42211542,-111.8919426
-111.8903218,33.40741981,1528,2619991,2012/04/21 16:56:00+00,2012,Price Rd,Broadway Rd,-17.952,Intersection Related Interchange,0,0,No Accident,Rear End,Daylight,Clear,Dry,Driver,65,Female,North,Going Straight Ahead,Speed To Fast For Conditions,No Apparent Influence,No Apparent Influence,Driver,59,Male,North,Going Straight Ahead,No Improper Action,No Apparent Influence,No Apparent Influence,33.40741981,-111.8903218
-111.960931,33.43714406,28,2584602,2012/01/03 15:54:00+00,2012,Priest Dr,State Route 202 Exit 5 A-Ramp,0,Intersection Non Interchange,2,0,Accident,ANGLE (Front To Side)(Other Than Left Turn),Daylight,Clear,Dry,Driver,63,Male,North,Going Straight Ahead,Disregarded Traffic Signal,No Apparent Influence,No Apparent Influence,Driver,51,Male,East,Going Straight Ahead,No Improper Action,No Apparent Influence,No Apparent Influence,33.43714406,-111.960931
-111.9608042,33.41316708,107,2598411,2012/01/27 18:40:00+00,2012,Priest Dr,14th St,0,Intersection Non Interchange,1,0,Accident,Left Turn,Daylight,Clear,Dry,Driver,55,Male,North,Making Left Turn,Failed To Yield Right Of Way,No Apparent Influence,No Apparent Influence,Driver,23,Female,South,Going Straight Ahead,No Improper Action,No Apparent Influence,No Apparent Influence,33.41316708,-111.9608042
-111.9612584,33.38111377,183,2598324,2012/02/01 14:38:00+00,2012,Priest Dr,Darrow Dr,189.024,Not Junction Related,1,0,Accident,Single Vehicle,Daylight,Clear,Dry,Driver,20,Male,South,Going Straight Ahead,Speed To Fast For Conditions,No Apparent Influence,No Apparent Influence,0,0,0,0,0,0,0,0,33.38111377,-111.9612584
-111.9609106,33.38604318,268,2591080,2012/01/06 21:09:00+00,2012,Priest Dr,US Highway 60 Exit 172 G-Ramp,-261.888,Intersection Related Non Interchange,2,0,Accident,Rear End,Daylight,Clear,Dry,Driver,47,Male,North,Going Straight Ahead,Followed Too Closely,No Apparent Influence,No Apparent Influence,Driver,34,Male,North,Stopped In Trafficway,No Improper Action,No Apparent Influence,No Apparent Influence,33.38604318,-111.9609106
-111.9631056,33.33452293,381,2588279,2012/01/25 16:37:00+00,2012,Priest Dr,Warner Rd,0,Intersection Non Interchange,1,0,Accident,ANGLE (Front To Side)(Other Than Left Turn),Daylight,Clear,Dry,Driver,60,Male,Northwest,Making Left Turn,Other,No Apparent Influence,No Apparent Influence,Driver,58,Female,South,Going Straight Ahead,No Improper Action,No Apparent Influence,No Apparent Influence,33.33452293,-111.9631056
-111.9609252,33.38676307,594,2622106,2012/02/26 21:33:00+00,2012,Priest Dr,US Highway 60 Exit 172 G-Ramp,0,Intersection Interchange,1,0,Accident,ANGLE (Front To Side)(Other Than Left Turn),Daylight,Clear,Dry,Driver,42,Female,North,Going Straight Ahead,Disregarded Traffic Signal,No Apparent Influence,No Apparent Influence,Driver,44,Female,South,Making Left Turn,No Improper Action,No Apparent Influence,No Apparent Influence,33.38676307,-111.9609252
-111.9631242,33.3479494,616,2589061,2012/02/09 23:58:00+00,2012,Priest Dr,Elliot Rd,-419.232,Not Junction Related,3,0,Accident,Left Turn,Daylight,Clear,Dry,Driver,37,Male,East,Making Left Turn,Other,No Apparent Influence,No Apparent Influence,Driver,27,Female,North,Going Straight Ahead,No Improper Action,No Apparent Influence,No Apparent Influence,33.3479494,-111.9631242
-111.9631247,33.34784226,617,2597324,2012/02/10 00:48:00+00,2012,Priest Dr,Elliot Rd,-457.776,Driveway,1,0,Accident,Left Turn,Daylight,Clear,Dry,Driver,34,Female,North,Making Left Turn,Failed To Yield Right Of Way,No Apparent Influence,No Apparent Influence,Driver,32,Male,South,Going Straight Ahead,No Improper Action,No Apparent Influence,No Apparent Influence,33.34784226,-111.9631247
-111.9607959,33.39027834,773,2603457,2012/02/24 00:05:00+00,2012,Priest Dr,La Jolla Dr,0,Intersection Non Interchange,3,0,Accident,Left Turn,Daylight,Clear,Dry,Driver,40,Female,West,Making Left Turn,Other,No Apparent Influence,No Apparent Influence,Driver,30,Male,South,Going Straight Ahead,No Improper Action,No Apparent Influence,No Apparent Influence,33.39027834,-111.9607959
-111.9609804,33.38346724,811,2594958,2012/03/08 23:03:00+00,2012,Priest Dr,Darrow Dr,1056,Not Junction Related,2,0,Accident,ANGLE (Front To Side)(Other Than Left Turn),Daylight,Clear,Dry,Driver,22,Male,Southwest,Other,Other,No Apparent Influence,No Apparent Influence,Driver,39,Female,Southeast,Making Left Turn,No Improper Action,No Apparent Influence,No Apparent Influence,33.38346724,-111.9609804
-111.9608213,33.38960666,852,2606532,2012/03/22 00:22:00+00,2012,Priest Dr,La Jolla Dr,-244.992,Not Junction Related,1,0,Accident,Other,Daylight,Clear,Dry,Driver,38,Male,Southwest,Making U Turn,Other,No Apparent Influence,No Apparent Influence,Driver,23,Female,South,Going Straight Ahead,No Improper Action,No Apparent Influence,No Apparent Influence,33.38960666,-111.9608213
-111.9609255,33.38696327,936,2595851,2012/03/31 19:07:00+00,2012,Priest Dr,US Highway 60 Exit 172 G-Ramp,72.864,Not Junction Related,2,0,Accident,Rear End,Daylight,Clear,Dry,Driver,23,Female,South,Slowing In Trafficway,Inattention Distraction,No Apparent Influence,No Apparent Influence,Driver,22,Male,South,Stopped In Trafficway,No Improper Action,No Apparent Influence,No Apparent Influence,33.38696327,-111.9609255
-111.9631227,33.3491457,992,2650809,2012/03/23 15:28:00+00,2012,Priest Dr,Elliot Rd,16.896,Intersection Related Interchange,1,0,Accident,Rear End,Daylight,Clear,Dry,Driver,33,Female,South,Going Straight Ahead,Inattention Distraction,Alcohol,No Apparent Influence,Driver,42,Female,South,Stopped In Trafficway,No Improper Action,No Apparent Influence,No Apparent Influence,33.3491457,-111.9631227
-111.9608704,33.38870347,1172,2647261,2012/03/28 12:11:00+00,2012,Priest Dr,Manhatton Dr,0,Intersection Non Interchange,1,0,Accident,ANGLE (Front To Side)(Other Than Left Turn),Dark Lighted,Clear,Dry,Driver,22,Female,West,Making Left Turn,Failed To Yield Right Of Way,No Apparent Influence,No Apparent Influence,Driver,58,Male,North,Going Straight Ahead,No Improper Action,No Apparent Influence,No Apparent Influence,33.38870347,-111.9608704