X,Y,OBJECTID,Incidentid,DateTime,Year,StreetName,CrossStreet,Distance,JunctionRelation,Totalinjuries,TotalAccidentities,EventSeverity,Collisionmanner,Lightcondition,Weather,SurfaceCondition,Unittype_One,Age_Drv1,Gender_Drv1,Traveldirection_One,Unitaction_One,Violation1_Drv1,AlcoholUse_Drv1,DrugUse_Drv1,Unittype_Two,Age_Drv2,Gender_Drv2,Traveldirection_Two,Unitaction_Two,Violation1_Drv2,AlcoholUse_Drv2,DrugUse_Drv2,Latitude,Longitude
-111.9088972,33.42927783,52,2598205,2012/01/05 01:10:00+00,2012,Rio Salado Pkwy,Mcclintock Dr,50.16,Intersection Related Non Interchange,0,0,No Accident,ANGLE (Front To Side)(Other Than Left Turn),Dark Lighted,Clear,Dry,Pedalcyclist,16,Male,South,Going Straight Ahead,Drove Rode In Opposing Traffic Lane,No Apparent Influence,No Apparent Influence,Driver,38,Female,West,Making Right Turn,No Improper Action,No Apparent Influence,No Apparent Influence,33.42927783,-111.9088972
-111.890254,33.42930798,135,2598630,2012/01/29 14:16:00+00,2012,Rio Salado Pkwy,Price Nb Rd,0,Intersection Non Interchange,0,0,No Accident,ANGLE (Front To Side)(Other Than Left Turn),Daylight,Clear,Dry,Driver,27,Male,East,Going Straight Ahead,Disregarded Traffic Signal,No Apparent Influence,No Apparent Influence,Driver,42,Male,North,Going Straight Ahead,No Improper Action,No Apparent Influence,No Apparent Influence,33.42930798,-111.890254
-111.956204,33.43073215,164,2584454,2012/01/06 10:30:00+00,2012,Rio Salado Pkwy,1st St,1056,Crossover Related,0,0,No Accident,Single Vehicle,Dark Lighted,Clear,Dry,Driver,255,0,West,Going Straight Ahead,Unknown,No Apparent Influence,No Apparent Influence,0,0,0,0,0,0,0,0,33.43073215,-111.956204
-111.9334727,33.42940962,309,2599167,2012/01/14 07:50:00+00,2012,Rio Salado Pkwy,Packard Dr,-1320,Not Junction Related,0,0,No Accident,Single Vehicle,Dark Lighted,Clear,Dry,Driver,22,Male,West,Going Straight Ahead,Speed To Fast For Conditions,No Apparent Influence,No Apparent Influence,0,0,0,0,0,0,0,0,33.42940962,-111.9334727
-111.9090556,33.42925833,320,2589842,2012/01/15 13:46:00+00,2012,Rio Salado Pkwy,Mcclintock Dr,0,Intersection Non Interchange,0,0,No Accident,Rear End,Dark Lighted,Cloudy,Dry,Driver,44,Male,Southwest,Making Left Turn,Followed Too Closely,No Apparent Influence,No Apparent Influence,Driver,30,Male,Southwest,Making Left Turn,Unknown,No Apparent Influence,No Apparent Influence,33.42925833,-111.9090556
-111.8919879,33.42937081,382,2589888,2012/01/25 17:08:00+00,2012,Rio Salado Pkwy,Price Rd,-52.8,Intersection Related Non Interchange,0,0,No Accident,Rear End,Daylight,Clear,Dry,Driver,25,Male,East,Going Straight Ahead,Speed To Fast For Conditions,No Apparent Influence,No Apparent Influence,Driver,46,Female,East,Stopped In Trafficway,No Improper Action,No Apparent Influence,No Apparent Influence,33.42937081,-111.8919879
-111.9088389,33.42928462,408,2600046,2012/02/18 21:03:00+00,2012,Rio Salado Pkwy,Mcclintock Dr,68.112,Intersection Related Non Interchange,0,0,No Accident,Rear End,Daylight,Clear,Dry,Driver,23,Female,West,Going Straight Ahead,Followed Too Closely,No Apparent Influence,No Apparent Influence,Driver,39,Male,West,Stopped In Trafficway,No Improper Action,No Apparent Influence,No Apparent Influence,33.42928462,-111.9088389
-111.8940365,33.42936227,436,2591880,2012/02/21 03:18:00+00,2012,Rio Salado Pkwy,Siesta Ln,-130.944,Not Junction Related,0,0,No Accident,Rear End,Dark Lighted,Clear,Dry,Driver,30,Female,East,Going Straight Ahead,Speed To Fast For Conditions,No Apparent Influence,No Apparent Influence,Driver,24,Female,East,Slowing In Trafficway,No Improper Action,No Apparent Influence,No Apparent Influence,33.42936227,-111.8940365
-111.926561,33.42885879,522,2597073,2012/02/07 22:59:00+00,2012,Rio Salado Pkwy,Rural Rd,-87.12,Intersection Related Non Interchange,0,0,No Accident,Rear End,Daylight,Cloudy,Dry,Driver,19,Female,East,Going Straight Ahead,Followed Too Closely,No Apparent Influence,No Apparent Influence,Driver,37,Female,East,Stopped In Trafficway,No Improper Action,No Apparent Influence,No Apparent Influence,33.42885879,-111.926561
-111.8959768,33.42935592,525,2608163,2012/02/26 02:49:00+00,2012,Rio Salado Pkwy,River Dr,-200.112,Not Junction Related,0,0,No Accident,Sideswipe Same Direction,Dark Lighted,Clear,Dry,Driver,69,Male,West,Changing Lanes,Unsafe Lane Change,No Apparent Influence,No Apparent Influence,Driver,56,Male,West,Going Straight Ahead,No Improper Action,No Apparent Influence,No Apparent Influence,33.42935592,-111.8959768
-111.9566221,33.43081086,660,2599328,2012/02/28 09:08:00+00,2012,Rio Salado Pkwy,Hardy Dr,-1320,Not Junction Related,0,0,No Accident,Single Vehicle,Dark Lighted,Cloudy,Wet,Driver,255,0,West,Unknown,Unknown,No Apparent Influence,No Apparent Influence,0,0,0,0,0,0,0,0,33.43081086,-111.9566221
-111.9294107,33.42872036,767,2608198,2012/02/18 09:23:00+00,2012,Rio Salado Pkwy,Packard Dr,-40.128,Intersection Related Non Interchange,0,0,No Accident,Rear End,Dark Lighted,Clear,Dry,Driver,111,Unknown,East,Going Straight Ahead,Other,No Apparent Influence,No Apparent Influence,Driver,22,Male,East,Stopped In Trafficway,No Improper Action,No Apparent Influence,No Apparent Influence,33.42872036,-111.9294107
-111.9696754,33.42909883,810,2630781,2012/03/17 19:39:00+00,2012,Rio Salado Pkwy,1st St,0,Intersection Non Interchange,0,0,No Accident,ANGLE (Front To Side)(Other Than Left Turn),Daylight,Cloudy,Dry,Driver,35,Female,North,Making Left Turn,Inattention Distraction,No Apparent Influence,No Apparent Influence,Driver,39,Female,West,Going Straight Ahead,No Improper Action,No Apparent Influence,No Apparent Influence,33.42909883,-111.9696754
-111.9398171,33.42964452,911,2611004,2012/03/08 23:55:00+00,2012,Rio Salado Pkwy,Mill Ave,68.112,Intersection Related Non Interchange,0,0,No Accident,Rear End,Daylight,Clear,Dry,Driver,24,Female,West,Going Straight Ahead,Inattention Distraction,No Apparent Influence,No Apparent Influence,Driver,21,Female,West,Stopped In Trafficway,No Improper Action,No Apparent Influence,No Apparent Influence,33.42964452,-111.9398171
-111.9244809,33.42878035,933,2613356,2012/03/31 10:10:00+00,2012,Rio Salado Pkwy,Rural Rd,550.176,Not Junction Related,0,0,No Accident,Single Vehicle,Dark Lighted,Clear,Dry,Driver,111,Unknown,West,Unknown,Unknown,No Apparent Influence,No Apparent Influence,0,0,0,0,0,0,0,0,33.42878035,-111.9244809
-111.8898456,33.42931292,999,2596814,2012/03/24 01:18:00+00,2012,Rio Salado Pkwy,State Route 101,125.136,Not Junction Related,0,0,No Accident,Rear End,Daylight,Clear,Dry,Driver,22,Female,West,Going Straight Ahead,Speed To Fast For Conditions,No Apparent Influence,No Apparent Influence,Driver,18,Female,West,Stopped In Trafficway,No Improper Action,No Apparent Influence,No Apparent Influence,33.42931292,-111.8898456
-111.9306448,33.4288805,1185,2630805,2012/03/29 00:48:00+00,2012,Rio Salado Pkwy,Packard Dr,-422.4,Not Junction Related,0,0,No Accident,Single Vehicle,Daylight,Clear,Dry,Driver,21,Male,West,Going Straight Ahead,Inattention Distraction,No Apparent Influence,Drugs,0,0,0,0,0,0,0,0,33.4288805,-111.9306448
-111.9046754,33.42923674,1216,2648745,2012/05/02 00:15:00+00,2012,Rio Salado Pkwy,Perry Ln,23.76,Intersection Related Non Interchange,0,0,No Accident,Rear End,Daylight,Clear,Dry,Driver,27,Male,West,Going Straight Ahead,Other,No Apparent Influence,Drugs,Driver,21,Female,West,Stopped In Trafficway,No Improper Action,No Apparent Influence,No Apparent Influence,33.42923674,-111.9046754
-111.8934525,33.42936492,1505,2640072,2012/04/29 22:53:00+00,2012,Rio Salado Pkwy,Price Rd,-500.016,Not Junction Related,0,0,No Accident,Rear End,Daylight,Clear,Dry,Driver,51,Female,East,Going Straight Ahead,Speed To Fast For Conditions,No Apparent Influence,No Apparent Influence,Driver,28,Female,East,Stopped In Trafficway,No Improper Action,No Apparent Influence,No Apparent Influence,33.42936492,-111.8934525
-111.8963045,33.42935467,1547,2630885,2012/04/10 22:25:00+00,2012,Rio Salado Pkwy,River Dr,-299.904,Not Junction Related,0,0,No Accident,Sideswipe Same Direction,Daylight,Clear,Dry,Driver,21,Female,East,Changing Lanes,Unsafe Lane Change,No Apparent Influence,No Apparent Influence,Driver,22,Male,East,Going Straight Ahead,No Improper Action,No Apparent Influence,No Apparent Influence,33.42935467,-111.8963045
-111.9087994,33.42928875,1599,2647989,2012/04/26 19:00:00+00,2012,Rio Salado Pkwy,Mcclintock Dr,80.256,Intersection Related Non Interchange,0,0,No Accident,Rear End,Daylight,Clear,Dry,Driver,68,Female,West,Going Straight Ahead,Speed To Fast For Conditions,No Apparent Influence,No Apparent Influence,Driver,21,Male,West,Stopped In Trafficway,No Improper Action,No Apparent Influence,No Apparent Influence,33.42928875,-111.9087994
-111.8975878,33.36390226,1062,2630114,2012/03/12 02:54:00+00,2012,River Dr,Guadalupe Rd,30.096,Not Junction Related,1,0,Accident,Rear End,Dark Lighted,Clear,Dry,Driver,22,Male,North,Going Straight Ahead,Speed To Fast For Conditions,Alcohol,No Apparent Influence,Driverless,0,0,Unknown,Properly Parked,0,0,0,33.36390226,-111.8975878
-111.8971985,33.37626773,1272,2655659,2012/05/09 22:26:00+00,2012,River Dr,Harvard Dr,-50.16,Driveway,0,0,No Accident,Rear To Side,Daylight,Clear,Dry,Driver,17,Female,West,Backing,Other,No Apparent Influence,No Apparent Influence,Driver,19,Female,North,Going Straight Ahead,No Improper Action,No Apparent Influence,No Apparent Influence,33.37626773,-111.8971985
-111.8977302,33.4087641,1401,2626899,2012/05/05 20:09:00+00,2012,River Dr,Broadway Rd,500.016,Not Junction Related,0,0,No Accident,Rear End,Daylight,Clear,Dry,Driver,26,Male,North,Going Straight Ahead,Other Unsafe Passing,No Apparent Influence,No Apparent Influence,Driver,17,Male,Southwest,Making Left Turn,No Improper Action,No Apparent Influence,No Apparent Influence,33.4087641,-111.8977302
-111.8989486,33.33955999,1737,2639998,2012/06/07 23:39:00+00,2012,River Pkwy,Centennial Cir,0,Intersection Non Interchange,2,0,Accident,Left Turn,Daylight,Clear,Dry,Driver,55,Female,Northeast,Making Left Turn,Failed To Yield Right Of Way,No Apparent Influence,No Apparent Influence,Driver,26,Male,South,Going Straight Ahead,No Improper Action,No Apparent Influence,No Apparent Influence,33.33955999,-111.8989486
-111.9229382,33.38646546,739,2599628,2012/02/16 15:48:00+00,2012,Riviera Dr,Bonarden Ln,364.848,Not Junction Related,0,0,No Accident,Other,Daylight,Clear,Dry,Driver,20,Male,North,Backing,Other,No Apparent Influence,No Apparent Influence,Driver,255,0,West,Properly Parked,No Improper Action,No Apparent Influence,No Apparent Influence,33.38646546,-111.9229382
-111.9478659,33.41455898,711,2595526,2012/02/13 23:10:00+00,2012,Roosevelt St,13th St,-30.096,Intersection Related Non Interchange,1,0,Accident,Single Vehicle,Daylight,Clear,Dry,Driver,63,Female,South,Making Left Turn,Made Improper Turn,No Apparent Influence,No Apparent Influence,0,0,0,0,0,0,0,0,33.41455898,-111.9478659
-111.9478365,33.40462347,1678,2655690,2012/06/11 18:09:00+00,2012,Roosevelt St,22nd St,0,Intersection Non Interchange,2,0,Accident,ANGLE (Front To Side)(Other Than Left Turn),Daylight,Clear,Dry,Driver,30,Female,Northeast,Making Left Turn,Disregarded Traffic Signal,No Apparent Influence,No Apparent Influence,Driver,38,Male,South,Going Straight Ahead,No Improper Action,No Apparent Influence,No Apparent Influence,33.40462347,-111.9478365
-111.9478407,33.40725097,2385,2641872,2012/07/06 14:25:00+00,2012,Roosevelt St,Broadway Rd,-44.88,Intersection Related Interchange,1,0,Accident,ANGLE (Front To Side)(Other Than Left Turn),Daylight,Clear,Dry,Pedalcyclist,29,Male,West,Going Straight Ahead,Drove Rode In Opposing Traffic Lane,No Apparent Influence,No Apparent Influence,Driver,53,Male,North,Making Right Turn,No Improper Action,No Apparent Influence,No Apparent Influence,33.40725097,-111.9478407
-111.9478361,33.40574336,4265,2682407,2013/01/10 01:11:00+00,2013,Roosevelt St,21st St,64.944,Not Junction Related,1,0,Accident,Left Turn,Dark Not Lighted,Clear,Dry,Driver,61,Male,East,Making Left Turn,Failed To Yield Right Of Way,No Apparent Influence,No Apparent Influence,Pedalcyclist,15,Male,South,Going Straight Ahead,No Improper Action,No Apparent Influence,No Apparent Influence,33.40574336,-111.9478361
-111.9478147,33.39636457,4370,2678365,2012/12/13 19:45:00+00,2012,Roosevelt St,Fairmont Dr,-40.128,Not Junction Related,1,0,Accident,Rear End,Daylight,Clear,Dry,Driver,50,Male,North,Slowing In Trafficway,Speed To Fast For Conditions,No Apparent Influence,No Apparent Influence,Driver,43,Male,North,Going Straight Ahead,No Improper Action,No Apparent Influence,No Apparent Influence,33.39636457,-111.9478147
-111.950301,33.34931049,70,2597174,2012/01/11 18:56:00+00,2012,Roosevelt St,Elliot Rd,50.16,Intersection Related Non Interchange,0,0,No Accident,Rear End,Daylight,Cloudy,Dry,Driver,37,Female,South,Going Straight Ahead,Speed To Fast For Conditions,No Apparent Influence,No Apparent Influence,Driver,47,Male,South,Stopped In Trafficway,No Improper Action,No Apparent Influence,No Apparent Influence,33.34931049,-111.950301
-111.9478393,33.40680032,236,2598635,2012/01/20 18:57:00+00,2012,Roosevelt St,Broadway Rd,-209.088,Not Junction Related,0,0,No Accident,ANGLE (Front To Side)(Other Than Left Turn),Daylight,Clear,Dry,Driver,44,Male,Southwest,Other,Other,No Apparent Influence,No Apparent Influence,Driver,42,Male,South,Going Straight Ahead,No Improper Action,No Apparent Influence,No Apparent Influence,33.40680032,-111.9478393
-111.9472794,33.422007,579,2611047,2012/03/04 23:30:00+00,2012,Roosevelt St,University Dr,40.128,Intersection Related Non Interchange,0,0,No Accident,Rear End,Daylight,Clear,Dry,Driver,34,Male,South,Going Straight Ahead,Followed Too Closely,No Apparent Influence,No Apparent Influence,Driver,21,Female,South,Stopped In Trafficway,No Improper Action,No Apparent Influence,No Apparent Influence,33.422007,-111.9472794
-111.94728,33.42197956,946,2613472,2012/04/01 21:15:00+00,2012,Roosevelt St,University Dr,30.096,Intersection Related Non Interchange,0,0,No Accident,ANGLE (Front To Side)(Other Than Left Turn),Daylight,Clear,Dry,Driver,111,Unknown,North,Making Right Turn,Made Improper Turn,No Apparent Influence,No Apparent Influence,Driver,50,Female,South,Stopped In Trafficway,No Improper Action,No Apparent Influence,No Apparent Influence,33.42197956,-111.94728
-111.9478613,33.41355854,1241,2625863,2012/05/03 09:10:00+00,2012,Roosevelt St,14th St,-129.888,Intersection Related Non Interchange,0,0,No Accident,Sideswipe Same Direction,Dark Lighted,Clear,Dry,Driver,52,Male,North,Going Straight Ahead,Failed To Keep In Proper Lane,Alcohol,No Apparent Influence,Driver,33,Male,North,Other,No Improper Action,No Apparent Influence,No Apparent Influence,33.41355854,-111.9478613
-111.9478213,33.40036031,1443,2647274,2012/04/13 01:53:00+00,2012,Roosevelt St,Alameda Dr,91.872,Intersection Related Non Interchange,0,0,No Accident,Rear End,Daylight,Clear,Dry,Driver,24,Female,South,Slowing In Trafficway,Inattention Distraction,No Apparent Influence,No Apparent Influence,Driver,25,Female,South,Slowing In Trafficway,No Improper Action,No Apparent Influence,No Apparent Influence,33.40036031,-111.9478213
-111.9284738,33.34955648,15,2592211,2012/01/02 00:12:00+00,2012,Rural Rd,Elliot Rd,135.168,Intersection Related Non Interchange,1,0,Accident,Sideswipe Same Direction,Dusk,Clear,Dry,Driver,59,Male,South,Changing Lanes,Unsafe Lane Change,No Apparent Influence,No Apparent Influence,Driver,20,Female,South,Going Straight Ahead,No Improper Action,No Apparent Influence,No Apparent Influence,33.34955648,-111.9284738
-111.9263144,33.39350646,17,2599102,2012/01/02 02:48:00+00,2012,Rural Rd,Southern Ave,200.112,Driveway,1,0,Accident,Other,Dark Lighted,Clear,Dry,Pedalcyclist,25,Female,North,Other,Other,No Apparent Influence,No Apparent Influence,Driver,56,Male,East,Going Straight Ahead,No Improper Action,No Apparent Influence,No Apparent Influence,33.39350646,-111.9263144
-111.9284077,33.37988837,36,2584458,2012/01/04 02:52:00+00,2012,Rural Rd,Minton Dr,0,Intersection Non Interchange,1,0,Accident,ANGLE (Front To Side)(Other Than Left Turn),Dark Lighted,Clear,Dry,Driver,255,0,West,Making Right Turn,Inattention Distraction,No Apparent Influence,No Apparent Influence,Pedestrian,11,Male,South,Crossing Road,No Improper Action,No Apparent Influence,No Apparent Influence,33.37988837,-111.9284077
-111.9262814,33.41473296,100,2595901,2012/01/13 23:30:00+00,2012,Rural Rd,Apache Blvd,-8.976,Intersection Related Non Interchange,1,0,Accident,Left Turn,Daylight,Clear,Dry,Driver,56,Male,South,Making Left Turn,Inattention Distraction,No Apparent Influence,No Apparent Influence,Pedalcyclist,18,Male,East,Going Straight Ahead,No Improper Action,No Apparent Influence,No Apparent Influence,33.41473296,-111.9262814
-111.9283989,33.33449553,103,2598429,2012/01/27 16:53:00+00,2012,Rural Rd,Warner Rd,-57.024,Intersection Related Non Interchange,3,0,Accident,Rear End,Daylight,Clear,Dry,Driver,21,Female,North,Going Straight Ahead,Followed Too Closely,No Apparent Influence,No Apparent Influence,Driver,19,Female,North,Stopped In Trafficway,No Improper Action,No Apparent Influence,No Apparent Influence,33.33449553,-111.9283989
-111.9282848,33.32728352,112,2592265,2012/01/27 21:20:00+00,2012,Rural Rd,Knox Rd,-24.816,Intersection Related Non Interchange,1,0,Accident,ANGLE (Front To Side)(Other Than Left Turn),Daylight,Clear,Dry,Pedalcyclist,15,Male,West,Going Straight Ahead,Drove Rode In Opposing Traffic Lane,No Apparent Influence,No Apparent Influence,Driver,255,0,North,Making Right Turn,Unknown,No Apparent Influence,No Apparent Influence,33.32728352,-111.9282848
-111.9262839,33.41738009,131,2598623,2012/01/29 01:40:00+00,2012,Rural Rd,Lemon St,200.112,Not Junction Related,7,0,Accident,Rear End,Dark Lighted,Clear,Dry,Driver,22,Male,South,Going Straight Ahead,Speed To Fast For Conditions,No Apparent Influence,No Apparent Influence,Driver,66,Male,South,Stopped In Trafficway,No Improper Action,No Apparent Influence,No Apparent Influence,33.41738009,-111.9262839
-111.9264366,33.38777917,141,2589903,2012/01/30 16:06:00+00,2012,Rural Rd,Hermosa Dr,4.752,Alley Access Related,1,0,Accident,Rear End,Daylight,Clear,Dry,Driver,21,Female,North,Going Straight Ahead,Speed To Fast For Conditions,No Apparent Influence,No Apparent Influence,Driver,47,Female,North,Slowing In Trafficway,No Improper Action,No Apparent Influence,No Apparent Influence,33.38777917,-111.9264366
-111.9282914,33.32773267,173,2592333,2012/01/31 23:23:00+00,2012,Rural Rd,Knox Rd,138.864,Not Junction Related,1,0,Accident,Rear End,Daylight,Clear,Dry,Driver,255,0,South,Going Straight Ahead,Inattention Distraction,No Apparent Influence,No Apparent Influence,Driver,23,Female,South,Going Straight Ahead,No Improper Action,No Apparent Influence,No Apparent Influence,33.32773267,-111.9282914
-111.9263159,33.39438584,191,2597315,2012/02/02 00:15:00+00,2012,Rural Rd,Southern Ave,520.08,Driveway,1,0,Accident,ANGLE (Front To Side)(Other Than Left Turn),Daylight,Clear,Dry,Driver,64,Female,West,Going Straight Ahead,Made Improper Turn,No Apparent Influence,No Apparent Influence,Driver,25,Female,South,Going Straight Ahead,No Improper Action,No Apparent Influence,No Apparent Influence,33.39438584,-111.9263159
-111.926456,33.38617692,237,2589099,2012/01/20 19:04:00+00,2012,Rural Rd,US Highway 60 Exit 174 C-Ramp,0,Intersection Non Interchange,2,0,Accident,Left Turn,Daylight,Clear,Dry,Driver,53,Male,West,Making Left Turn,Unknown,No Apparent Influence,No Apparent Influence,Driver,67,Female,North,Going Straight Ahead,Unknown,No Apparent Influence,No Apparent Influence,33.38617692,-111.926456
-111.9263143,33.39345149,280,2597969,2012/01/07 23:18:00+00,2012,Rural Rd,Southern Ave,180.048,Intersection Related Interchange,1,0,Accident,Rear End,Daylight,Clear,Dry,Driver,18,Female,South,Going Straight Ahead,Speed To Fast For Conditions,No Apparent Influence,No Apparent Influence,Driver,33,Male,South,Making Right Turn,No Improper Action,No Apparent Influence,No Apparent Influence,33.39345149,-111.9263143
-111.928596,33.36402327,287,2595932,2012/01/08 07:22:00+00,2012,Rural Rd,Guadalupe Rd,99.792,Intersection Related Non Interchange,1,0,Accident,Rear End,Dark Lighted,Clear,Dry,Driver,35,Male,South,Going Straight Ahead,Speed To Fast For Conditions,No Apparent Influence,No Apparent Influence,Driver,20,Female,South,Stopped In Trafficway,No Improper Action,No Apparent Influence,No Apparent Influence,33.36402327,-111.928596
-111.9262805,33.41432891,352,2595936,2012/01/19 01:07:00+00,2012,Rural Rd,Apache Blvd,-155.76,Not Junction Related,1,0,Accident,Rear End,Dark Lighted,Clear,Dry,Driver,20,Female,South,Going Straight Ahead,Inattention Distraction,No Apparent Influence,No Apparent Influence,Driver,28,Male,South,Making Right Turn,No Improper Action,No Apparent Influence,No Apparent Influence,33.41432891,-111.9262805
-111.9286426,33.37211032,373,2597148,2012/01/24 23:11:00+00,2012,Rural Rd,Southshore Dr,0,Intersection Non Interchange,1,0,Accident,Left Turn,Daylight,Clear,Dry,Driver,30,Female,South,Going Straight Ahead,Disregarded Traffic Signal,No Apparent Influence,No Apparent Influence,Driver,18,Female,North,Making Left Turn,Other,No Apparent Influence,No Apparent Influence,33.37211032,-111.9286426
-111.9262721,33.41033803,472,2599195,2012/02/08 15:38:00+00,2012,Rural Rd,Vista Del Cerro Dr,80.256,Intersection Related Non Interchange,2,0,Accident,Other,Daylight,Clear,Dry,Driver,48,Male,North,Making Right Turn,Speed To Fast For Conditions,No Apparent Influence,No Apparent Influence,Driverless,0,0,Unknown,Properly Parked,0,0,0,33.41033803,-111.9262721
-111.9262844,33.41721522,520,2597305,2012/02/07 19:27:00+00,2012,Rural Rd,Lemon St,139.92,Intersection Related Non Interchange,1,0,Accident,Rear End,Daylight,Clear,Dry,Driver,24,Female,South,Going Straight Ahead,Exceeded Lawful Speed,No Apparent Influence,No Apparent Influence,Driver,58,Male,South,Going Straight Ahead,No Improper Action,No Apparent Influence,No Apparent Influence,33.41721522,-111.9262844
-111.9285375,33.3565259,545,2608308,2012/03/01 23:28:00+00,2012,Rural Rd,Divot Dr,337.92,Not Junction Related,1,0,Accident,ANGLE (Front To Side)(Other Than Left Turn),Daylight,Clear,Dry,Driver,18,Male,North,Going Straight Ahead,Disregarded Traffic Signal,No Apparent Influence,No Apparent Influence,Pedalcyclist,53,Male,East,Crossing Road,No Improper Action,No Apparent Influence,No Apparent Influence,33.3565259,-111.9285375
-111.9263005,33.42221661,550,2608286,2012/03/02 01:48:00+00,2012,Rural Rd,University Dr,70.224,Intersection Related Non Interchange,1,0,Accident,Rear End,Dusk,Clear,Dry,Driver,21,Female,South,Going Straight Ahead,Inattention Distraction,No Apparent Influence,No Apparent Influence,Driver,24,Male,South,Stopped In Trafficway,No Improper Action,No Apparent Influence,No Apparent Influence,33.42221661,-111.9263005
-111.9262749,33.41271012,645,2603466,2012/02/27 15:05:00+00,2012,Rural Rd,Spence Ave,-59.136,Not Junction Related,2,0,Accident,Rear End,Daylight,Clear,Dry,Driver,19,Female,North,Going Straight Ahead,Inattention Distraction,No Apparent Influence,No Apparent Influence,Driver,25,Female,North,Stopped In Trafficway,No Improper Action,No Apparent Influence,No Apparent Influence,33.41271012,-111.9262749
-111.9262806,33.41462024,671,2591898,2012/02/29 02:20:00+00,2012,Rural Rd,Apache Blvd,-50.16,Intersection Related Non Interchange,1,0,Accident,Rear End,Dark Lighted,Clear,Dry,Driver,31,Male,North,Slowing In Trafficway,Followed Too Closely,No Apparent Influence,No Apparent Influence,Driver,45,Male,North,Stopped In Trafficway,No Improper Action,No Apparent Influence,No Apparent Influence,33.41462024,-111.9262806
-111.9286744,33.37838165,703,2595566,2012/02/13 15:30:00+00,2012,Rural Rd,Baseline Rd,50.16,Intersection Related Non Interchange,1,0,Accident,Rear End,Dawn,Clear,Unknown,Driver,255,0,South,Going Straight Ahead,Speed To Fast For Conditions,No Apparent Influence,No Apparent Influence,Driver,27,Female,South,Stopped In Trafficway,No Improper Action,No Apparent Influence,No Apparent Influence,33.37838165,-111.9286744
-111.9263127,33.39596784,741,2599684,2012/02/16 22:23:00+00,2012,Rural Rd,Geneva Dr,359.04,Not Junction Related,2,0,Accident,Rear End,Daylight,Cloudy,Dry,Driver,51,Male,South,Going Straight Ahead,Inattention Distraction,No Apparent Influence,No Apparent Influence,Driver,59,Male,South,Slowing In Trafficway,No Improper Action,No Apparent Influence,No Apparent Influence,33.39596784,-111.9263127
-111.9285871,33.36326627,768,2601011,2012/02/18 18:33:00+00,2012,Rural Rd,Guadalupe Rd,-175.824,Driveway,1,0,Accident,ANGLE (Front To Side)(Other Than Left Turn),Daylight,Clear,Dry,Driver,24,Male,East,Making Left Turn,Made Improper Turn,No Apparent Influence,No Apparent Influence,Driver,20,Male,North,Slowing In Trafficway,No Improper Action,No Apparent Influence,No Apparent Influence,33.36326627,-111.9285871
-111.9263137,33.39312173,800,2603236,2012/02/25 21:00:00+00,2012,Rural Rd,Southern Ave,60.192,Not Junction Related,1,0,Accident,Sideswipe Same Direction,Daylight,Clear,Dry,Driver,111,Unknown,North,Making Left Turn,Unsafe Lane Change,No Apparent Influence,No Apparent Influence,Driver,19,Female,North,Going Straight Ahead,No Improper Action,No Apparent Influence,No Apparent Influence,33.39312173,-111.9263137
-111.9285379,33.35656217,847,2628865,2012/03/21 15:46:00+00,2012,Rural Rd,Divot Dr,351.12,Not Junction Related,1,0,Accident,Rear End,Daylight,Clear,Dry,Driver,18,Male,South,Going Straight Ahead,Speed To Fast For Conditions,No Apparent Influence,No Apparent Influence,Driver,24,Male,South,Stopped In Trafficway,No Improper Action,No Apparent Influence,No Apparent Influence,33.35656217,-111.9285379
-111.9262994,33.42187875,921,2655591,2012/03/30 20:41:00+00,2012,Rural Rd,University Dr,-53.856,Intersection Related Non Interchange,1,0,Accident,ANGLE (Front To Side)(Other Than Left Turn),Daylight,Clear,Dry,Pedalcyclist,23,Male,West,Going Straight Ahead,Failed To Yield Right Of Way,No Apparent Influence,No Apparent Influence,Driver,25,Male,North,Making Right Turn,No Improper Action,No Apparent Influence,No Apparent Influence,33.42187875,-111.9262994
-111.9286543,33.37435317,1079,2655682,2012/04/04 01:08:00+00,2012,Rural Rd,Oxford Dr,-296.208,Not Junction Related,2,0,Accident,Rear End,Daylight,Clear,Dry,Driver,41,Male,South,Going Straight Ahead,Speed To Fast For Conditions,No Apparent Influence,No Apparent Influence,Driver,25,Male,South,Stopped In Trafficway,No Improper Action,No Apparent Influence,No Apparent Influence,33.37435317,-111.9286543
-111.9263141,33.39334982,1087,2630760,2012/03/14 19:11:00+00,2012,Rural Rd,Southern Ave,143.088,Intersection Related Non Interchange,1,0,Accident,Rear End,Daylight,Clear,Dry,Driver,45,Male,South,Going Straight Ahead,Followed Too Closely,No Apparent Influence,No Apparent Influence,Driver,62,Male,South,Stopped In Trafficway,No Improper Action,No Apparent Influence,No Apparent Influence,33.39334982,-111.9263141
-111.9263158,33.3942958,1108,2611514,2012/03/16 01:20:00+00,2012,Rural Rd,Geneva Dr,-249.744,Driveway,1,0,Accident,ANGLE (Front To Side)(Other Than Left Turn),Dusk,Clear,Dry,Driver,23,Female,South,Making Left Turn,Failed To Yield Right Of Way,No Apparent Influence,No Apparent Influence,Driver,26,Male,North,Going Straight Ahead,No Improper Action,No Apparent Influence,No Apparent Influence,33.3942958,-111.9263158