X,Y,OBJECTID,Incidentid,DateTime,Year,StreetName,CrossStreet,Distance,JunctionRelation,Totalinjuries,TotalAccidentities,EventSeverity,Collisionmanner,Lightcondition,Weather,SurfaceCondition,Unittype_One,Age_Drv1,Gender_Drv1,Traveldirection_One,Unitaction_One,Violation1_Drv1,AlcoholUse_Drv1,DrugUse_Drv1,Unittype_Two,Age_Drv2,Gender_Drv2,Traveldirection_Two,Unitaction_Two,Violation1_Drv2,AlcoholUse_Drv2,DrugUse_Drv2,Latitude,Longitude
-111.9262762,33.42915746,1128,2630023,2012/04/05 17:25:00+00,2012,Rural Rd,Rio Salado Pkwy,114.048,Intersection Related Non Interchange,1,0,Accident,Rear End,Daylight,Clear,Dry,Driver,19,Female,South,Going Straight Ahead,Inattention Distraction,No Apparent Influence,No Apparent Influence,Driver,43,Female,South,Stopped In Trafficway,No Improper Action,No Apparent Influence,No Apparent Influence,33.42915746,-111.9262762
-111.9262562,33.43340037,1139,2613432,2012/04/06 00:25:00+00,2012,Rural Rd,Playa Del Norte,-230.208,Not Junction Related,1,0,Accident,ANGLE (Front To Side)(Other Than Left Turn),Daylight,Clear,Dry,Driver,111,Unknown,North,Changing Lanes,Unsafe Lane Change,No Apparent Influence,No Apparent Influence,Driver,34,Male,North,Going Straight Ahead,No Improper Action,No Apparent Influence,No Apparent Influence,33.43340037,-111.9262562
-111.9286519,33.37379906,1149,2630874,2012/04/06 20:01:00+00,2012,Rural Rd,Cornell Dr,615.12,Intersection Related Non Interchange,1,0,Accident,Rear End,Daylight,Clear,Dry,Driver,21,Male,South,Going Straight Ahead,Speed To Fast For Conditions,No Apparent Influence,No Apparent Influence,Driver,22,Female,South,Slowing In Trafficway,No Improper Action,No Apparent Influence,No Apparent Influence,33.37379906,-111.9286519
-111.926316,33.39441122,1151,2630879,2012/04/06 21:52:00+00,2012,Rural Rd,Geneva Dr,-208.032,Not Junction Related,1,0,Accident,ANGLE (Front To Side)(Other Than Left Turn),Daylight,Clear,Dry,Driver,16,Female,Southwest,Making Right Turn,Other,No Apparent Influence,No Apparent Influence,Pedalcyclist,29,Male,South,Going Straight Ahead,No Improper Action,No Apparent Influence,No Apparent Influence,33.39441122,-111.926316
-111.9286028,33.36460819,1160,2646030,2012/03/27 21:58:00+00,2012,Rural Rd,Guadalupe Rd,313.104,Not Junction Related,1,0,Accident,Sideswipe Same Direction,Daylight,Clear,Dry,Driver,17,Male,South,Making U Turn,Made Improper Turn,No Apparent Influence,No Apparent Influence,Driver,30,Male,South,Going Straight Ahead,No Improper Action,No Apparent Influence,No Apparent Influence,33.36460819,-111.9286028
-111.9263144,33.39286121,1195,2629033,2012/03/29 20:04:00+00,2012,Rural Rd,Southern Ave,-34.848,Intersection Related Non Interchange,1,0,Accident,Rear End,Daylight,Clear,Dry,Driver,18,Male,North,Going Straight Ahead,Speed To Fast For Conditions,No Apparent Influence,No Apparent Influence,Driver,65,Male,North,Going Straight Ahead,No Improper Action,No Apparent Influence,No Apparent Influence,33.39286121,-111.9263144
-111.9286744,33.37839264,1209,2655327,2012/05/01 19:54:00+00,2012,Rural Rd,Baseline Rd,53.856,Intersection Related Non Interchange,3,0,Accident,Rear End,Daylight,Clear,Dry,Driver,53,Female,South,Going Straight Ahead,Followed Too Closely,No Apparent Influence,No Apparent Influence,Driver,21,Female,South,Stopped In Trafficway,No Improper Action,No Apparent Influence,No Apparent Influence,33.37839264,-111.9286744
-111.9286719,33.37707701,1221,2655773,2012/05/02 14:40:00+00,2012,Rural Rd,Baseline Rd,-425.04,Not Junction Related,1,0,Accident,Left Turn,Daylight,Clear,Dry,Driver,60,Female,North,Making Left Turn,Failed To Yield Right Of Way,No Apparent Influence,No Apparent Influence,Driver,28,Male,South,Going Straight Ahead,No Improper Action,No Apparent Influence,No Apparent Influence,33.37707701,-111.9286719
-111.9284644,33.34806722,1242,2655779,2012/05/03 15:26:00+00,2012,Rural Rd,Elliot Rd,-408.144,Not Junction Related,1,0,Accident,Rear End,Daylight,Clear,Dry,Driver,40,Female,North,Making Right Turn,Unsafe Lane Change,No Apparent Influence,No Apparent Influence,Driver,28,Male,North,Going Straight Ahead,No Improper Action,No Apparent Influence,No Apparent Influence,33.34806722,-111.9284644
-111.9262806,33.4149494,1355,2625702,2012/04/19 23:33:00+00,2012,Rural Rd,Apache Blvd,70.224,Intersection Related Non Interchange,1,0,Accident,Rear End,Daylight,Clear,Dry,Driver,47,Female,South,Going Straight Ahead,Speed To Fast For Conditions,No Apparent Influence,No Apparent Influence,Driver,22,Male,South,Stopped In Trafficway,No Improper Action,No Apparent Influence,No Apparent Influence,33.4149494,-111.9262806
-111.9263154,33.39409729,1390,2648749,2012/05/05 00:15:00+00,2012,Rural Rd,Southern Ave,415.008,Not Junction Related,2,0,Accident,Rear End,Daylight,Clear,Dry,Driver,50,Male,South,Going Straight Ahead,Followed Too Closely,No Apparent Influence,No Apparent Influence,Driver,31,Female,South,Slowing In Trafficway,No Improper Action,No Apparent Influence,No Apparent Influence,33.39409729,-111.9263154
-111.9265572,33.38307138,1398,2623698,2012/05/05 14:24:00+00,2012,Rural Rd,Lakeshore Dr,299.904,Intersection Related Non Interchange,1,0,Accident,Rear End,Daylight,Clear,Dry,Driver,52,Male,North,Going Straight Ahead,Disregarded Traffic Signal,No Apparent Influence,No Apparent Influence,Driver,44,Male,North,Going Straight Ahead,No Improper Action,No Apparent Influence,No Apparent Influence,33.38307138,-111.9265572
-111.9262776,33.42869205,1414,2631143,2012/05/07 04:00:00+00,2012,Rural Rd,Rio Salado Pkwy,-55.968,Intersection Related Non Interchange,4,0,Accident,Rear End,Dark Lighted,Clear,Dry,Driver,22,Male,North,Going Straight Ahead,Speed To Fast For Conditions,No Apparent Influence,No Apparent Influence,Driver,20,Male,North,Slowing In Trafficway,No Improper Action,No Apparent Influence,No Apparent Influence,33.42869205,-111.9262776
-111.9263141,33.39336905,1482,2619296,2012/04/27 19:52:00+00,2012,Rural Rd,Southern Ave,149.952,Not Junction Related,2,0,Accident,Rear End,Daylight,Clear,Dry,Driver,32,Female,North,Going Straight Ahead,Followed Too Closely,No Apparent Influence,No Apparent Influence,Driver,63,Male,North,Stopped In Trafficway,No Improper Action,No Apparent Influence,No Apparent Influence,33.39336905,-111.9263141
-111.9262726,33.40715018,1484,2619292,2012/04/28 00:15:00+00,2012,Rural Rd,Broadway Rd,-127.248,Intersection Related Non Interchange,2,0,Accident,Rear End,Daylight,Clear,Dry,Driver,18,Male,North,Going Straight Ahead,Speed To Fast For Conditions,No Apparent Influence,No Apparent Influence,Driver,37,Female,North,Stopped In Trafficway,No Improper Action,No Apparent Influence,No Apparent Influence,33.40715018,-111.9262726
-111.9262804,33.4138507,1557,2647253,2012/04/11 20:30:00+00,2012,Rural Rd,Apache Blvd,-330,Driveway,1,0,Accident,ANGLE (Front To Side)(Other Than Left Turn),Daylight,Clear,Unknown,Pedalcyclist,21,Male,North,Going Straight Ahead,Drove Rode In Opposing Traffic Lane,No Apparent Influence,No Apparent Influence,Driver,26,Male,East,Making Right Turn,No Improper Action,No Apparent Influence,No Apparent Influence,33.4138507,-111.9262804
-111.9262785,33.40604851,1629,2624775,2012/05/29 03:11:00+00,2012,Rural Rd,Broadway Rd,-528,Driveway,1,0,Accident,Other,Dark Lighted,Clear,Dry,Driver,19,Male,West,Making Left Turn,Inattention Distraction,Alcohol,No Apparent Influence,Pedalcyclist,25,Female,North,Going Straight Ahead,No Improper Action,No Apparent Influence,No Apparent Influence,33.40604851,-111.9262785
-111.9284038,33.33487623,1642,2643808,2012/05/30 20:39:00+00,2012,Rural Rd,Warner Rd,81.84,Intersection Related Non Interchange,1,0,Accident,Rear End,Daylight,Clear,Dry,Driver,39,Female,South,Going Straight Ahead,Speed To Fast For Conditions,No Apparent Influence,No Apparent Influence,Driver,64,Male,South,Stopped In Trafficway,No Improper Action,No Apparent Influence,No Apparent Influence,33.33487623,-111.9284038
-111.9286046,33.36483147,1644,2627240,2012/05/30 21:35:00+00,2012,Rural Rd,Guadalupe Rd,393.888,Not Junction Related,1,0,Accident,Other,Daylight,Clear,Dry,Driver,111,Male,South,Going Straight Ahead,Other,No Apparent Influence,No Apparent Influence,Pedestrian,71,Female,East,Walking With Traffic,No Improper Action,No Apparent Influence,No Apparent Influence,33.36483147,-111.9286046
-111.9285495,33.35862417,1651,2636441,2012/05/31 17:44:00+00,2012,Rural Rd,Bell De Mar Dr,242.88,Not Junction Related,1,0,Accident,ANGLE (Front To Side)(Other Than Left Turn),Daylight,Clear,Dry,Driver,54,Male,Southeast,Making U Turn,Made Improper Turn,No Apparent Influence,No Apparent Influence,Driver,18,Female,South,Going Straight Ahead,No Improper Action,No Apparent Influence,No Apparent Influence,33.35862417,-111.9285495
-111.9281715,33.32055198,1838,2641882,2012/06/02 23:15:00+00,2012,Rural Rd,Ray Rd,200.112,Not Junction Related,2,0,Accident,ANGLE (Front To Side)(Other Than Left Turn),Daylight,Clear,Dry,Driver,21,Male,West,Making Left Turn,Other,No Apparent Influence,No Apparent Influence,Driver,41,Male,North,Going Straight Ahead,No Improper Action,No Apparent Influence,No Apparent Influence,33.32055198,-111.9281715
-111.9262995,33.42175233,1934,2655487,2012/05/15 15:03:00+00,2012,Rural Rd,University Dr,-99.792,Intersection Related Non Interchange,1,0,Accident,Rear End,Daylight,Clear,Dry,Driver,20,Male,North,Going Straight Ahead,Inattention Distraction,No Apparent Influence,No Apparent Influence,Driver,41,Female,North,Stopped In Trafficway,No Improper Action,No Apparent Influence,No Apparent Influence,33.42175233,-111.9262995
-111.9286164,33.36757567,1964,2629267,2012/05/22 19:27:00+00,2012,Rural Rd,Westchester Ave,70.224,Intersection Related Non Interchange,1,0,Accident,Rear End,Daylight,Clear,Dry,Driver,23,Female,South,Slowing In Trafficway,Speed To Fast For Conditions,No Apparent Influence,No Apparent Influence,Driver,75,Male,South,Stopped In Trafficway,No Improper Action,No Apparent Influence,No Apparent Influence,33.36757567,-111.9286164
-111.9264853,33.38435018,1980,2629227,2012/05/23 16:02:00+00,2012,Rural Rd,US Highway 60 Exit 174 A-Ramp,-242.88,Not Junction Related,1,0,Accident,Rear End,Daylight,Clear,Dry,Driver,18,Female,South,Going Straight Ahead,Inattention Distraction,No Apparent Influence,No Apparent Influence,Driver,35,Female,South,Stopped In Trafficway,No Improper Action,No Apparent Influence,No Apparent Influence,33.38435018,-111.9264853
-111.9262907,33.40279383,1985,2629259,2012/05/23 22:31:00+00,2012,Rural Rd,Concorda Dr,0,Intersection Non Interchange,3,0,Accident,Left Turn,Daylight,Clear,Dry,Driver,76,Female,East,Making Left Turn,Other,No Apparent Influence,No Apparent Influence,Driver,41,Male,North,Going Straight Ahead,No Improper Action,No Apparent Influence,No Apparent Influence,33.40279383,-111.9262907
-111.9262995,33.42161491,2081,2655776,2012/06/26 04:04:00+00,2012,Rural Rd,University Dr,-149.952,Driveway,1,0,Accident,ANGLE (Front To Side)(Other Than Left Turn),Dark Lighted,Clear,Dry,Pedalcyclist,255,Male,South,Slowing In Trafficway,Other,No Apparent Influence,No Apparent Influence,Driver,255,0,Northwest,Making Right Turn,Inattention Distraction,No Apparent Influence,No Apparent Influence,33.42161491,-111.9262995
-111.9263141,33.39332783,2093,2638543,2012/06/26 23:40:00+00,2012,Rural Rd,Southern Ave,135.168,Not Junction Related,4,0,Accident,ANGLE (Front To Side)(Other Than Left Turn),Daylight,Clear,Dry,Driver,30,Male,Northeast,Other,Other,No Apparent Influence,No Apparent Influence,Driver,21,Male,South,Going Straight Ahead,No Improper Action,No Apparent Influence,No Apparent Influence,33.39332783,-111.9263141
-111.9264851,33.38436391,2252,2625829,2012/06/20 16:54:00+00,2012,Rural Rd,US Highway 60 Exit 174 A-Ramp,-238.128,Driveway,2,0,Accident,Rear End,Daylight,Clear,Dry,Driver,29,Female,South,Going Straight Ahead,Speed To Fast For Conditions,No Apparent Influence,No Apparent Influence,Driver,46,Male,South,Stopped In Trafficway,No Improper Action,No Apparent Influence,No Apparent Influence,33.38436391,-111.9264851
-111.9263006,33.4222386,2357,2642039,2012/07/18 14:32:00+00,2012,Rural Rd,University Dr,78.144,Intersection Related Non Interchange,1,0,Accident,Rear End,Daylight,Clear,Dry,Driver,25,Male,South,Going Straight Ahead,Speed To Fast For Conditions,No Apparent Influence,No Apparent Influence,Driver,45,Female,South,Stopped In Trafficway,No Improper Action,No Apparent Influence,No Apparent Influence,33.4222386,-111.9263006
-111.9286477,33.37252358,2423,2664980,2012/08/16 00:15:00+00,2012,Rural Rd,Southshore Dr,151.008,Not Junction Related,1,0,Accident,Rear End,Daylight,Clear,Dry,Driver,28,Female,South,Going Straight Ahead,Speed To Fast For Conditions,No Apparent Influence,No Apparent Influence,Driver,32,Female,South,Stopped In Trafficway,No Improper Action,No Apparent Influence,No Apparent Influence,33.37252358,-111.9286477
-111.9262728,33.41159143,2456,2663600,2012/08/24 15:03:00+00,2012,Rural Rd,Vista Del Cerro Dr,412.896,Not Junction Related,1,0,Accident,Rear End,Daylight,Cloudy,Wet,Driver,25,Male,North,Slowing In Trafficway,Speed To Fast For Conditions,No Apparent Influence,No Apparent Influence,Driver,26,Female,North,Stopped In Trafficway,No Improper Action,No Apparent Influence,No Apparent Influence,33.41159143,-111.9262728
-111.9262855,33.41644517,2489,2643828,2012/08/04 04:32:00+00,2012,Rural Rd,Lemon St,-140.976,Not Junction Related,1,0,Accident,Rear End,Dark Lighted,Clear,Dry,Driver,17,Female,South,Stopped In Trafficway,No Improper Action,No Apparent Influence,No Apparent Influence,Driver,42,Female,South,Slowing In Trafficway,Followed Too Closely,No Apparent Influence,No Apparent Influence,33.41644517,-111.9262855
-111.9262819,33.4154173,2537,2656688,2012/08/30 00:33:00+00,2012,Rural Rd,Lemon St,-514.8,Not Junction Related,1,0,Accident,Left Turn,Daylight,Clear,Dry,Driver,21,Male,Southeast,Making Left Turn,Inattention Distraction,No Apparent Influence,No Apparent Influence,Driver,28,Male,North,Going Straight Ahead,No Improper Action,No Apparent Influence,No Apparent Influence,33.4154173,-111.9262819
-111.9264365,33.3877655,2548,2656454,2012/08/31 00:29:00+00,2012,Rural Rd,Hermosa Dr,0,Intersection Non Interchange,2,0,Accident,Left Turn,Daylight,Clear,Dry,Driver,31,Female,North,Making Left Turn,Other,No Apparent Influence,No Apparent Influence,Driver,30,Female,South,Going Straight Ahead,No Improper Action,No Apparent Influence,No Apparent Influence,33.3877655,-111.9264365
-111.9268159,33.38227963,2613,2665169,2012/08/24 20:34:00+00,2012,Rural Rd,Lakeshore Dr,0,Intersection Related Non Interchange,1,0,Accident,ANGLE (Front To Side)(Other Than Left Turn),Daylight,Clear,Dry,Pedalcyclist,22,Male,North,Crossing Road,Failed To Yield Right Of Way,Alcohol,No Apparent Influence,Driver,64,Female,South,Going Straight Ahead,No Improper Action,No Apparent Influence,No Apparent Influence,33.38227963,-111.9268159
-111.9262887,33.4201528,2641,2650867,2012/08/26 08:10:00+00,2012,Rural Rd,Tyler St,-42.768,Intersection Related Non Interchange,2,0,Accident,Rear End,Dark Lighted,Clear,Dry,Driver,22,Male,North,Going Straight Ahead,Speed To Fast For Conditions,Alcohol,No Apparent Influence,Driver,47,Female,North,Stopped In Trafficway,No Improper Action,No Apparent Influence,No Apparent Influence,33.4201528,-111.9262887
-111.9262892,33.40392711,2782,2664772,2012/08/19 01:14:00+00,2012,Rural Rd,Broadmor Dr,155.232,Intersection Related Non Interchange,1,0,Accident,Rear End,Daylight,Clear,Dry,Driver,19,Male,South,Slowing In Trafficway,Followed Too Closely,No Apparent Influence,No Apparent Influence,Driver,38,Female,South,Stopped In Trafficway,No Improper Action,No Apparent Influence,No Apparent Influence,33.40392711,-111.9262892
-111.9263161,33.39448817,2823,2671346,2012/09/15 20:08:00+00,2012,Rural Rd,Geneva Dr,-180.048,Not Junction Related,1,0,Accident,Left Turn,Daylight,Clear,Dry,Driver,36,Female,East,Making Left Turn,Failed To Yield Right Of Way,No Apparent Influence,No Apparent Influence,Driver,24,Male,North,Going Straight Ahead,No Improper Action,No Apparent Influence,No Apparent Influence,33.39448817,-111.9263161
-111.9263145,33.39357516,2862,2657045,2012/09/10 20:02:00+00,2012,Rural Rd,Southern Ave,224.928,Not Junction Related,1,0,Accident,ANGLE (Front To Side)(Other Than Left Turn),Daylight,Clear,Dry,Driver,36,Female,West,Other,Failed To Yield Right Of Way,No Apparent Influence,No Apparent Influence,Pedalcyclist,41,Male,North,Going Straight Ahead,No Improper Action,No Apparent Influence,No Apparent Influence,33.39357516,-111.9263145
-111.9286722,33.37712371,2875,2671357,2012/09/21 23:52:00+00,2012,Rural Rd,Baseline Rd,-408.144,Not Junction Related,1,0,Accident,ANGLE (Front To Side)(Other Than Left Turn),Daylight,Clear,Dry,Driver,16,Male,Southwest,Making Right Turn,Made Improper Turn,No Apparent Influence,No Apparent Influence,Pedalcyclist,33,Female,South,Going Straight Ahead,No Improper Action,No Apparent Influence,No Apparent Influence,33.37712371,-111.9286722
-111.9286446,33.37226819,2937,2674025,2012/10/03 22:49:00+00,2012,Rural Rd,Southshore Dr,58.08,Intersection Related Non Interchange,2,0,Accident,Rear End,Daylight,Clear,Dry,Driver,34,Female,South,Stopped In Trafficway,Inattention Distraction,No Apparent Influence,No Apparent Influence,Driver,55,Female,South,Going Straight Ahead,No Improper Action,No Apparent Influence,No Apparent Influence,33.37226819,-111.9286446
-111.9286586,33.37547743,2979,2665205,2012/09/25 14:40:00+00,2012,Rural Rd,Lamplighter Ln,-136.752,Intersection Related Non Interchange,1,0,Accident,Rear End,Daylight,Clear,Dry,Driver,22,Female,North,Going Straight Ahead,Speed To Fast For Conditions,No Apparent Influence,No Apparent Influence,Driver,28,Female,North,Stopped In Trafficway,No Improper Action,No Apparent Influence,No Apparent Influence,33.37547743,-111.9286586
-111.9264039,33.38937608,2995,2674109,2012/09/30 23:55:00+00,2012,Rural Rd,La Jolla Dr,0,Intersection Non Interchange,1,0,Accident,Head On,Daylight,Clear,Dry,Pedalcyclist,18,Male,North,Going Straight Ahead,Drove Rode In Opposing Traffic Lane,No Apparent Influence,No Apparent Influence,Driver,16,Female,East,Making Right Turn,No Improper Action,No Apparent Influence,No Apparent Influence,33.38937608,-111.9264039
-111.9286324,33.3694361,3012,2675537,2012/10/02 01:35:00+00,2012,Rural Rd,Watson Dr,0,Intersection Non Interchange,2,0,Accident,ANGLE (Front To Side)(Other Than Left Turn),Dark Lighted,Clear,Dry,Driver,57,Female,Southeast,Making Left Turn,Other,No Apparent Influence,No Apparent Influence,Driver,24,Female,North,Going Straight Ahead,No Improper Action,No Apparent Influence,No Apparent Influence,33.3694361,-111.9286324
-111.9262709,33.40778877,3046,2669971,2012/09/26 20:54:00+00,2012,Rural Rd,Broadway Rd,106.128,Not Junction Related,1,0,Accident,Rear End,Daylight,Clear,Dry,Driver,20,Male,South,Going Straight Ahead,Speed To Fast For Conditions,No Apparent Influence,No Apparent Influence,Driver,19,Male,Unknown,Stopped In Trafficway,No Improper Action,No Apparent Influence,No Apparent Influence,33.40778877,-111.9262709
-111.9262727,33.40713369,3059,2664971,2012/09/27 21:56:00+00,2012,Rural Rd,Broadway Rd,-133.056,Driveway,1,0,Accident,ANGLE (Front To Side)(Other Than Left Turn),Daylight,Clear,Dry,Pedalcyclist,20,Female,North,Going Straight Ahead,Drove Rode In Opposing Traffic Lane,No Apparent Influence,No Apparent Influence,Driver,21,Male,East,Making Right Turn,No Improper Action,No Apparent Influence,No Apparent Influence,33.40713369,-111.9262727
-111.9286046,33.36483421,3065,2675406,2012/09/28 15:23:00+00,2012,Rural Rd,Guadalupe Rd,394.944,Driveway,1,0,Accident,Left Turn,Daylight,Clear,Dry,Driver,28,Male,West,Making Left Turn,Made Improper Turn,No Apparent Influence,No Apparent Influence,Driver,42,Male,East,Making Left Turn,Made Improper Turn,No Apparent Influence,No Apparent Influence,33.36483421,-111.9286046
-111.9284747,33.37973339,3073,2673768,2012/09/19 16:02:00+00,2012,Rural Rd,Minton Dr,-60.192,Intersection Related Non Interchange,1,0,Accident,Rear End,Daylight,Clear,Dry,Driver,20,Female,North,Going Straight Ahead,Speed To Fast For Conditions,No Apparent Influence,No Apparent Influence,Driver,53,Male,North,Stopped In Trafficway,No Improper Action,No Apparent Influence,No Apparent Influence,33.37973339,-111.9284747
-111.9262672,33.43061687,3157,2673738,2012/09/14 14:52:00+00,2012,Rural Rd,Rio Salado Pkwy,645.216,Not Junction Related,2,0,Accident,Rear End,Daylight,Clear,Dry,Driver,43,Male,South,Going Straight Ahead,Speed To Fast For Conditions,No Apparent Influence,No Apparent Influence,Driver,25,Male,South,Stopped In Trafficway,No Improper Action,No Apparent Influence,No Apparent Influence,33.43061687,-111.9262672
-111.9262505,33.43403803,3193,2673986,2012/09/10 01:50:00+00,2012,Rural Rd,Playa Del Norte,3.168,Intersection Related Non Interchange,2,0,Accident,Other,Dark Lighted,Clear,Dry,Driver,30,Female,North,Backing,Other,No Apparent Influence,No Apparent Influence,Driver,56,Female,South,Stopped In Trafficway,No Improper Action,No Apparent Influence,No Apparent Influence,33.43403803,-111.9262505
-111.9262752,33.41280629,3205,2665627,2012/10/19 00:20:00+00,2012,Rural Rd,Spence Ave,-23.76,Intersection Related Interchange,1,0,Accident,Left Turn,Daylight,Clear,Dry,Driver,39,Male,West,Making Left Turn,Failed To Yield Right Of Way,No Apparent Influence,No Apparent Influence,Pedalcyclist,111,Female,East,Crossing Road,No Improper Action,No Apparent Influence,No Apparent Influence,33.41280629,-111.9262752
-111.9262766,33.42897885,3258,2674065,2012/10/23 15:40:00+00,2012,Rural Rd,Rio Salado Pkwy,49.104,Intersection Related Non Interchange,1,0,Accident,ANGLE (Front To Side)(Other Than Left Turn),Daylight,Clear,Dry,Pedalcyclist,20,Female,South,Going Straight Ahead,Failed To Yield Right Of Way,No Apparent Influence,No Apparent Influence,Driver,35,Female,West,Making Right Turn,No Improper Action,No Apparent Influence,No Apparent Influence,33.42897885,-111.9262766
-111.9262789,33.42814517,3272,2676362,2012/10/16 22:35:00+00,2012,Rural Rd,Rio Salado Pkwy,-255.024,Not Junction Related,1,0,Accident,Single Vehicle,Daylight,Clear,Dry,Driver,29,Male,South,Going Straight Ahead,Other,No Apparent Influence,No Apparent Influence,0,0,0,0,0,0,0,0,33.42814517,-111.9262789
-111.9262726,33.41124796,3288,2675600,2012/10/17 14:52:00+00,2012,Rural Rd,Spence Ave,-590.832,Intersection Related Non Interchange,1,0,Accident,Rear End,Daylight,Clear,Dry,Driver,55,Male,North,Going Straight Ahead,Speed To Fast For Conditions,No Apparent Influence,No Apparent Influence,Driver,58,Female,North,Stopped In Trafficway,No Improper Action,No Apparent Influence,No Apparent Influence,33.41124796,-111.9262726
-111.9262717,33.40953568,3289,2674761,2012/10/17 15:30:00+00,2012,Rural Rd,Vista Del Cerro Dr,-334.752,Not Junction Related,2,0,Accident,Rear End,Daylight,Clear,Dry,Driver,26,Female,North,Going Straight Ahead,Followed Too Closely,No Apparent Influence,No Apparent Influence,Driver,18,Male,North,Stopped In Trafficway,No Improper Action,No Apparent Influence,No Apparent Influence,33.40953568,-111.9262717
-111.926285,33.41700244,3291,2674071,2012/10/17 20:08:00+00,2012,Rural Rd,Apache Blvd,816.816,Not Junction Related,1,0,Accident,Rear End,Daylight,Clear,Dry,Driver,21,Male,South,Going Straight Ahead,Speed To Fast For Conditions,No Apparent Influence,No Apparent Influence,Driver,17,Male,South,Stopped In Trafficway,No Improper Action,No Apparent Influence,No Apparent Influence,33.41700244,-111.926285
-111.9262708,33.4076486,3297,2673784,2012/10/17 23:55:00+00,2012,Rural Rd,Broadway Rd,54.912,Intersection Related Non Interchange,1,0,Accident,ANGLE (Front To Side)(Other Than Left Turn),Daylight,Clear,Dry,Driver,66,Male,West,Making Right Turn,Failed To Yield Right Of Way,No Apparent Influence,No Apparent Influence,Pedalcyclist,44,Female,West,Crossing Road,No Improper Action,No Apparent Influence,No Apparent Influence,33.4076486,-111.9262708
-111.9262905,33.42422043,3331,2674769,2012/10/11 01:05:00+00,2012,Rural Rd,6th St,-99.792,Not Junction Related,1,0,Accident,Rear End,Dusk,Clear,Dry,Driver,44,Male,South,Going Straight Ahead,Speed To Fast For Conditions,No Apparent Influence,No Apparent Influence,Driver,25,Female,South,Stopped In Trafficway,No Improper Action,No Apparent Influence,No Apparent Influence,33.42422043,-111.9262905
-111.9262708,33.40763211,3425,2675597,2012/10/10 17:50:00+00,2012,Rural Rd,Broadway Rd,49.104,Intersection Related Non Interchange,1,0,Accident,ANGLE (Front To Side)(Other Than Left Turn),Daylight,Clear,Dry,Pedalcyclist,49,Male,West,Going Straight Ahead,Other,No Apparent Influence,No Apparent Influence,Driver,16,Female,North,Making Left Turn,No Improper Action,No Apparent Influence,No Apparent Influence,33.40763211,-111.9262708
-111.9264662,33.38525052,3471,2678198,2012/11/06 02:46:00+00,2012,Rural Rd,US Highway 60 Exit 174 A-Ramp,86.064,Intersection Related Non Interchange,1,0,Accident,Rear End,Dark Lighted,Clear,Dry,Driver,16,Female,South,Going Straight Ahead,Inattention Distraction,No Apparent Influence,No Apparent Influence,Driver,36,Female,South,Stopped In Trafficway,No Improper Action,No Apparent Influence,No Apparent Influence,33.38525052,-111.9264662
-111.9262995,33.42148849,3500,2668330,2012/11/01 15:34:00+00,2012,Rural Rd,University Dr,-195.888,Intersection Related Non Interchange,1,0,Accident,Rear End,Daylight,Clear,Dry,Driver,25,Female,North,Going Straight Ahead,Inattention Distraction,No Apparent Influence,No Apparent Influence,Driver,22,Male,North,Stopped In Trafficway,No Improper Action,No Apparent Influence,No Apparent Influence,33.42148849,-111.9262995
-111.9262726,33.41136889,3532,2673847,2012/10/12 21:02:00+00,2012,Rural Rd,Spence Ave,-547.008,Intersection Related Non Interchange,1,0,Accident,Rear End,Daylight,Clear,Dry,Driver,18,Female,North,Going Straight Ahead,Speed To Fast For Conditions,No Apparent Influence,No Apparent Influence,Driver,47,Female,North,Stopped In Trafficway,No Improper Action,No Apparent Influence,No Apparent Influence,33.41136889,-111.9262726
-111.9263379,33.39185911,3536,2674771,2012/10/13 01:24:00+00,2012,Rural Rd,Southern Ave,-400.224,Intersection Related Non Interchange,1,0,Accident,Rear End,Daylight,Clear,Dry,Driver,47,Male,North,Going Straight Ahead,Inattention Distraction,No Apparent Influence,No Apparent Influence,Driver,58,Male,North,Stopped In Trafficway,No Improper Action,No Apparent Influence,No Apparent Influence,33.39185911,-111.9263379
-111.9264562,33.38587461,3566,2674766,2012/10/28 01:48:00+00,2012,Rural Rd,US Highway 60 Exit 174 C-Ramp,-109.824,Intersection Related Interchange,2,0,Accident,Rear End,Dark Lighted,Clear,Dry,Driver,26,Male,North,Going Straight Ahead,Inattention Distraction,No Apparent Influence,No Apparent Influence,Driver,35,Male,North,Stopped In Trafficway,No Improper Action,No Apparent Influence,No Apparent Influence,33.38587461,-111.9264562
-111.9262963,33.42114653,3607,2674911,2012/11/20 23:46:00+00,2012,Rural Rd,8th St,53.856,Not Junction Related,2,0,Accident,Rear End,Daylight,Clear,Dry,Driver,18,Male,North,Going Straight Ahead,Inattention Distraction,No Apparent Influence,No Apparent Influence,Driver,30,Female,North,Slowing In Trafficway,No Improper Action,No Apparent Influence,No Apparent Influence,33.42114653,-111.9262963