X,Y,OBJECTID,Incidentid,DateTime,Year,StreetName,CrossStreet,Distance,JunctionRelation,Totalinjuries,TotalAccidentities,EventSeverity,Collisionmanner,Lightcondition,Weather,SurfaceCondition,Unittype_One,Age_Drv1,Gender_Drv1,Traveldirection_One,Unitaction_One,Violation1_Drv1,AlcoholUse_Drv1,DrugUse_Drv1,Unittype_Two,Age_Drv2,Gender_Drv2,Traveldirection_Two,Unitaction_Two,Violation1_Drv2,AlcoholUse_Drv2,DrugUse_Drv2,Latitude,Longitude
-111.9263034,33.39856952,3612,2678440,2012/12/05 00:51:00+00,2012,Rural Rd,Campus Dr,0,Intersection Non Interchange,1,0,Accident,Rear End,Dark Lighted,Clear,Dry,Driver,18,Female,South,Going Straight Ahead,Inattention Distraction,No Apparent Influence,No Apparent Influence,Driver,23,Female,South,Stopped In Trafficway,No Improper Action,No Apparent Influence,No Apparent Influence,33.39856952,-111.9263034
-111.9262883,33.424906,3647,2674829,2012/12/07 18:51:00+00,2012,Rural Rd,6th St,149.952,Not Junction Related,1,0,Accident,Rear End,Daylight,Clear,Dry,Driver,20,Female,South,Going Straight Ahead,Inattention Distraction,No Apparent Influence,No Apparent Influence,Driver,21,Male,South,Stopped In Trafficway,No Improper Action,No Apparent Influence,No Apparent Influence,33.424906,-111.9262883
-111.9286226,33.36825959,3666,2680015,2012/11/09 21:22:00+00,2012,Rural Rd,Westchester Ave,318.912,Intersection Related Non Interchange,2,0,Accident,Rear End,Daylight,Clear,Dry,Driver,17,Male,South,Going Straight Ahead,Speed To Fast For Conditions,No Apparent Influence,No Apparent Influence,Driver,73,Female,South,Stopped In Trafficway,No Improper Action,No Apparent Influence,No Apparent Influence,33.36825959,-111.9286226
-111.9262643,33.43128421,3676,2675593,2012/11/21 20:37:00+00,2012,Rural Rd,Playa Del Norte,-1000.032,Intersection Related Non Interchange,1,0,Accident,Rear End,Daylight,Clear,Dry,Driver,32,Male,North,Going Straight Ahead,Speed To Fast For Conditions,No Apparent Influence,No Apparent Influence,Driver,42,Male,North,Stopped In Trafficway,No Improper Action,No Apparent Influence,No Apparent Influence,33.43128421,-111.9262643
-111.9262463,33.43452449,3686,2674814,2012/11/22 15:54:00+00,2012,Rural Rd,Playa Del Norte,180.048,Intersection Related Non Interchange,2,0,Accident,Single Vehicle,Daylight,Clear,Dry,Driver,41,Male,South,Slowing In Trafficway,Speed To Fast For Conditions,No Apparent Influence,No Apparent Influence,0,0,0,0,0,0,0,0,33.43452449,-111.9262463
-111.9262584,33.43265811,3800,2677927,2012/11/19 00:50:00+00,2012,Rural Rd,Playa Del Norte,-500.016,Not Junction Related,1,0,Accident,Rear End,Dark Lighted,Clear,Dry,Driver,21,Female,South,Changing Lanes,Speed To Fast For Conditions,No Apparent Influence,No Apparent Influence,Driver,64,Male,South,Stopped In Trafficway,No Improper Action,No Apparent Influence,No Apparent Influence,33.43265811,-111.9262584
-111.9262856,33.4167255,3817,2676030,2012/11/20 21:13:00+00,2012,Rural Rd,Lemon St,-39.072,Intersection Related Non Interchange,1,0,Accident,Left Turn,Daylight,Clear,Dry,Driver,21,Male,West,Making Left Turn,Failed To Yield Right Of Way,No Apparent Influence,No Apparent Influence,Pedestrian,20,Male,East,Crossing Road,No Improper Action,No Apparent Influence,No Apparent Influence,33.4167255,-111.9262856
-111.9283434,33.38002904,3864,2680048,2012/11/09 16:26:00+00,2012,Rural Rd,Minton Dr,55.968,Intersection Related Non Interchange,1,0,Accident,Rear End,Daylight,Clear,Dry,Driver,53,Female,South,Going Straight Ahead,Speed To Fast For Conditions,No Apparent Influence,No Apparent Influence,Driver,54,Female,South,Stopped In Trafficway,No Improper Action,No Apparent Influence,No Apparent Influence,33.38002904,-111.9283434
-111.9262791,33.413429,3879,2680020,2012/11/15 01:16:00+00,2012,Rural Rd,Spence Ave,210.144,Not Junction Related,1,0,Accident,Left Turn,Dark Lighted,Clear,Dry,Driver,33,Female,North,Making Left Turn,Failed To Yield Right Of Way,No Apparent Influence,No Apparent Influence,Driver,30,Male,South,Going Straight Ahead,No Improper Action,No Apparent Influence,No Apparent Influence,33.413429,-111.9262791
-111.9285427,33.35774983,3930,2674272,2012/12/01 14:44:00+00,2012,Rural Rd,Bell De Mar Dr,-76.032,Intersection Related Non Interchange,1,0,Accident,Rear End,Daylight,Clear,Dry,Driver,23,Female,South,Going Straight Ahead,Disregarded Traffic Signal,Alcohol,No Apparent Influence,Driver,31,Male,South,Stopped In Trafficway,No Improper Action,No Apparent Influence,No Apparent Influence,33.35774983,-111.9285427
-111.9285749,33.36119089,4154,2680069,2012/12/19 18:33:00+00,2012,Rural Rd,Vaughn St,-66,Intersection Related Non Interchange,1,0,Accident,Rear End,Daylight,Clear,Dry,Driver,39,Female,North,Going Straight Ahead,Speed To Fast For Conditions,No Apparent Influence,No Apparent Influence,Driver,39,Female,North,Slowing In Trafficway,No Improper Action,No Apparent Influence,No Apparent Influence,33.36119089,-111.9285749
-111.9281692,33.32041472,4196,2680311,2012/12/26 22:18:00+00,2012,Rural Rd,Ray Rd,149.952,Intersection Related Non Interchange,3,0,Accident,Rear End,Daylight,Clear,Dry,Driver,37,Male,South,Going Straight Ahead,Speed To Fast For Conditions,No Apparent Influence,Drugs,Driver,51,Male,South,Stopped In Trafficway,No Improper Action,No Apparent Influence,No Apparent Influence,33.32041472,-111.9281692
-111.9285361,33.3563611,4280,2683685,2013/01/11 15:07:00+00,2013,Rural Rd,Divot Dr,278.256,Not Junction Related,1,0,Accident,Rear End,Daylight,Clear,Dry,Driver,44,Male,North,Going Straight Ahead,Followed Too Closely,No Apparent Influence,No Apparent Influence,Driver,18,Male,North,Stopped In Trafficway,No Improper Action,No Apparent Influence,No Apparent Influence,33.3563611,-111.9285361
-111.9262617,33.43187767,4332,2680181,2012/12/30 00:53:00+00,2012,Rural Rd,Playa Del Norte,-784.08,Not Junction Related,4,0,Accident,Rear End,Dark Lighted,Clear,Dry,Driver,20,Female,North,Going Straight Ahead,Inattention Distraction,No Apparent Influence,No Apparent Influence,Driver,28,Male,North,Stopped In Trafficway,No Improper Action,No Apparent Influence,No Apparent Influence,33.43187767,-111.9262617
-111.928609,33.36606535,4446,2687313,2013/01/26 01:12:00+00,2013,Rural Rd,Libra Dr,180.048,Not Junction Related,1,0,Accident,Rear End,Dark Lighted,Rain,Wet,Driver,28,Male,South,Going Straight Ahead,Speed To Fast For Conditions,No Apparent Influence,No Apparent Influence,Driver,21,Female,South,Stopped In Trafficway,No Improper Action,No Apparent Influence,No Apparent Influence,33.36606535,-111.928609
-111.928199,33.32217991,4462,2696771,2013/02/08 21:29:00+00,2013,Rural Rd,Gail Dr,-99.264,Not Junction Related,1,0,Accident,Rear End,Daylight,Clear,Dry,Driver,16,Female,South,Going Straight Ahead,Speed To Fast For Conditions,No Apparent Influence,No Apparent Influence,Driver,17,Female,South,Stopped In Trafficway,No Improper Action,No Apparent Influence,No Apparent Influence,33.32217991,-111.928199
-111.9262994,33.42202716,1,2584487,2012/01/10 05:55:00+00,2012,Rural Rd,University Dr,0,Not Junction Related,0,0,No Accident,ANGLE (Front To Side)(Other Than Left Turn),Dark Lighted,Clear,Dry,Driver,255,0,South,Changing Lanes,Unsafe Lane Change,No Apparent Influence,No Apparent Influence,Driver,32,Female,South,Going Straight Ahead,No Improper Action,No Apparent Influence,No Apparent Influence,33.42202716,-111.9262994
-111.9264478,33.38706239,22,2586121,2012/01/02 21:43:00+00,2012,Rural Rd,US Highway 60 Exit 174 J-Ramp,323.136,Intersection Related Interchange,0,0,No Accident,Sideswipe Same Direction,Daylight,Clear,Dry,Driver,21,Male,South,Changing Lanes,Speed To Fast For Conditions,No Apparent Influence,No Apparent Influence,Driver,57,Female,South,Going Straight Ahead,No Improper Action,No Apparent Influence,No Apparent Influence,33.38706239,-111.9264478
-111.9262857,33.41683268,27,2595917,2012/01/03 03:29:00+00,2012,Rural Rd,Lemon St,0,Intersection Related Non Interchange,0,0,No Accident,Left Turn,Dark Lighted,Clear,Dry,Driver,18,Female,East,Making Left Turn,Other,No Apparent Influence,No Apparent Influence,Driver,20,Male,North,Going Straight Ahead,No Improper Action,No Apparent Influence,No Apparent Influence,33.41683268,-111.9262857
-111.9262716,33.4074991,41,2590529,2012/01/04 15:24:00+00,2012,Rural Rd,Broadway Rd,0,Intersection Non Interchange,0,0,No Accident,ANGLE (Front To Side)(Other Than Left Turn),Daylight,Clear,Dry,Driver,29,Female,South,Going Straight Ahead,Disregarded Traffic Signal,No Apparent Influence,No Apparent Influence,Driver,21,Female,West,Going Straight Ahead,No Improper Action,No Apparent Influence,No Apparent Influence,33.4074991,-111.9262716
-111.9262884,33.41932946,44,2597970,2012/01/04 20:39:00+00,2012,Rural Rd,Terrace Rd,70.224,Intersection Related Non Interchange,0,0,No Accident,Rear End,Daylight,Clear,Dry,Driver,22,Male,South,Going Straight Ahead,Speed To Fast For Conditions,No Apparent Influence,No Apparent Influence,Driver,70,Female,South,Stopped In Trafficway,No Improper Action,No Apparent Influence,No Apparent Influence,33.41932946,-111.9262884
-111.9262805,33.41429043,50,2597064,2012/01/05 00:13:00+00,2012,Rural Rd,Apache Blvd,-170.016,Driveway,0,0,No Accident,ANGLE (Front To Side)(Other Than Left Turn),Dusk,Clear,Dry,Driver,69,Female,East,Making Left Turn,Failed To Yield Right Of Way,No Apparent Influence,No Apparent Influence,Driver,22,Male,North,Going Straight Ahead,No Improper Action,No Apparent Influence,No Apparent Influence,33.41429043,-111.9262805
-111.9263271,33.39227058,53,2592291,2012/01/05 02:29:00+00,2012,Rural Rd,Southern Ave,-249.744,Not Junction Related,0,0,No Accident,Sideswipe Same Direction,Dark Lighted,Unknown,Dry,Driver,62,Male,Northwest,Changing Lanes,Unsafe Lane Change,No Apparent Influence,No Apparent Influence,Driver,255,0,North,Going Straight Ahead,No Improper Action,No Apparent Influence,No Apparent Influence,33.39227058,-111.9263271
-111.9262516,33.43403216,66,2590521,2012/01/11 04:48:00+00,2012,Rural Rd,Playa Del Norte,0,Intersection Non Interchange,0,0,No Accident,Rear End,Dark Lighted,Clear,Dry,Driver,41,Male,South,Slowing In Trafficway,Speed To Fast For Conditions,No Apparent Influence,No Apparent Influence,Driver,32,Male,South,Stopped In Trafficway,No Improper Action,No Apparent Influence,No Apparent Influence,33.43403216,-111.9262516
-111.9262901,33.42436057,80,2598854,2012/01/12 15:56:00+00,2012,Rural Rd,6th St,-49.104,Intersection Related Non Interchange,0,0,No Accident,Rear End,Daylight,Clear,Dry,Driver,20,Female,North,Going Straight Ahead,Speed To Fast For Conditions,No Apparent Influence,No Apparent Influence,Driver,21,Female,North,Stopped In Trafficway,No Improper Action,No Apparent Influence,No Apparent Influence,33.42436057,-111.9262901
-111.9262899,33.42445126,85,2598846,2012/01/12 22:00:00+00,2012,Rural Rd,6th St,-15.84,Intersection Related Interchange,0,0,No Accident,Rear End,Daylight,Clear,Dry,Driver,22,Male,South,Stopped In Trafficway,Speed To Fast For Conditions,No Apparent Influence,No Apparent Influence,Driver,22,Male,South,Stopped In Trafficway,No Improper Action,No Apparent Influence,No Apparent Influence,33.42445126,-111.9262899
-111.9263159,33.39437824,87,2592213,2012/01/13 00:45:00+00,2012,Rural Rd,Geneva Dr,-220.176,Driveway,0,0,No Accident,ANGLE (Front To Side)(Other Than Left Turn),Dark Lighted,Clear,Dry,Driver,22,Male,East,Making Left Turn,Failed To Yield Right Of Way,No Apparent Influence,No Apparent Influence,Driver,62,Male,South,Stopped In Trafficway,No Improper Action,No Apparent Influence,No Apparent Influence,33.39437824,-111.9263159
-111.926479,33.38467128,139,2589140,2012/01/31 05:21:00+00,2012,Rural Rd,US Highway 60 Exit 174 A-Ramp,-126.192,Not Junction Related,0,0,No Accident,Sideswipe Same Direction,Dark Lighted,Clear,Dry,Driver,38,Female,South,Changing Lanes,Inattention Distraction,No Apparent Influence,No Apparent Influence,Driver,22,Female,South,Going Straight Ahead,Unknown,No Apparent Influence,No Apparent Influence,33.38467128,-111.926479
-111.9262618,33.4318447,158,2582044,2012/01/06 00:24:00+00,2012,Rural Rd,Playa Del Norte,-796.224,Not Junction Related,0,0,No Accident,Rear End,Dusk,Clear,Dry,Driver,19,Male,North,Going Straight Ahead,Speed To Fast For Conditions,No Apparent Influence,No Apparent Influence,Driver,28,Male,North,Stopped In Trafficway,No Improper Action,No Apparent Influence,No Apparent Influence,33.4318447,-111.9262618
-111.9262727,33.41154471,159,2598199,2012/01/31 15:47:00+00,2012,Rural Rd,Vista Del Cerro Dr,396,Not Junction Related,0,0,No Accident,ANGLE (Front To Side)(Other Than Left Turn),Daylight,Clear,Dry,Driver,60,Male,Southeast,Making Left Turn,Inattention Distraction,No Apparent Influence,No Apparent Influence,Driver,20,Male,North,Going Straight Ahead,No Improper Action,No Apparent Influence,No Apparent Influence,33.41154471,-111.9262727
-111.926314,33.3933031,195,2595162,2012/02/02 00:34:00+00,2012,Rural Rd,Southern Ave,126.192,Intersection Related Non Interchange,0,0,No Accident,Sideswipe Same Direction,Dusk,Cloudy,Dry,Driver,20,Female,South,Changing Lanes,Unsafe Lane Change,No Apparent Influence,No Apparent Influence,Driver,36,Female,South,Going Straight Ahead,No Improper Action,No Apparent Influence,No Apparent Influence,33.3933031,-111.926314
-111.9262854,33.42573029,212,2597310,2012/02/03 01:01:00+00,2012,Rural Rd,6th St,449.856,Not Junction Related,0,0,No Accident,Rear End,Daylight,Clear,Dry,Driver,25,Male,South,Going Straight Ahead,Speed To Fast For Conditions,No Apparent Influence,No Apparent Influence,Driver,25,Female,South,Stopped In Trafficway,No Improper Action,No Apparent Influence,No Apparent Influence,33.42573029,-111.9262854
-111.9263171,33.39272398,226,2592248,2012/01/19 22:59:00+00,2012,Rural Rd,Southern Ave,-85.008,Intersection Related Non Interchange,0,0,No Accident,Sideswipe Same Direction,Daylight,Clear,Dry,Driver,61,Female,North,Changing Lanes,Unsafe Lane Change,No Apparent Influence,No Apparent Influence,Driver,50,Female,North,Stopped In Trafficway,No Improper Action,No Apparent Influence,No Apparent Influence,33.39272398,-111.9263171
-111.9284125,33.33660207,229,2592294,2012/01/14 03:19:00+00,2012,Rural Rd,Warner Rd,710.16,Not Junction Related,0,0,No Accident,Single Vehicle,Dark Lighted,Clear,Dry,Driver,36,Male,South,Going Straight Ahead,Unknown,Alcohol,No Apparent Influence,0,0,0,0,0,0,0,0,33.33660207,-111.9284125
-111.9283327,33.38005205,244,2598641,2012/01/20 21:59:00+00,2012,Rural Rd,Minton Dr,64.944,Intersection Related Non Interchange,0,0,No Accident,Rear End,Daylight,Clear,Dry,Driver,25,Male,South,Going Straight Ahead,Speed To Fast For Conditions,No Apparent Influence,No Apparent Influence,Driver,17,Female,South,Stopped In Trafficway,No Improper Action,No Apparent Influence,No Apparent Influence,33.38005205,-111.9283327
-111.9284719,33.34947417,246,2598381,2012/01/20 23:40:00+00,2012,Rural Rd,Elliot Rd,105.072,Not Junction Related,0,0,No Accident,Other,Daylight,Clear,Dry,Pedalcyclist,55,Male,North,Going Straight Ahead,Unknown,No Apparent Influence,No Apparent Influence,Driver,53,Male,North,Slowing In Trafficway,Other,No Apparent Influence,No Apparent Influence,33.34947417,-111.9284719
-111.9262898,33.42449522,265,2598388,2012/01/22 03:17:00+00,2012,Rural Rd,6th St,0,Intersection Related Non Interchange,0,0,No Accident,ANGLE (Front To Side)(Other Than Left Turn),Dark Lighted,Clear,Dry,Driver,22,Female,North,Going Straight Ahead,Inattention Distraction,No Apparent Influence,No Apparent Influence,Driver,18,Male,West,Making Left Turn,No Improper Action,No Apparent Influence,No Apparent Influence,33.42449522,-111.9262898
-111.9262892,33.42465871,271,2598818,2012/01/07 00:06:00+00,2012,Rural Rd,6th St,60.192,Intersection Related Non Interchange,0,0,No Accident,Other,Daylight,Clear,Dry,Driver,56,Male,Unknown,Backing,Inattention Distraction,No Apparent Influence,No Apparent Influence,Driver,58,Female,Unknown,Stopped In Trafficway,No Improper Action,No Apparent Influence,No Apparent Influence,33.42465871,-111.9262892
-111.9286196,33.36793274,284,2599096,2012/01/08 01:47:00+00,2012,Rural Rd,Westchester Ave,200.112,Not Junction Related,0,0,No Accident,Other,Dark Lighted,Clear,Dry,Driver,62,Male,South,Slowing In Trafficway,Knowingly Operated With Faulty Missing Equipment,No Apparent Influence,No Apparent Influence,Driver,47,Female,North,Going Straight Ahead,No Improper Action,No Apparent Influence,No Apparent Influence,33.36793274,-111.9286196
-111.9285923,33.36374962,311,2598844,2012/01/14 19:32:00+00,2012,Rural Rd,Guadalupe Rd,0,Intersection Non Interchange,0,0,No Accident,Left Turn,Daylight,Clear,Dry,Driver,17,Male,South,Making Left Turn,Inattention Distraction,No Apparent Influence,No Apparent Influence,Driver,34,Male,North,Going Straight Ahead,No Improper Action,No Apparent Influence,No Apparent Influence,33.36374962,-111.9285923
-111.9262711,33.4074304,323,2592284,2012/01/16 02:30:00+00,2012,Rural Rd,Broadway Rd,-24.816,Intersection Related Interchange,0,0,No Accident,Rear End,Dark Lighted,Clear,Dry,Driver,65,Female,North,Backing,Other,No Apparent Influence,No Apparent Influence,Driver,19,Female,North,Going Straight Ahead,No Improper Action,No Apparent Influence,No Apparent Influence,33.4074304,-111.9262711
-111.928535,33.35623288,325,2592320,2012/01/16 22:28:00+00,2012,Rural Rd,Bell De Mar Dr,-627.792,Not Junction Related,0,0,No Accident,Rear End,Daylight,Clear,Dry,Driver,42,Male,North,Going Straight Ahead,Inattention Distraction,No Apparent Influence,No Apparent Influence,Driver,46,Female,North,Stopped In Trafficway,No Improper Action,No Apparent Influence,No Apparent Influence,33.35623288,-111.928535
-111.9262708,33.40764256,339,2598863,2012/01/18 03:19:00+00,2012,Rural Rd,Broadway Rd,52.8,Not Junction Related,0,0,No Accident,Rear End,Dark Lighted,Clear,Dry,Driver,22,Male,North,Going Straight Ahead,Speed To Fast For Conditions,No Apparent Influence,No Apparent Influence,Driver,19,Female,North,Going Straight Ahead,No Improper Action,No Apparent Influence,No Apparent Influence,33.40764256,-111.9262708
-111.9262721,33.40723809,340,2597037,2012/01/18 03:30:00+00,2012,Rural Rd,Broadway Rd,-95.04,Intersection Related Non Interchange,0,0,No Accident,Rear End,Dark Lighted,Clear,Dry,Driver,19,Female,South,Going Straight Ahead,Inattention Distraction,No Apparent Influence,No Apparent Influence,Driver,32,Female,South,Stopped In Trafficway,No Improper Action,No Apparent Influence,No Apparent Influence,33.40723809,-111.9262721
-111.9284702,33.34940558,366,2599225,2012/01/24 12:53:00+00,2012,Rural Rd,Elliot Rd,80.256,Intersection Related Non Interchange,0,0,No Accident,Rear End,Dark Lighted,Clear,Dry,Driver,32,Male,South,Stopped In Trafficway,Other,No Apparent Influence,No Apparent Influence,Driver,28,Male,South,Going Straight Ahead,No Improper Action,No Apparent Influence,No Apparent Influence,33.34940558,-111.9284702
-111.9262994,33.42184852,368,2598376,2012/01/24 17:52:00+00,2012,Rural Rd,University Dr,-64.944,Intersection Related Non Interchange,0,0,No Accident,Rear End,Daylight,Clear,Dry,Driver,21,Female,North,Going Straight Ahead,Speed To Fast For Conditions,No Apparent Influence,No Apparent Influence,Driver,52,Male,North,Stopped In Trafficway,No Improper Action,No Apparent Influence,No Apparent Influence,33.42184852,-111.9262994
-111.928642,33.37198393,375,2597143,2012/01/24 23:17:00+00,2012,Rural Rd,Cornell Dr,-45.936,Not Junction Related,0,0,No Accident,Rear End,Daylight,Clear,Dry,Driver,29,Male,South,Going Straight Ahead,Inattention Distraction,No Apparent Influence,No Apparent Influence,Driver,36,Female,South,Stopped In Trafficway,No Improper Action,No Apparent Influence,No Apparent Influence,33.37198393,-111.928642
-111.9262772,33.42884594,385,2598373,2012/01/25 19:33:00+00,2012,Rural Rd,Rio Salado Pkwy,0,Intersection Non Interchange,0,0,No Accident,ANGLE (Front To Side)(Other Than Left Turn),Daylight,Clear,Dry,Driver,31,Male,South,Going Straight Ahead,Disregarded Traffic Signal,No Apparent Influence,No Apparent Influence,Driver,19,Male,West,Going Straight Ahead,No Improper Action,No Apparent Influence,No Apparent Influence,33.42884594,-111.9262772
-111.9281863,33.38029754,387,2596106,2012/01/25 23:03:00+00,2012,Rural Rd,Minton Dr,165.264,Not Junction Related,0,0,No Accident,Sideswipe Same Direction,Daylight,Clear,Dry,Driver,54,Female,South,Changing Lanes,Inattention Distraction,No Apparent Influence,No Apparent Influence,Driver,24,Male,South,Going Straight Ahead,No Improper Action,No Apparent Influence,No Apparent Influence,33.38029754,-111.9281863
-111.9262805,33.41447457,393,2598577,2012/01/26 15:48:00+00,2012,Rural Rd,Apache Blvd,-102.96,Intersection Related Non Interchange,0,0,No Accident,Rear End,Daylight,Clear,Dry,Driver,25,Male,North,Going Straight Ahead,Speed To Fast For Conditions,No Apparent Influence,No Apparent Influence,Driver,37,Male,North,Stopped In Trafficway,No Improper Action,No Apparent Influence,No Apparent Influence,33.41447457,-111.9262805
-111.9262944,33.40191987,402,2593719,2012/02/08 00:55:00+00,2012,Rural Rd,Loma Vista Dr,-50.16,Not Junction Related,0,0,No Accident,Sideswipe Same Direction,Dusk,Clear,Dry,Driver,255,0,North,Changing Lanes,Unsafe Lane Change,No Apparent Influence,No Apparent Influence,Driver,21,Female,North,Going Straight Ahead,No Improper Action,No Apparent Influence,No Apparent Influence,33.40191987,-111.9262944
-111.9264755,33.38485242,413,2591083,2012/02/18 22:13:00+00,2012,Rural Rd,US Highway 60 Exit 174 G-Ramp,-60.192,Intersection Related Non Interchange,0,0,No Accident,Rear End,Daylight,Clear,Dry,Driver,19,Female,South,Changing Lanes,Inattention Distraction,No Apparent Influence,No Apparent Influence,Driver,19,Female,South,Slowing In Trafficway,No Improper Action,No Apparent Influence,No Apparent Influence,33.38485242,-111.9264755
-111.926271,33.4079784,417,2595135,2012/02/19 07:22:00+00,2012,Rural Rd,Broadway Rd,174.768,Not Junction Related,0,0,No Accident,Left Turn,Dark Lighted,Clear,Dry,Driver,40,Male,North,Making Left Turn,Other,Alcohol,No Apparent Influence,Driver,28,Female,North,Going Straight Ahead,No Improper Action,No Apparent Influence,No Apparent Influence,33.4079784,-111.926271
-111.9263135,33.39303928,423,2608181,2012/02/19 21:05:00+00,2012,Rural Rd,Southern Ave,30.096,Intersection Related Interchange,0,0,No Accident,Rear End,Daylight,Clear,Dry,Driver,38,Male,South,Going Straight Ahead,Inattention Distraction,No Apparent Influence,No Apparent Influence,Driver,52,Female,South,Stopped In Trafficway,No Improper Action,No Apparent Influence,No Apparent Influence,33.39303928,-111.9263135
-111.9262745,33.41258207,451,2610771,2012/02/22 01:20:00+00,2012,Rural Rd,Spence Ave,-105.6,Not Junction Related,0,0,No Accident,Rear End,Dark Lighted,Clear,Dry,Driver,23,Male,South,Going Straight Ahead,Speed To Fast For Conditions,No Apparent Influence,No Apparent Influence,Driver,24,Male,South,Going Straight Ahead,No Improper Action,No Apparent Influence,No Apparent Influence,33.41258207,-111.9262745
-111.9275889,33.38112523,467,2597312,2012/02/03 01:36:00+00,2012,Rural Rd,Carter Dr,0,Intersection Non Interchange,0,0,No Accident,Left Turn,Dark Lighted,Clear,Dry,Driver,21,Female,South,Making Left Turn,Made Improper Turn,No Apparent Influence,No Apparent Influence,Driver,30,Male,North,Going Straight Ahead,No Improper Action,No Apparent Influence,No Apparent Influence,33.38112523,-111.9275889
-111.9262847,33.4171218,477,2598328,2012/02/03 16:58:00+00,2012,Rural Rd,Lemon St,106.128,Not Junction Related,0,0,No Accident,ANGLE (Front To Side)(Other Than Left Turn),Daylight,Clear,Dry,Driver,21,Female,Southwest,Making Left Turn,Other,No Apparent Influence,No Apparent Influence,Driver,19,Female,North,Going Straight Ahead,No Improper Action,No Apparent Influence,No Apparent Influence,33.4171218,-111.9262847
-111.926276,33.40650731,484,2595602,2012/02/03 19:51:00+00,2012,Rural Rd,Broadway Rd,-361.152,Not Junction Related,0,0,No Accident,ANGLE (Front To Side)(Other Than Left Turn),Daylight,Clear,Dry,Driver,25,Male,North,Changing Lanes,Speed To Fast For Conditions,No Apparent Influence,No Apparent Influence,Driver,60,Female,North,Going Straight Ahead,No Improper Action,No Apparent Influence,No Apparent Influence,33.40650731,-111.926276
-111.9263126,33.39295727,487,2595610,2012/02/03 20:58:00+00,2012,Rural Rd,Southern Ave,0,Intersection Related Non Interchange,0,0,No Accident,ANGLE (Front To Side)(Other Than Left Turn),Daylight,Clear,Dry,Driver,25,Female,South,Going Straight Ahead,Speed To Fast For Conditions,No Apparent Influence,No Apparent Influence,Driver,35,Male,South,Stopped In Trafficway,No Improper Action,No Apparent Influence,No Apparent Influence,33.39295727,-111.9263126
-111.9285834,33.36292574,502,2589917,2012/02/05 03:45:00+00,2012,Rural Rd,Guadalupe Rd,-299.904,Not Junction Related,0,0,No Accident,ANGLE (Front To Side)(Other Than Left Turn),Dark Lighted,Clear,Dry,Driver,24,Male,North,Making Right Turn,Inattention Distraction,No Apparent Influence,No Apparent Influence,Driver,42,Male,North,Going Straight Ahead,No Improper Action,No Apparent Influence,No Apparent Influence,33.36292574,-111.9285834
-111.9263163,33.39459809,505,2598343,2012/02/05 18:09:00+00,2012,Rural Rd,Geneva Dr,-139.92,Not Junction Related,0,0,No Accident,Sideswipe Same Direction,Daylight,Clear,Dry,Driver,71,Male,North,Going Straight Ahead,No Improper Action,No Apparent Influence,No Apparent Influence,Driver,26,Female,North,Going Straight Ahead,No Improper Action,No Apparent Influence,No Apparent Influence,33.39459809,-111.9263163
-111.9279378,33.38064476,524,2603108,2012/02/22 23:27:00+00,2012,Rural Rd,Carter Dr,-204.864,Not Junction Related,0,0,No Accident,Rear End,Daylight,Clear,Dry,Driver,46,Female,South,Going Straight Ahead,Speed To Fast For Conditions,No Apparent Influence,No Apparent Influence,Driver,18,Female,South,Stopped In Trafficway,No Improper Action,No Apparent Influence,No Apparent Influence,33.38064476,-111.9279378
-111.9263157,33.39422096,530,2600011,2012/02/15 01:19:00+00,2012,Rural Rd,Southern Ave,459.888,Not Junction Related,0,0,No Accident,Other,Dusk,Unknown,Unknown,Driver,31,Female,Unknown,Unknown,Unknown,No Apparent Influence,No Apparent Influence,Driver,20,Female,Unknown,Unknown,Unknown,No Apparent Influence,No Apparent Influence,33.39422096,-111.9263157
-111.9264722,33.38501708,543,2596889,2012/03/01 22:18:00+00,2012,Rural Rd,US Highway 60 Exit 174 G-Ramp,0,Intersection Related Non Interchange,0,0,No Accident,Left Turn,Daylight,Clear,Dry,Driver,37,Male,North,Going Straight Ahead,Unknown,No Apparent Influence,No Apparent Influence,Driver,19,Female,East,Making Left Turn,Unknown,No Apparent Influence,No Apparent Influence,33.38501708,-111.9264722
-111.9262709,33.40775029,546,2608341,2012/03/02 00:14:00+00,2012,Rural Rd,Broadway Rd,91.872,Intersection Related Non Interchange,0,0,No Accident,Rear End,Daylight,Clear,Dry,Driver,18,Female,South,Going Straight Ahead,Inattention Distraction,No Apparent Influence,No Apparent Influence,Driver,23,Male,South,Stopped In Trafficway,No Improper Action,No Apparent Influence,No Apparent Influence,33.40775029,-111.9262709
-111.9282337,33.32423507,554,2608315,2012/03/02 14:25:00+00,2012,Rural Rd,Alexander Blvd,177.936,Not Junction Related,0,0,No Accident,Sideswipe Same Direction,Daylight,Clear,Dry,Driver,51,Female,North,Changing Lanes,Unsafe Lane Change,No Apparent Influence,No Apparent Influence,Driver,48,Male,North,Going Straight Ahead,No Improper Action,No Apparent Influence,No Apparent Influence,33.32423507,-111.9282337