X,Y,OBJECTID,Incidentid,DateTime,Year,StreetName,CrossStreet,Distance,JunctionRelation,Totalinjuries,TotalAccidentities,EventSeverity,Collisionmanner,Lightcondition,Weather,SurfaceCondition,Unittype_One,Age_Drv1,Gender_Drv1,Traveldirection_One,Unitaction_One,Violation1_Drv1,AlcoholUse_Drv1,DrugUse_Drv1,Unittype_Two,Age_Drv2,Gender_Drv2,Traveldirection_Two,Unitaction_Two,Violation1_Drv2,AlcoholUse_Drv2,DrugUse_Drv2,Latitude,Longitude
-111.9262777,33.4286261,559,2608316,2012/03/03 05:20:00+00,2012,Rural Rd,Rio Salado Pkwy,-80.256,Intersection Related Non Interchange,0,0,No Accident,Rear End,Dark Lighted,Clear,Dry,Driver,27,Male,North,Changing Lanes,Unsafe Lane Change,No Apparent Influence,No Apparent Influence,Driver,60,Male,North,Slowing In Trafficway,No Improper Action,No Apparent Influence,No Apparent Influence,33.4286261,-111.9262777
-111.9262777,33.42860687,607,2597322,2012/02/09 18:38:00+00,2012,Rural Rd,Rio Salado Pkwy,-87.12,Intersection Related Non Interchange,0,0,No Accident,Rear End,Daylight,Clear,Dry,Driver,19,Female,North,Going Straight Ahead,Inattention Distraction,No Apparent Influence,No Apparent Influence,Driver,52,Male,North,Stopped In Trafficway,No Improper Action,No Apparent Influence,No Apparent Influence,33.42860687,-111.9262777
-111.926316,33.39440782,667,2597087,2012/02/28 23:40:00+00,2012,Rural Rd,Southern Ave,528,Not Junction Related,0,0,No Accident,Rear End,Daylight,Clear,Dry,Driver,40,Male,Northeast,Going Straight Ahead,Followed Too Closely,No Apparent Influence,No Apparent Influence,Driver,21,Male,Northeast,Slowing In Trafficway,No Improper Action,No Apparent Influence,No Apparent Influence,33.39440782,-111.926316
-111.9262893,33.42463398,682,2610787,2012/03/01 00:08:00+00,2012,Rural Rd,6th St,51.216,Intersection Related Non Interchange,0,0,No Accident,Rear End,Daylight,Clear,Dry,Driver,28,Male,South,Going Straight Ahead,Speed To Fast For Conditions,No Apparent Influence,No Apparent Influence,Driver,19,Female,South,Stopped In Trafficway,No Improper Action,No Apparent Influence,No Apparent Influence,33.42463398,-111.9262893
-111.9263006,33.42223035,686,2599578,2012/02/12 00:44:00+00,2012,Rural Rd,University Dr,74.976,Intersection Related Non Interchange,0,0,No Accident,Rear End,Daylight,Clear,Dry,Driver,23,Female,South,Going Straight Ahead,Followed Too Closely,No Apparent Influence,No Apparent Influence,Driver,18,Female,South,Slowing In Trafficway,No Improper Action,No Apparent Influence,No Apparent Influence,33.42223035,-111.9263006
-111.9263139,33.39326463,697,2595165,2012/02/12 19:07:00+00,2012,Rural Rd,Southern Ave,111.936,Intersection Related Non Interchange,0,0,No Accident,Rear End,Daylight,Clear,Dry,Driver,52,Male,Southeast,Making Right Turn,Speed To Fast For Conditions,No Apparent Influence,No Apparent Influence,Driver,45,Male,South,Going Straight Ahead,No Improper Action,No Apparent Influence,No Apparent Influence,33.39326463,-111.9263139
-111.9263156,33.39416599,698,2599635,2012/02/12 22:07:00+00,2012,Rural Rd,Southern Ave,439.824,Driveway,0,0,No Accident,ANGLE (Front To Side)(Other Than Left Turn),Daylight,Clear,Dry,Driver,46,Female,East,Going Straight Ahead,Failed To Yield Right Of Way,No Apparent Influence,No Apparent Influence,Driver,18,Female,North,Going Straight Ahead,No Improper Action,No Apparent Influence,No Apparent Influence,33.39416599,-111.9263156
-111.9262805,33.41426294,724,2599152,2012/02/14 22:21:00+00,2012,Rural Rd,Apache Blvd,-180.048,Driveway,0,0,No Accident,ANGLE (Front To Side)(Other Than Left Turn),Daylight,Clear,Dry,Pedalcyclist,26,Female,North,Going Straight Ahead,Other,No Apparent Influence,No Apparent Influence,Driver,37,Male,East,Making Right Turn,No Improper Action,No Apparent Influence,No Apparent Influence,33.41426294,-111.9262805
-111.9262895,33.42457628,733,2600017,2012/02/16 00:23:00+00,2012,Rural Rd,6th St,30.096,Not Junction Related,0,0,No Accident,Rear End,Daylight,Clear,Dry,Driver,32,Female,South,Going Straight Ahead,Speed To Fast For Conditions,No Apparent Influence,No Apparent Influence,Driver,51,Female,South,Stopped In Trafficway,No Improper Action,No Apparent Influence,No Apparent Influence,33.42457628,-111.9262895
-111.9281591,33.31994796,744,2616637,2012/02/16 23:45:00+00,2012,Rural Rd,Ray Rd,-20.064,Intersection Related Non Interchange,0,0,No Accident,Rear End,Daylight,Clear,Dry,Driver,55,Female,North,Making Right Turn,Speed To Fast For Conditions,No Apparent Influence,No Apparent Influence,Driver,55,Female,North,Making Right Turn,No Improper Action,No Apparent Influence,No Apparent Influence,33.31994796,-111.9281591
-111.9262726,33.41136064,750,2597131,2012/02/17 01:45:00+00,2012,Rural Rd,Spence Ave,-550.176,Not Junction Related,0,0,No Accident,Rear End,Dark Lighted,Clear,Dry,Driver,58,Male,South,Going Straight Ahead,Speed To Fast For Conditions,No Apparent Influence,No Apparent Influence,Driver,22,Female,South,Slowing In Trafficway,No Improper Action,No Apparent Influence,No Apparent Influence,33.41136064,-111.9262726
-111.9262758,33.42930034,758,2600037,2012/02/17 20:06:00+00,2012,Rural Rd,Rio Salado Pkwy,165.792,Not Junction Related,0,0,No Accident,Sideswipe Same Direction,Daylight,Clear,Dry,Driver,32,Female,South,Changing Lanes,Unsafe Lane Change,No Apparent Influence,No Apparent Influence,Driver,34,Female,South,Changing Lanes,Unsafe Lane Change,No Apparent Influence,No Apparent Influence,33.42930034,-111.9262758
-111.9263135,33.39302005,771,2599608,2012/02/23 22:54:00+00,2012,Rural Rd,Southern Ave,23.232,Intersection Related Non Interchange,0,0,No Accident,Rear End,Daylight,Clear,Dry,Driver,22,Female,South,Going Straight Ahead,Speed To Fast For Conditions,No Apparent Influence,No Apparent Influence,Driver,19,Male,South,Going Straight Ahead,No Improper Action,No Apparent Influence,No Apparent Influence,33.39302005,-111.9263135
-111.9262755,33.41287223,779,2603231,2012/02/24 10:25:00+00,2012,Rural Rd,Spence Ave,0,Intersection Non Interchange,0,0,No Accident,Left Turn,Dark Lighted,Clear,Dry,Driver,19,Male,South,Making Left Turn,Inattention Distraction,No Apparent Influence,No Apparent Influence,Driver,27,Female,North,Going Straight Ahead,No Improper Action,No Apparent Influence,No Apparent Influence,33.41287223,-111.9262755
-111.9286756,33.37783259,824,2611792,2012/03/19 02:47:00+00,2012,Rural Rd,Baseline Rd,-149.952,Not Junction Related,0,0,No Accident,Rear End,Dark Lighted,Clear,Dry,Driver,111,Unknown,South,Going Straight Ahead,Followed Too Closely,No Apparent Influence,No Apparent Influence,Driver,47,Male,South,Slowing In Trafficway,No Improper Action,No Apparent Influence,No Apparent Influence,33.37783259,-111.9286756
-111.9262714,33.40736172,834,2611701,2012/03/20 05:08:00+00,2012,Rural Rd,Broadway Rd,-50.16,Intersection Related Non Interchange,0,0,No Accident,Rear End,Dark Lighted,Clear,Dry,Driver,50,Male,North,Going Straight Ahead,Inattention Distraction,No Apparent Influence,No Apparent Influence,Driver,26,Male,North,Stopped In Trafficway,No Improper Action,No Apparent Influence,No Apparent Influence,33.40736172,-111.9262714
-111.9262736,33.41233093,846,2611677,2012/03/21 15:09:00+00,2012,Rural Rd,Spence Ave,-196.944,Driveway,0,0,No Accident,ANGLE (Front To Side)(Other Than Left Turn),Daylight,Clear,Dry,Pedalcyclist,57,Male,West,Going Straight Ahead,Drove Rode In Opposing Traffic Lane,No Apparent Influence,No Apparent Influence,Driver,28,Female,South,Other,No Improper Action,No Apparent Influence,No Apparent Influence,33.41233093,-111.9262736
-111.9262657,33.43096855,891,2608303,2012/03/07 20:43:00+00,2012,Rural Rd,Rio Salado Pkwy,772.992,Not Junction Related,0,0,No Accident,Rear End,Daylight,Clear,Dry,Driver,23,Female,South,Going Straight Ahead,Inattention Distraction,No Apparent Influence,No Apparent Influence,Driver,29,Male,South,Slowing In Trafficway,No Improper Action,No Apparent Influence,No Apparent Influence,33.43096855,-111.9262657
-111.9263003,33.42205173,895,2611285,2012/03/07 23:32:00+00,2012,Rural Rd,University Dr,10.032,Intersection Related Non Interchange,0,0,No Accident,ANGLE (Front To Side)(Other Than Left Turn),Daylight,Clear,Dry,Pedalcyclist,20,Male,East,Going Straight Ahead,Drove Rode In Opposing Traffic Lane,No Apparent Influence,No Apparent Influence,Driver,25,Male,West,Making Right Turn,No Improper Action,No Apparent Influence,No Apparent Influence,33.42205173,-111.9263003
-111.9262878,33.41951639,904,2608257,2012/03/08 18:40:00+00,2012,Rural Rd,Terrace Rd,137.808,Intersection Related Non Interchange,0,0,No Accident,Rear End,Daylight,Clear,Dry,Driver,22,Female,South,Going Straight Ahead,Inattention Distraction,No Apparent Influence,No Apparent Influence,Driver,18,Female,South,Stopped In Trafficway,No Improper Action,No Apparent Influence,No Apparent Influence,33.41951639,-111.9262878
-111.9262764,33.42906403,909,2611088,2012/03/08 23:19:00+00,2012,Rural Rd,Rio Salado Pkwy,80.256,Intersection Related Non Interchange,0,0,No Accident,Rear End,Daylight,Clear,Dry,Driver,25,Male,South,Going Straight Ahead,Speed To Fast For Conditions,No Apparent Influence,No Apparent Influence,Driver,20,Male,South,Slowing In Trafficway,No Improper Action,No Apparent Influence,No Apparent Influence,33.42906403,-111.9262764
-111.9263194,33.39498285,925,2655502,2012/03/30 23:27:00+00,2012,Rural Rd,Geneva Dr,0,Intersection Non Interchange,0,0,No Accident,Left Turn,Daylight,Clear,Dry,Driver,39,Female,West,Making Left Turn,Other,No Apparent Influence,No Apparent Influence,Driver,18,Female,South,Going Straight Ahead,No Improper Action,No Apparent Influence,No Apparent Influence,33.39498285,-111.9263194
-111.9286391,33.37156073,952,2629165,2012/04/02 02:40:00+00,2012,Rural Rd,Southshore Dr,-200.112,Not Junction Related,0,0,No Accident,Other,Dark Lighted,Clear,Dry,Driver,62,Female,East,Making Right Turn,Inattention Distraction,No Apparent Influence,No Apparent Influence,Driver,43,Female,East,Making Right Turn,No Improper Action,No Apparent Influence,No Apparent Influence,33.37156073,-111.9286391
-111.9262783,33.42838423,966,2613437,2012/04/02 23:23:00+00,2012,Rural Rd,Rio Salado Pkwy,-167.904,Intersection Related Non Interchange,0,0,No Accident,Rear End,Daylight,Clear,Dry,Driver,38,Female,North,Going Straight Ahead,Other,Alcohol,No Apparent Influence,Driver,111,Unknown,North,Stopped In Trafficway,No Improper Action,No Apparent Influence,No Apparent Influence,33.42838423,-111.9262783
-111.9262863,33.41894622,977,2610955,2012/03/09 02:21:00+00,2012,Rural Rd,Terrace Rd,-70.224,Intersection Related Non Interchange,0,0,No Accident,Rear End,Dark Lighted,Clear,Dry,Driver,45,Male,North,Going Straight Ahead,Inattention Distraction,No Apparent Influence,No Apparent Influence,Driver,39,Male,North,Stopped In Trafficway,No Improper Action,No Apparent Influence,No Apparent Influence,33.41894622,-111.9262863
-111.9286089,33.36557182,991,2611508,2012/03/23 14:58:00+00,2012,Rural Rd,Libra Dr,0,Intersection Non Interchange,0,0,No Accident,Single Vehicle,Daylight,Clear,Dry,Driver,44,Male,South,Avoiding Vehicle Object Pedestrian,No Improper Action,No Apparent Influence,No Apparent Influence,0,0,0,0,0,0,0,0,33.36557182,-111.9286089
-111.9262505,33.43403113,1003,2647270,2012/03/24 05:08:00+00,2012,Rural Rd,Playa Del Norte,0,Intersection Non Interchange,0,0,No Accident,Left Turn,Dark Lighted,Clear,Dry,Driver,70,Male,North,Going Straight Ahead,Disregarded Traffic Signal,No Apparent Influence,No Apparent Influence,Driver,46,Male,Southwest,Making Left Turn,No Improper Action,No Apparent Influence,No Apparent Influence,33.43403113,-111.9262505
-111.9262862,33.41910013,1016,2655588,2012/03/26 02:41:00+00,2012,Rural Rd,Terrace Rd,-14.256,Intersection Related Interchange,0,0,No Accident,Rear End,Dark Lighted,Clear,Dry,Driver,17,Male,North,Going Straight Ahead,Speed To Fast For Conditions,No Apparent Influence,No Apparent Influence,Driver,22,Male,North,Stopped In Trafficway,No Improper Action,No Apparent Influence,No Apparent Influence,33.41910013,-111.9262862
-111.9262882,33.41930199,1019,2630111,2012/03/26 19:16:00+00,2012,Rural Rd,Terrace Rd,60.192,Intersection Related Interchange,0,0,No Accident,Rear End,Daylight,Clear,Dry,Driver,22,Female,South,Slowing In Trafficway,Speed To Fast For Conditions,No Apparent Influence,No Apparent Influence,Driver,20,Female,South,Stopped In Trafficway,No Improper Action,No Apparent Influence,No Apparent Influence,33.41930199,-111.9262882
-111.9262712,33.40818452,1028,2630062,2012/03/09 14:54:00+00,2012,Rural Rd,Broadway Rd,249.744,Unknown Non Interchange,0,0,No Accident,ANGLE (Front To Side)(Other Than Left Turn),Daylight,Clear,Dry,Driver,39,Female,East,Other,Inattention Distraction,No Apparent Influence,No Apparent Influence,Driver,23,Male,South,Going Straight Ahead,No Improper Action,No Apparent Influence,No Apparent Influence,33.40818452,-111.9262712
-111.9262715,33.40734798,1045,2630079,2012/03/10 22:06:00+00,2012,Rural Rd,Broadway Rd,-54.912,Not Junction Related,0,0,No Accident,Sideswipe Same Direction,Daylight,Clear,Dry,Driver,55,Male,North,Making Left Turn,Made Improper Turn,No Apparent Influence,No Apparent Influence,Driver,34,Male,North,Going Straight Ahead,No Improper Action,No Apparent Influence,No Apparent Influence,33.40734798,-111.9262715
-111.9263595,33.39103383,1046,2630125,2012/03/11 00:21:00+00,2012,Rural Rd,Southern Ave,-700.128,Not Junction Related,0,0,No Accident,Sideswipe Same Direction,Daylight,Clear,Dry,Driver,60,Male,North,Going Straight Ahead,Unsafe Lane Change,No Apparent Influence,No Apparent Influence,Driver,47,Female,North,Going Straight Ahead,Unsafe Lane Change,No Apparent Influence,No Apparent Influence,33.39103383,-111.9263595
-111.926286,33.41913859,1056,2630721,2012/03/11 14:40:00+00,2012,Rural Rd,Terrace Rd,0,Intersection Interchange,0,0,No Accident,Left Turn,Daylight,Clear,Dry,Driver,111,Male,North,Going Straight Ahead,Disregarded Traffic Signal,No Apparent Influence,No Apparent Influence,Driver,21,Male,Southwest,Making Left Turn,Failed To Yield Right Of Way,No Apparent Influence,No Apparent Influence,33.41913859,-111.926286
-111.9286743,33.37840363,1059,2630087,2012/03/11 20:07:00+00,2012,Rural Rd,Baseline Rd,58.08,Intersection Related Non Interchange,0,0,No Accident,Rear End,Daylight,Clear,Dry,Driver,52,Female,South,Going Straight Ahead,Speed To Fast For Conditions,No Apparent Influence,No Apparent Influence,Driver,50,Female,South,Stopped In Trafficway,No Improper Action,No Apparent Influence,No Apparent Influence,33.37840363,-111.9286743
-111.9263004,33.42213417,1082,2628869,2012/03/14 09:46:00+00,2012,Rural Rd,University Dr,40.128,Intersection Related Non Interchange,0,0,No Accident,Rear End,Dark Lighted,Clear,Dry,Driver,38,Male,South,Going Straight Ahead,Speed To Fast For Conditions,No Apparent Influence,No Apparent Influence,Driver,21,Male,South,Stopped In Trafficway,No Improper Action,No Apparent Influence,No Apparent Influence,33.42213417,-111.9263004
-111.9262447,33.43551378,1091,2611029,2012/03/15 00:02:00+00,2012,Rural Rd,Playa Del Norte,540.144,Entrance Exit Ramp Interchange,0,0,No Accident,ANGLE (Front To Side)(Other Than Left Turn),Daylight,Clear,Dry,Driver,18,Male,Southeast,Making Right Turn,Other,No Apparent Influence,No Apparent Influence,Driver,26,Male,South,Going Straight Ahead,No Improper Action,No Apparent Influence,No Apparent Influence,33.43551378,-111.9262447
-111.9262728,33.4117206,1112,2630803,2012/03/16 15:04:00+00,2012,Rural Rd,Vista Del Cerro Dr,459.888,Not Junction Related,0,0,No Accident,Rear End,Daylight,Clear,Dry,Driver,18,Female,North,Going Straight Ahead,Speed To Fast For Conditions,No Apparent Influence,No Apparent Influence,Driver,41,Female,North,Stopped In Trafficway,No Improper Action,No Apparent Influence,No Apparent Influence,33.4117206,-111.9262728
-111.9262776,33.42865358,1129,2648008,2012/04/05 19:24:00+00,2012,Rural Rd,Rio Salado Pkwy,-70.224,Intersection Related Non Interchange,0,0,No Accident,Rear End,Daylight,Clear,Dry,Driver,19,Female,North,Going Straight Ahead,Inattention Distraction,No Apparent Influence,No Apparent Influence,Driver,43,Male,North,Stopped In Trafficway,No Improper Action,No Apparent Influence,No Apparent Influence,33.42865358,-111.9262776
-111.9262718,33.40992595,1159,2655496,2012/03/27 20:28:00+00,2012,Rural Rd,Vista Del Cerro Dr,-70.224,Intersection Related Interchange,0,0,No Accident,Rear End,Daylight,Clear,Dry,Driver,20,Female,North,Going Straight Ahead,Inattention Distraction,No Apparent Influence,No Apparent Influence,Driver,22,Male,North,Slowing In Trafficway,No Improper Action,No Apparent Influence,No Apparent Influence,33.40992595,-111.9262718
-111.9262827,33.4155815,1199,2600026,2012/03/30 03:20:00+00,2012,Rural Rd,Apache Blvd,299.904,Not Junction Related,0,0,No Accident,Sideswipe Opposite Direction,Dark Lighted,Clear,Dry,Driver,26,Male,South,Changing Lanes,Unsafe Lane Change,No Apparent Influence,No Apparent Influence,Driver,20,Male,South,Going Straight Ahead,No Improper Action,No Apparent Influence,No Apparent Influence,33.4155815,-111.9262827
-111.9265094,33.38353549,1215,2625858,2012/05/02 00:14:00+00,2012,Rural Rd,Lakeshore Dr,469.92,Driveway,0,0,No Accident,Rear End,Daylight,Clear,Dry,Driver,21,Female,North,Going Straight Ahead,Speed To Fast For Conditions,No Apparent Influence,No Apparent Influence,Driver,111,Unknown,North,Stopped In Trafficway,No Improper Action,No Apparent Influence,No Apparent Influence,33.38353549,-111.9265094
-111.9263142,33.39339104,1219,2650835,2012/05/02 03:32:00+00,2012,Rural Rd,Southern Ave,157.872,Not Junction Related,0,0,No Accident,ANGLE (Front To Side)(Other Than Left Turn),Dark Lighted,Clear,Dry,Driver,21,Male,East,Making Left Turn,Failed To Yield Right Of Way,No Apparent Influence,No Apparent Influence,Driver,70,Female,South,Going Straight Ahead,No Improper Action,No Apparent Influence,No Apparent Influence,33.39339104,-111.9263142
-111.926299,33.42253258,1228,2650826,2012/05/02 20:59:00+00,2012,Rural Rd,University Dr,184.8,Not Junction Related,0,0,No Accident,Rear End,Daylight,Clear,Dry,Driver,17,Female,Unknown,Going Straight Ahead,Speed To Fast For Conditions,No Apparent Influence,No Apparent Influence,Driver,31,Male,Unknown,Stopped In Trafficway,No Improper Action,No Apparent Influence,No Apparent Influence,33.42253258,-111.926299
-111.926285,33.41574161,1247,2655334,2012/05/03 21:11:00+00,2012,Rural Rd,Lemon St,-397.056,Not Junction Related,0,0,No Accident,Sideswipe Same Direction,Daylight,Clear,Dry,Driver,44,Male,South,Overtaking Passing,Other,No Apparent Influence,No Apparent Influence,Driver,33,Male,South,Stopped In Trafficway,No Improper Action,No Apparent Influence,No Apparent Influence,33.41574161,-111.926285
-111.926281,33.41510054,1253,2625699,2012/05/04 03:35:00+00,2012,Rural Rd,Apache Blvd,125.136,Not Junction Related,0,0,No Accident,Sideswipe Same Direction,Dark Lighted,Clear,Dry,Driver,23,Male,South,Changing Lanes,Unsafe Lane Change,No Apparent Influence,No Apparent Influence,Driver,39,Male,South,Going Straight Ahead,No Improper Action,No Apparent Influence,No Apparent Influence,33.41510054,-111.926281
-111.9262534,33.4337767,1258,2648769,2012/05/04 18:54:00+00,2012,Rural Rd,Playa Del Norte,-92.928,Not Junction Related,0,0,No Accident,Rear End,Daylight,Clear,Dry,Driver,27,Male,South,Going Straight Ahead,Followed Too Closely,No Apparent Influence,No Apparent Influence,Driver,25,Female,South,Stopped In Trafficway,No Improper Action,No Apparent Influence,No Apparent Influence,33.4337767,-111.9262534
-111.9262489,33.43422205,1260,2625801,2012/04/21 02:43:00+00,2012,Rural Rd,Playa Del Norte,70.224,Intersection Related Non Interchange,0,0,No Accident,Sideswipe Same Direction,Dark Lighted,Clear,Dry,Driver,111,Unknown,South,Changing Lanes,Unsafe Lane Change,No Apparent Influence,No Apparent Influence,Driver,23,Male,South,Slowing In Trafficway,No Improper Action,No Apparent Influence,No Apparent Influence,33.43422205,-111.9262489
-111.9262878,33.40422659,1356,2629958,2012/04/20 01:21:00+00,2012,Rural Rd,Broadmor Dr,264,Driveway,0,0,No Accident,Head On,Daylight,Clear,Dry,Driver,61,Male,South,Stopped In Trafficway,Unknown,No Apparent Influence,No Apparent Influence,Driver,19,Male,North,Going Straight Ahead,Unknown,No Apparent Influence,No Apparent Influence,33.40422659,-111.9262878
-111.9262806,33.41465871,1404,2655706,2012/05/05 20:56:00+00,2012,Rural Rd,Apache Blvd,-35.904,Intersection Related Interchange,0,0,No Accident,Rear End,Daylight,Clear,Dry,Driver,37,Male,North,Going Straight Ahead,Speed To Fast For Conditions,No Apparent Influence,No Apparent Influence,Driver,22,Male,North,Stopped In Trafficway,No Improper Action,No Apparent Influence,No Apparent Influence,33.41465871,-111.9262806
-111.9286742,33.37847508,1430,2647628,2012/04/11 23:46:00+00,2012,Rural Rd,Baseline Rd,83.952,Intersection Related Non Interchange,0,0,No Accident,Rear End,Daylight,Clear,Dry,Driver,22,Male,South,Going Straight Ahead,Speed To Fast For Conditions,No Apparent Influence,No Apparent Influence,Driver,21,Female,South,Stopped In Trafficway,No Improper Action,No Apparent Influence,No Apparent Influence,33.37847508,-111.9286742
-111.9262748,33.41268814,1434,2640132,2012/04/12 01:51:00+00,2012,Rural Rd,Spence Ave,-67.056,Not Junction Related,0,0,No Accident,Rear End,Dusk,Clear,Dry,Driver,24,Female,South,Going Straight Ahead,Speed To Fast For Conditions,No Apparent Influence,No Apparent Influence,Driver,31,Male,South,Stopped In Trafficway,No Improper Action,No Apparent Influence,No Apparent Influence,33.41268814,-111.9262748
-111.9286718,33.37706877,1447,2648410,2012/04/13 16:57:00+00,2012,Rural Rd,Baseline Rd,-428.208,Driveway,0,0,No Accident,ANGLE (Front To Side)(Other Than Left Turn),Daylight,Clear,Dry,Driver,34,Female,East,Making Left Turn,Other,No Apparent Influence,No Apparent Influence,Driver,39,Female,South,Going Straight Ahead,No Improper Action,No Apparent Influence,No Apparent Influence,33.37706877,-111.9286718
-111.9262708,33.40760738,1457,2617651,2012/04/15 04:32:00+00,2012,Rural Rd,Broadway Rd,40.128,Intersection Related Non Interchange,0,0,No Accident,Rear End,Dark Lighted,Clear,Dry,Driver,111,Unknown,South,Going Straight Ahead,Speed To Fast For Conditions,No Apparent Influence,No Apparent Influence,Driver,23,Male,South,Stopped In Trafficway,No Improper Action,No Apparent Influence,No Apparent Influence,33.40760738,-111.9262708
-111.928466,33.34897959,1461,2627055,2012/04/15 19:11:00+00,2012,Rural Rd,Elliot Rd,-76.032,Intersection Related Non Interchange,0,0,No Accident,Rear End,Daylight,Clear,Dry,Driver,23,Male,North,Slowing In Trafficway,Speed To Fast For Conditions,No Apparent Influence,No Apparent Influence,Driver,63,Male,North,Stopped In Trafficway,No Improper Action,No Apparent Influence,No Apparent Influence,33.34897959,-111.928466
-111.9286757,33.37764566,1468,2613451,2012/04/16 15:11:00+00,2012,Rural Rd,Baseline Rd,-218.064,Intersection Related Non Interchange,0,0,No Accident,Sideswipe Same Direction,Daylight,Clear,Dry,Driver,64,Female,North,Changing Lanes,Unsafe Lane Change,No Apparent Influence,No Apparent Influence,Driver,111,Unknown,North,Going Straight Ahead,Unknown,No Apparent Influence,No Apparent Influence,33.37764566,-111.9286757
-111.9286751,33.37807716,1480,2647930,2012/04/27 18:06:00+00,2012,Rural Rd,Baseline Rd,-61.248,Intersection Related Non Interchange,0,0,No Accident,Rear End,Daylight,Clear,Dry,Driver,85,Male,North,Going Straight Ahead,Inattention Distraction,No Apparent Influence,No Apparent Influence,Driver,67,Male,North,Making Right Turn,No Improper Action,No Apparent Influence,No Apparent Influence,33.37807716,-111.9286751
-111.9266591,33.38266821,1486,2655648,2012/04/28 01:13:00+00,2012,Rural Rd,Lakeshore Dr,149.952,Not Junction Related,0,0,No Accident,Sideswipe Same Direction,Daylight,Clear,Dry,Driver,111,Unknown,South,Changing Lanes,Unknown,No Apparent Influence,No Apparent Influence,Driver,23,Female,South,Going Straight Ahead,No Improper Action,No Apparent Influence,No Apparent Influence,33.38266821,-111.9266591
-111.9262713,33.40738919,1522,2629905,2012/04/08 05:14:00+00,2012,Rural Rd,Broadway Rd,-40.128,Intersection Related Non Interchange,0,0,No Accident,Rear To Rear,Dark Lighted,Clear,Dry,Driver,17,Female,Unknown,Slowing In Trafficway,Inattention Distraction,No Apparent Influence,No Apparent Influence,Driver,26,Female,Unknown,Stopped In Trafficway,No Improper Action,No Apparent Influence,No Apparent Influence,33.40738919,-111.9262713
-111.9262521,33.43395799,1537,2630019,2012/04/09 20:19:00+00,2012,Rural Rd,Playa Del Norte,-26.928,Intersection Related Non Interchange,0,0,No Accident,Rear End,Daylight,Clear,Dry,Driver,19,Male,Northeast,Making Right Turn,Followed Too Closely,No Apparent Influence,No Apparent Influence,Driver,52,Male,Northeast,Making Right Turn,No Improper Action,No Apparent Influence,No Apparent Influence,33.43395799,-111.9262521
-111.926272,33.40725183,1553,2640212,2012/04/11 13:41:00+00,2012,Rural Rd,Broadway Rd,-89.76,255,0,0,No Accident,Rear End,Daylight,Clear,Dry,Driver,19,Female,North,Going Straight Ahead,Speed To Fast For Conditions,No Apparent Influence,No Apparent Influence,Driver,32,Female,North,Making Right Turn,No Improper Action,No Apparent Influence,No Apparent Influence,33.40725183,-111.926272
-111.9262709,33.40773105,1556,2640201,2012/04/11 19:12:00+00,2012,Rural Rd,Broadway Rd,85.008,Intersection Related Non Interchange,0,0,No Accident,Rear End,Daylight,Clear,Dry,Driver,86,Male,South,Slowing In Trafficway,Speed To Fast For Conditions,No Apparent Influence,No Apparent Influence,Driver,55,Male,South,Stopped In Trafficway,No Improper Action,No Apparent Influence,No Apparent Influence,33.40773105,-111.9262709
-111.926315,33.39283102,1561,2631012,2012/04/21 20:37:00+00,2012,Rural Rd,Southern Ave,-45.936,Intersection Related Non Interchange,0,0,No Accident,Rear End,Daylight,Clear,Dry,Driver,25,Female,North,Going Straight Ahead,Speed To Fast For Conditions,No Apparent Influence,No Apparent Influence,Driver,40,Male,North,Stopped In Trafficway,No Improper Action,No Apparent Influence,No Apparent Influence,33.39283102,-111.926315
-111.9263178,33.39268831,1562,2626848,2012/04/21 20:53:00+00,2012,Rural Rd,Southern Ave,-98.208,Intersection Related Non Interchange,0,0,No Accident,Rear End,Daylight,Clear,Dry,Driver,58,Male,North,Going Straight Ahead,Speed To Fast For Conditions,No Apparent Influence,No Apparent Influence,Driver,20,Male,North,Going Straight Ahead,Speed To Fast For Conditions,No Apparent Influence,No Apparent Influence,33.39268831,-111.9263178
-111.9262725,33.41108581,1578,2629960,2012/04/24 15:41:00+00,2012,Rural Rd,Spence Ave,-649.968,Unknown,0,0,No Accident,Unknown,Daylight,Unknown,Unknown,Driver,20,Male,Unknown,Unknown,Unknown,No Apparent Influence,No Apparent Influence,Driver,19,Female,Unknown,Unknown,Unknown,No Apparent Influence,No Apparent Influence,33.41108581,-111.9262725
-111.9262806,33.41393314,1579,2622485,2012/04/24 15:47:00+00,2012,Rural Rd,Apache Blvd,-299.904,Not Junction Related,0,0,No Accident,Rear End,Daylight,Clear,Dry,Driver,22,Female,North,Going Straight Ahead,No Improper Action,No Apparent Influence,No Apparent Influence,Driver,26,Female,North,Going Straight Ahead,No Improper Action,No Apparent Influence,No Apparent Influence,33.41393314,-111.9262806