X,Y,OBJECTID,Incidentid,DateTime,Year,StreetName,CrossStreet,Distance,JunctionRelation,Totalinjuries,TotalAccidentities,EventSeverity,Collisionmanner,Lightcondition,Weather,SurfaceCondition,Unittype_One,Age_Drv1,Gender_Drv1,Traveldirection_One,Unitaction_One,Violation1_Drv1,AlcoholUse_Drv1,DrugUse_Drv1,Unittype_Two,Age_Drv2,Gender_Drv2,Traveldirection_Two,Unitaction_Two,Violation1_Drv2,AlcoholUse_Drv2,DrugUse_Drv2,Latitude,Longitude
-111.9262993,33.42249412,1605,2638536,2012/06/10 19:12:00+00,2012,Rural Rd,University Dr,171.072,Intersection Related Non Interchange,0,0,No Accident,Rear End,Daylight,Clear,Dry,Driver,20,Male,South,Going Straight Ahead,Inattention Distraction,No Apparent Influence,No Apparent Influence,Driver,45,Female,South,Going Straight Ahead,No Improper Action,No Apparent Influence,No Apparent Influence,33.42249412,-111.9262993
-111.9263047,33.3981023,1631,2627656,2012/05/29 13:38:00+00,2012,Rural Rd,Campus Dr,-170.016,Not Junction Related,0,0,No Accident,Sideswipe Same Direction,Daylight,Clear,Dry,Driver,24,Male,North,Going Straight Ahead,No Improper Action,No Apparent Influence,No Apparent Influence,Driver,33,Male,North,Going Straight Ahead,No Improper Action,No Apparent Influence,No Apparent Influence,33.3981023,-111.9263047
-111.9561175,33.44870266,1963,2629225,2012/05/22 19:22:00+00,2012,Salt River Dr,Priest Dr,0,Intersection Non Interchange,2,0,Accident,Left Turn,Daylight,Clear,Dry,Driver,65,Female,Northeast,Making Left Turn,Other,No Apparent Influence,No Apparent Influence,Driver,29,Male,South,Going Straight Ahead,No Improper Action,No Apparent Influence,No Apparent Influence,33.44870266,-111.9561175
-111.9264587,33.45112178,46,2593685,2012/01/04 22:30:00+00,2012,Scottsdale Rd,Mckellips Rd,-42.24,Intersection Related Non Interchange,1,0,Accident,Left Turn,Daylight,Clear,Dry,Driver,255,0,Southwest,Making Left Turn,Failed To Keep In Proper Lane,No Apparent Influence,No Apparent Influence,Pedestrian,18,Male,East,Crossing Road,No Improper Action,No Apparent Influence,No Apparent Influence,33.45112178,-111.9264587
-111.9263251,33.44050403,434,2595172,2012/02/20 23:05:00+00,2012,Scottsdale Rd,Curry Rd,78.144,Not Junction Related,1,0,Accident,Rear End,Daylight,Clear,Dry,Driver,26,Female,South,Going Straight Ahead,Inattention Distraction,No Apparent Influence,No Apparent Influence,Driver,30,Male,South,Stopped In Trafficway,No Improper Action,No Apparent Influence,No Apparent Influence,33.44050403,-111.9263251
-111.926327,33.44056435,566,2608340,2012/03/04 01:52:00+00,2012,Scottsdale Rd,Curry Rd,99.792,Intersection Related Non Interchange,2,0,Accident,Rear End,Dark Lighted,Clear,Dry,Driver,41,Male,South,Going Straight Ahead,Inattention Distraction,Alcohol,No Apparent Influence,Driver,19,Male,South,Stopped In Trafficway,No Improper Action,No Apparent Influence,No Apparent Influence,33.44056435,-111.926327
-111.926441,33.44655947,1157,2646297,2012/03/27 05:43:00+00,2012,Scottsdale Rd,Hancock Ave,-33.792,Intersection Non Interchange,1,0,Accident,ANGLE (Front To Side)(Other Than Left Turn),Dark Lighted,Clear,Dry,Pedestrian,52,Male,West,Crossing Road,Failed To Yield Right Of Way,Alcohol,Drugs,Driver,24,Female,South,Going Straight Ahead,No Improper Action,No Apparent Influence,No Apparent Influence,33.44655947,-111.926441
-111.9264135,33.44347639,1441,2626850,2012/04/12 21:35:00+00,2012,Scottsdale Rd,Weber Dr,-184.8,Driveway,1,0,Accident,Left Turn,Daylight,Clear,Dry,Driver,46,Female,East,Making Left Turn,Other,No Apparent Influence,No Apparent Influence,Driver,35,Female,South,Going Straight Ahead,No Improper Action,No Apparent Influence,No Apparent Influence,33.44347639,-111.9264135
-111.9264532,33.44901088,1693,2627612,2012/05/18 01:02:00+00,2012,Scottsdale Rd,Cavalier Dr,0,Intersection Non Interchange,1,0,Accident,Left Turn,Daylight,Clear,Dry,Driver,24,Male,North,Making Left Turn,Other,No Apparent Influence,No Apparent Influence,Driver,29,Male,South,Going Straight Ahead,No Improper Action,No Apparent Influence,No Apparent Influence,33.44901088,-111.9264532
-111.9264293,33.4443575,1709,2629262,2012/05/19 02:35:00+00,2012,Scottsdale Rd,Weber Dr,136.224,Intersection Related Non Interchange,1,0,Accident,ANGLE (Front To Side)(Other Than Left Turn),Dark Lighted,Clear,Dry,Pedestrian,45,Male,West,Crossing Road,Did Not Use Crosswalk,Alcohol,No Apparent Influence,Driver,85,Male,South,Going Straight Ahead,No Improper Action,No Apparent Influence,No Apparent Influence,33.4443575,-111.9264293
-111.9264321,33.44488252,1720,2627359,2012/05/20 22:10:00+00,2012,Scottsdale Rd,Weber Dr,326.832,Thru Roadway,1,0,Accident,Rear End,Daylight,Clear,Dry,Driver,20,Female,South,Going Straight Ahead,Speed To Fast For Conditions,No Apparent Influence,No Apparent Influence,Driver,27,Female,South,Slowing In Trafficway,No Improper Action,No Apparent Influence,No Apparent Influence,33.44488252,-111.9264321
-111.9264439,33.44674065,1888,2638535,2012/06/18 03:46:00+00,2012,Scottsdale Rd,Hancock Ave,32.208,Intersection Related Non Interchange,2,0,Accident,Rear End,Dark Lighted,Clear,Dry,Driver,29,Female,South,Going Straight Ahead,Speed To Fast For Conditions,No Apparent Influence,No Apparent Influence,Driver,58,Male,South,Stopped In Trafficway,No Improper Action,No Apparent Influence,No Apparent Influence,33.44674065,-111.9264439
-111.9264584,33.45094308,1923,2650832,2012/05/14 19:20:00+00,2012,Scottsdale Rd,Mckellips Rd,-107.184,Intersection Related Non Interchange,1,0,Accident,Rear End,Daylight,Clear,Dry,Driver,30,Female,North,Going Straight Ahead,Inattention Distraction,No Apparent Influence,No Apparent Influence,Driver,27,Female,North,Stopped In Trafficway,No Improper Action,No Apparent Influence,No Apparent Influence,33.45094308,-111.9264584
-111.9264469,33.44726837,2001,2650797,2012/07/13 21:52:00+00,2012,Scottsdale Rd,Hancock Ave,223.872,Not Junction Related,1,0,Accident,Rear End,Daylight,Cloudy,Dry,Driver,56,Male,South,Going Straight Ahead,Speed To Fast For Conditions,No Apparent Influence,No Apparent Influence,Driver,53,Male,South,Slowing In Trafficway,No Improper Action,No Apparent Influence,No Apparent Influence,33.44726837,-111.9264469
-111.9263253,33.44039962,2440,2665136,2012/08/23 19:54:00+00,2012,Scottsdale Rd,Curry Rd,40.128,Intersection Related Non Interchange,1,0,Accident,ANGLE (Front To Side)(Other Than Left Turn),Daylight,Clear,Dry,Pedestrian,19,Male,West,Crossing Road,Unknown,No Apparent Influence,No Apparent Influence,Driver,44,Male,South,Going Straight Ahead,Unknown,No Apparent Influence,No Apparent Influence,33.44039962,-111.9263253
-111.9263864,33.44249848,2998,2676369,2012/10/01 02:08:00+00,2012,Scottsdale Rd,Tempe Dr,99.792,Intersection Related Non Interchange,1,0,Accident,Single Vehicle,Dark Lighted,Clear,Dry,Driver,22,Female,North,Avoiding Vehicle Object Pedestrian,Speed To Fast For Conditions,Alcohol,No Apparent Influence,0,0,0,0,0,0,0,0,33.44249848,-111.9263864
-111.9264241,33.44376987,3005,2674875,2012/10/01 20:59:00+00,2012,Scottsdale Rd,Weber Dr,-78.144,Intersection Related Non Interchange,2,0,Accident,Rear End,Daylight,Clear,Dry,Driver,29,Male,North,Going Straight Ahead,Inattention Distraction,No Apparent Influence,No Apparent Influence,Driver,57,Male,North,Stopped In Trafficway,No Improper Action,No Apparent Influence,No Apparent Influence,33.44376987,-111.9264241
-111.926246,33.43488973,3204,2674872,2012/10/19 00:06:00+00,2012,Scottsdale Rd,State Route 202 Exit 7 T-Ramp,-200.112,Not Junction Related,1,0,Accident,Sideswipe Same Direction,Dusk,Clear,Dry,Driver,32,Male,South,Making Right Turn,Inattention Distraction,No Apparent Influence,No Apparent Influence,Pedalcyclist,64,Female,South,Going Straight Ahead,No Improper Action,No Apparent Influence,No Apparent Influence,33.43488973,-111.926246
-111.9264444,33.44682031,3447,2675639,2012/11/03 18:29:00+00,2012,Scottsdale Rd,Hancock Ave,61.248,Not Junction Related,1,0,Accident,Sideswipe Same Direction,Daylight,Clear,Dry,Driver,42,Male,North,Going Straight Ahead,Unknown,No Apparent Influence,No Apparent Influence,Driver,23,Female,North,Going Straight Ahead,Unknown,No Apparent Influence,No Apparent Influence,33.44682031,-111.9264444
-111.9264276,33.44417942,3587,2678009,2012/10/30 01:56:00+00,2012,Scottsdale Rd,Hancock Ave,-900.24,Not Junction Related,1,0,Accident,Rear End,Dark Lighted,Clear,Dry,Driver,63,Female,South,Going Straight Ahead,Inattention Distraction,No Apparent Influence,No Apparent Influence,Driver,52,Female,South,Slowing In Trafficway,No Improper Action,No Apparent Influence,No Apparent Influence,33.44417942,-111.9264276
-111.9264593,33.45107219,3779,2670104,2012/11/14 22:50:00+00,2012,Scottsdale Rd,Mckellips Rd,-60.192,Intersection Related Non Interchange,1,0,Accident,Single Vehicle,Daylight,Clear,Dry,Driver,23,Male,South,Going Straight Ahead,No Improper Action,No Apparent Influence,No Apparent Influence,0,0,0,0,0,0,0,0,33.45107219,-111.9264593
-111.9263169,33.44011215,3848,2677979,2012/11/08 10:37:00+00,2012,Scottsdale Rd,Curry Rd,-64.944,Intersection Related Non Interchange,1,0,Accident,Single Vehicle,Dark Lighted,Clear,Dry,Driver,31,Male,Southeast,Making Right Turn,Speed To Fast For Conditions,Alcohol,No Apparent Influence,0,0,0,0,0,0,0,0,33.44011215,-111.9263169
-111.9264222,33.44370937,3897,2677965,2012/11/16 01:19:00+00,2012,Scottsdale Rd,Weber Dr,-99.792,Not Junction Related,2,0,Accident,ANGLE (Front To Side)(Other Than Left Turn),Dark Lighted,Clear,Dry,Driver,61,Male,East,Making Right Turn,Failed To Yield Right Of Way,No Apparent Influence,No Apparent Influence,Pedestrian,36,Female,North,Going Straight Ahead,No Improper Action,No Apparent Influence,No Apparent Influence,33.44370937,-111.9264222
-111.9262494,33.4368355,3950,2678880,2012/12/03 19:07:00+00,2012,Scottsdale Rd,State Route 202 Exit 7 L-Ramp,64.944,Intersection Related Interchange,1,0,Accident,Rear End,Daylight,Clear,Dry,Driver,19,Male,South,Going Straight Ahead,Speed To Fast For Conditions,No Apparent Influence,No Apparent Influence,Driver,62,Female,South,Stopped In Trafficway,No Improper Action,No Apparent Influence,No Apparent Influence,33.4368355,-111.9262494
-111.9263535,33.44138822,4364,2682409,2013/01/06 03:25:00+00,2013,Scottsdale Rd,Curry Rd,400.224,Not Junction Related,3,0,Accident,Rear End,Dark Lighted,Clear,Dry,Driver,36,Male,South,Going Straight Ahead,Inattention Distraction,No Apparent Influence,No Apparent Influence,Driver,24,Female,South,Stopped In Trafficway,No Improper Action,No Apparent Influence,No Apparent Influence,33.44138822,-111.9263535
-111.9264449,33.44689997,4415,2691300,2013/01/24 02:43:00+00,2013,Scottsdale Rd,Hancock Ave,89.76,Not Junction Related,1,0,Accident,Rear End,Dark Lighted,Clear,Dry,Driver,43,Female,North,Changing Lanes,Inattention Distraction,No Apparent Influence,No Apparent Influence,Driver,29,Male,North,Going Straight Ahead,No Improper Action,No Apparent Influence,No Apparent Influence,33.44689997,-111.9264449
-111.9262453,33.43532942,11,2584437,2012/01/10 20:41:00+00,2012,Scottsdale Rd,State Route 202 Exit 7 P-Ramp,-40.128,Entrance Exit Ramp Interchange,0,0,No Accident,Rear End,Daylight,Clear,Dry,Driver,255,0,North,Going Straight Ahead,Speed To Fast For Conditions,No Apparent Influence,No Apparent Influence,Driver,26,Male,North,Stopped In Trafficway,No Improper Action,No Apparent Influence,No Apparent Influence,33.43532942,-111.9262453
-111.9262452,33.43543934,42,2589149,2012/01/04 15:36:00+00,2012,Scottsdale Rd,State Route 202 Exit 7 T-Ramp,0,Intersection Non Interchange,0,0,No Accident,Sideswipe Same Direction,Daylight,Clear,Dry,Driver,28,Male,Southeast,Making Right Turn,Made Improper Turn,No Apparent Influence,No Apparent Influence,Driver,20,Female,South,Going Straight Ahead,No Improper Action,No Apparent Influence,No Apparent Influence,33.43543934,-111.9262452
-111.926259,33.43741344,65,2597206,2012/01/11 03:00:00+00,2012,Scottsdale Rd,Gilbert Dr,-52.8,Not Junction Related,0,0,No Accident,Rear End,Dark Lighted,Clear,Dry,Driver,20,Female,South,Going Straight Ahead,Speed To Fast For Conditions,No Apparent Influence,No Apparent Influence,Driver,43,Male,South,Going Straight Ahead,No Improper Action,No Apparent Influence,No Apparent Influence,33.43741344,-111.926259
-111.9264573,33.45078375,74,2597045,2012/01/11 23:09:00+00,2012,Scottsdale Rd,Mckellips Rd,-165.264,Driveway,0,0,No Accident,ANGLE (Front To Side)(Other Than Left Turn),Daylight,Clear,Dry,Driver,25,Female,Unknown,Making Left Turn,Failed To Yield Right Of Way,No Apparent Influence,No Apparent Influence,Driver,22,Male,South,Going Straight Ahead,No Improper Action,No Apparent Influence,No Apparent Influence,33.45078375,-111.9264573
-111.9262509,33.43700893,297,2589852,2012/01/09 20:38:00+00,2012,Scottsdale Rd,Gilbert Dr,-200.112,Not Junction Related,0,0,No Accident,Sideswipe Same Direction,Daylight,Clear,Dry,Driver,83,Female,North,Making Right Turn,Unsafe Lane Change,No Apparent Influence,No Apparent Influence,Driver,66,Male,North,Going Straight Ahead,No Improper Action,No Apparent Influence,No Apparent Influence,33.43700893,-111.9262509
-111.9262526,33.43651951,570,2594927,2012/03/04 04:50:00+00,2012,Scottsdale Rd,State Route 202 Exit 7 X-Ramp,-50.16,Intersection Related Non Interchange,0,0,No Accident,Rear End,Dark Lighted,Clear,Dry,Driver,255,0,North,Going Straight Ahead,Speed To Fast For Conditions,No Apparent Influence,No Apparent Influence,Driver,24,Female,North,Going Straight Ahead,No Improper Action,No Apparent Influence,No Apparent Influence,33.43651951,-111.9262526
-111.9262454,33.43531018,614,2589057,2012/02/09 23:13:00+00,2012,Scottsdale Rd,State Route 202 Exit 7 T-Ramp,-46.992,Intersection Related Interchange,0,0,No Accident,Rear End,Daylight,Clear,Dry,Driver,32,Male,North,Going Straight Ahead,Other,No Apparent Influence,No Apparent Influence,Driver,32,Male,North,Stopped In Trafficway,No Improper Action,No Apparent Influence,No Apparent Influence,33.43531018,-111.9262454
-111.9264469,33.44776583,637,2599652,2012/02/15 14:56:00+00,2012,Scottsdale Rd,Hancock Ave,404.976,Not Junction Related,0,0,No Accident,Rear End,Daylight,Clear,Dry,Driver,21,Female,North,Going Straight Ahead,Inattention Distraction,No Apparent Influence,No Apparent Influence,Driver,21,Female,North,Slowing In Trafficway,No Improper Action,No Apparent Influence,No Apparent Influence,33.44776583,-111.9264469
-111.9264431,33.44665276,820,2648402,2012/04/03 00:20:00+00,2012,Scottsdale Rd,Hancock Ave,0,Intersection Related Interchange,0,0,No Accident,Left Turn,Daylight,Clear,Dry,Driver,23,Female,Northwest,Making Left Turn,Made Improper Turn,No Apparent Influence,No Apparent Influence,Driver,19,Female,South,Going Straight Ahead,No Improper Action,No Apparent Influence,No Apparent Influence,33.44665276,-111.9264431
-111.9264586,33.45097329,835,2655600,2012/03/20 16:06:00+00,2012,Scottsdale Rd,Mckellips Rd,-96.096,Intersection Related Non Interchange,0,0,No Accident,Sideswipe Same Direction,Daylight,Clear,Dry,Driver,25,Female,North,Going Straight Ahead,Unknown,No Apparent Influence,No Apparent Influence,Driver,30,Female,North,Going Straight Ahead,Unknown,No Apparent Influence,No Apparent Influence,33.45097329,-111.9264586
-111.9262476,33.43569225,1097,2622430,2012/03/15 10:03:00+00,2012,Scottsdale Rd,State Route 202 Exit 7 A-Ramp,-10.032,Intersection Related Non Interchange,0,0,No Accident,Sideswipe Opposite Direction,Dark Lighted,Clear,Dry,Driver,21,Male,South,Going Straight Ahead,Drove Rode In Opposing Traffic Lane,Alcohol,No Apparent Influence,Driver,28,Male,North,Stopped In Trafficway,No Improper Action,No Apparent Influence,No Apparent Influence,33.43569225,-111.9262476
-111.9263891,33.44262196,1188,2630148,2012/03/29 04:36:00+00,2012,Scottsdale Rd,Tempe Dr,145.2,Not Junction Related,0,0,No Accident,Single Vehicle,Dark Lighted,Clear,Dry,Driver,30,Female,South,Going Straight Ahead,Failed To Keep In Proper Lane,Alcohol,Drugs,0,0,0,0,0,0,0,0,33.44262196,-111.9263891
-111.9264592,33.45109214,1263,2629226,2012/05/09 02:45:00+00,2012,Scottsdale Rd,Mckellips Rd,-52.8,Not Junction Related,0,0,No Accident,ANGLE (Front To Side)(Other Than Left Turn),Dark Lighted,Clear,Dry,Driver,41,Female,West,Making Left Turn,Other,No Apparent Influence,No Apparent Influence,Driver,30,Male,North,Going Straight Ahead,No Improper Action,No Apparent Influence,No Apparent Influence,33.45109214,-111.9264592
-111.9262618,33.43755835,1295,2655724,2012/05/11 00:53:00+00,2012,Scottsdale Rd,Gilbert Dr,0,Intersection Non Interchange,0,0,No Accident,ANGLE (Front To Side)(Other Than Left Turn),Daylight,Clear,Dry,Driver,21,Male,North,Making Left Turn,Failed To Yield Right Of Way,No Apparent Influence,No Apparent Influence,Driver,30,Female,South,Going Straight Ahead,No Improper Action,No Apparent Influence,No Apparent Influence,33.43755835,-111.9262618
-111.9264264,33.44398408,1331,2630906,2012/04/18 00:15:00+00,2012,Scottsdale Rd,Weber Dr,0,Intersection Related Non Interchange,0,0,No Accident,Sideswipe Same Direction,Daylight,Clear,Dry,Driver,18,Female,North,Going Straight Ahead,Failed To Keep In Proper Lane,No Apparent Influence,No Apparent Influence,Driver,49,Male,North,Going Straight Ahead,No Improper Action,No Apparent Influence,No Apparent Influence,33.44398408,-111.9264264
-111.9264327,33.4450144,1346,2617649,2012/04/19 05:17:00+00,2012,Scottsdale Rd,Weber Dr,374.88,Driveway,0,0,No Accident,ANGLE (Front To Side)(Other Than Left Turn),Dark Lighted,Clear,Dry,Driver,30,Female,West,Making Right Turn,Made Improper Turn,No Apparent Influence,No Apparent Influence,Driver,24,Male,West,Stopped In Trafficway,No Improper Action,No Apparent Influence,No Apparent Influence,33.4450144,-111.9264327
-111.9264533,33.4492152,1568,2630929,2012/04/22 23:07:00+00,2012,Scottsdale Rd,Cavalier Dr,74.976,Intersection Related Non Interchange,0,0,No Accident,Sideswipe Same Direction,Daylight,Clear,Dry,Driver,20,Male,South,Changing Lanes,Unsafe Lane Change,No Apparent Influence,No Apparent Influence,Driver,61,Male,South,Going Straight Ahead,No Improper Action,No Apparent Influence,No Apparent Influence,33.4492152,-111.9264533
-111.9264592,33.4510612,1600,2647969,2012/04/26 22:04:00+00,2012,Scottsdale Rd,Mckellips Rd,-63.888,Intersection Related Non Interchange,0,0,No Accident,Rear End,Daylight,Clear,Dry,Driver,21,Male,North,Going Straight Ahead,Speed To Fast For Conditions,No Apparent Influence,No Apparent Influence,Driver,31,Male,North,Stopped In Trafficway,No Improper Action,No Apparent Influence,No Apparent Influence,33.4510612,-111.9264592
-111.9318351,33.37053322,1050,2650808,2012/03/11 01:47:00+00,2012,Sesame St,College Ave,89.76,Intersection Related Non Interchange,1,0,Accident,Rear End,Daylight,Clear,Dry,Driver,60,Male,East,Going Straight Ahead,Inattention Distraction,No Apparent Influence,No Apparent Influence,Driverless,0,0,East,Properly Parked,0,0,0,33.37053322,-111.9318351
-111.8995844,33.37073306,2691,2641909,2012/08/07 22:42:00+00,2012,Sesame St,Country Club Way,23.232,Intersection Related Non Interchange,1,0,Accident,Single Vehicle,Daylight,Clear,Dry,Driver,28,Male,North,Going Straight Ahead,Failed To Keep In Proper Lane,No Apparent Influence,No Apparent Influence,0,0,0,0,0,0,0,0,33.37073306,-111.8995844
-111.8965888,33.36384201,1606,2628136,2012/05/12 16:35:00+00,2012,Shannon Cir,Guadalupe Rd,5.808,Intersection Related Non Interchange,1,0,Accident,ANGLE (Front To Side)(Other Than Left Turn),Daylight,Clear,Dry,Driver,37,Male,South,Making Right Turn,Failed To Yield Right Of Way,No Apparent Influence,No Apparent Influence,Pedestrian,79,Female,East,Crossing Road,No Improper Action,No Apparent Influence,No Apparent Influence,33.36384201,-111.8965888
-111.8936045,33.42738501,45,2595928,2012/01/04 21:10:00+00,2012,Siesta Ln,Rio Salado Pkwy,-720.192,Not Junction Related,0,0,No Accident,Other,Daylight,Clear,Dry,Driver,48,Female,North,Backing,Inattention Distraction,No Apparent Influence,No Apparent Influence,Driverless,0,0,South,Properly Parked,0,0,0,33.42738501,-111.8936045
-111.9005101,33.4218304,1177,2611759,2012/03/28 17:17:00+00,2012,Smith Rd,University Dr,-99.792,Not Junction Related,1,0,Accident,ANGLE (Front To Side)(Other Than Left Turn),Daylight,Clear,Dry,Driver,111,Unknown,North,Going Straight Ahead,Unknown,No Apparent Influence,No Apparent Influence,Pedestrian,83,Male,West,Other,Unknown,No Apparent Influence,No Apparent Influence,33.4218304,-111.9005101
-111.9004484,33.42738035,662,2603239,2012/02/28 15:04:00+00,2012,Smith Rd,3rd St,0,Intersection Non Interchange,0,0,No Accident,Sideswipe Same Direction,Daylight,Clear,Dry,Driver,21,Female,South,Going Straight Ahead,Unknown,No Apparent Influence,No Apparent Influence,Driver,41,Female,Southwest,Making Right Turn,Unknown,No Apparent Influence,No Apparent Influence,33.42738035,-111.9004484
-111.9274585,33.39294961,40,2598825,2012/01/04 14:51:00+00,2012,Southern Ave,Rural Rd,-350.064,Not Junction Related,1,0,Accident,Single Vehicle,Daylight,Clear,Dry,Driver,34,Male,West,Going Straight Ahead,No Improper Action,No Apparent Influence,No Apparent Influence,0,0,0,0,0,0,0,0,33.39294961,-111.9274585
-111.9286637,33.39294212,69,2597172,2012/01/11 17:19:00+00,2012,Southern Ave,Mcallister Ave,595.056,Not Junction Related,2,0,Accident,Left Turn,Daylight,Clear,Dry,Driver,88,Male,South,Making Left Turn,Other,No Apparent Influence,No Apparent Influence,Driver,24,Male,East,Going Straight Ahead,No Improper Action,No Apparent Influence,No Apparent Influence,33.39294212,-111.9286637
-111.9615207,33.39287538,96,2599165,2012/01/13 21:43:00+00,2012,Southern Ave,Priest Dr,-232.848,Unknown,1,0,Accident,Rear End,Daylight,Clear,Dry,Driver,54,Male,East,Slowing In Trafficway,Followed Too Closely,No Apparent Influence,No Apparent Influence,Driver,53,Female,East,Stopped In Trafficway,No Improper Action,No Apparent Influence,No Apparent Influence,33.39287538,-111.9615207
-111.8831585,33.39302519,125,2598401,2012/01/28 22:15:00+00,2012,Southern Ave,Evergreen Rd,34.848,Intersection Related Interchange,1,0,Accident,Rear End,Daylight,Clear,Dry,Driver,61,Male,West,Going Straight Ahead,Speed To Fast For Conditions,No Apparent Influence,No Apparent Influence,Driver,24,Female,West,Stopped In Trafficway,No Improper Action,No Apparent Influence,No Apparent Influence,33.39302519,-111.8831585
-111.8903733,33.39294241,148,2589802,2012/01/30 22:26:00+00,2012,Southern Ave,Price Rd,20.064,Intersection Related Interchange,1,0,Accident,Rear End,Daylight,Clear,Dry,Driver,22,Male,West,Going Straight Ahead,Inattention Distraction,Alcohol,No Apparent Influence,Driver,36,Female,West,Stopped In Trafficway,No Improper Action,No Apparent Influence,No Apparent Influence,33.39294241,-111.8903733
-111.9266138,33.39295525,165,2592344,2012/01/31 19:14:00+00,2012,Southern Ave,Rural Rd,-91.872,Intersection Related Non Interchange,1,0,Accident,Rear End,Daylight,Clear,Dry,Driver,31,Male,East,Going Straight Ahead,Inattention Distraction,No Apparent Influence,No Apparent Influence,Driver,36,Female,East,Stopped In Trafficway,No Improper Action,No Apparent Influence,No Apparent Influence,33.39295525,-111.9266138
-111.8815327,33.39303103,172,2592010,2012/01/31 21:27:00+00,2012,Southern Ave,Dobson Rd,-2112,Intersection Related Non Interchange,1,0,Accident,Rear End,Daylight,Clear,Dry,Driver,22,Male,West,Going Straight Ahead,Speed To Fast For Conditions,No Apparent Influence,No Apparent Influence,Driver,19,Female,West,Stopped In Trafficway,No Improper Action,No Apparent Influence,No Apparent Influence,33.39303103,-111.8815327
-111.9387868,33.39286678,179,2598194,2012/02/01 02:42:00+00,2012,Southern Ave,Mill Ave,246.048,Driveway,1,0,Accident,ANGLE (Front To Side)(Other Than Left Turn),Dark Lighted,Clear,Dry,Driver,21,Female,South,Going Straight Ahead,Failed To Yield Right Of Way,No Apparent Influence,No Apparent Influence,Driver,40,Male,East,Going Straight Ahead,No Improper Action,No Apparent Influence,No Apparent Influence,33.39286678,-111.9387868
-111.9113949,33.39298501,225,2598420,2012/01/19 22:42:00+00,2012,Southern Ave,Butte Ave,0,Intersection Non Interchange,1,0,Accident,ANGLE (Front To Side)(Other Than Left Turn),Daylight,Clear,Dry,Driver,34,Female,West,Going Straight Ahead,Disregarded Traffic Signal,No Apparent Influence,No Apparent Influence,Driver,64,Male,South,Making Left Turn,No Improper Action,No Apparent Influence,No Apparent Influence,33.39298501,-111.9113949
-111.9253478,33.39295806,293,2597178,2012/01/09 14:49:00+00,2012,Southern Ave,Rural Rd,295.152,Not Junction Related,1,0,Accident,Rear End,Daylight,Clear,Dry,Driver,59,Male,West,Going Straight Ahead,Speed To Fast For Conditions,No Apparent Influence,No Apparent Influence,Driver,34,Female,West,Stopped In Trafficway,No Improper Action,No Apparent Influence,No Apparent Influence,33.39295806,-111.9253478
-111.9389374,33.39286542,411,2600050,2012/02/18 21:08:00+00,2012,Southern Ave,Mill Ave,200.112,Driveway,2,0,Accident,Left Turn,Daylight,Clear,Dry,Driver,38,Male,North,Making Left Turn,Failed To Yield Right Of Way,No Apparent Influence,No Apparent Influence,Driver,29,Male,East,Going Straight Ahead,No Improper Action,No Apparent Influence,No Apparent Influence,33.39286542,-111.9389374
-111.8921487,33.39295775,440,2591873,2012/02/21 20:00:00+00,2012,Southern Ave,Price Rd,-40.128,Intersection Related Non Interchange,1,0,Accident,Rear End,Daylight,Clear,Dry,Driver,71,Male,East,Going Straight Ahead,Speed To Fast For Conditions,No Apparent Influence,No Apparent Influence,Driver,75,Female,East,Stopped In Trafficway,No Improper Action,No Apparent Influence,No Apparent Influence,33.39295775,-111.8921487
-111.9259146,33.3929578,552,2608256,2012/03/02 06:21:00+00,2012,Southern Ave,Rural Rd,121.968,Intersection Related Non Interchange,1,0,Accident,Rear End,Dark Lighted,Clear,Dry,Driver,22,Male,West,Going Straight Ahead,Inattention Distraction,No Apparent Influence,No Apparent Influence,Driver,54,Female,West,Stopped In Trafficway,No Improper Action,Alcohol,No Apparent Influence,33.3929578,-111.9259146
-111.9379554,33.39287428,627,2595133,2012/02/11 03:14:00+00,2012,Southern Ave,Mill Ave,500.016,Not Junction Related,1,0,Accident,Single Vehicle,Dark Lighted,Clear,Dry,Driver,31,Male,East,Going Straight Ahead,No Improper Action,No Apparent Influence,No Apparent Influence,0,0,0,0,0,0,0,0,33.39287428,-111.9379554
-111.9764845,33.39277331,753,2599681,2012/02/17 13:28:00+00,2012,Southern Ave,Fair Ln,-149.952,Not Junction Related,1,0,Accident,Rear End,Daylight,Clear,Dry,Driver,61,Female,Northwest,Making Left Turn,Failed To Yield Right Of Way,No Apparent Influence,No Apparent Influence,Driver,24,Male,West,Going Straight Ahead,No Improper Action,No Apparent Influence,No Apparent Influence,33.39277331,-111.9764845
-111.931333,33.39292685,831,2630800,2012/03/19 22:23:00+00,2012,Southern Ave,Ventura Dr,61.776,Not Junction Related,1,0,Accident,Sideswipe Same Direction,Daylight,Clear,Dry,Driver,28,Female,West,Changing Lanes,Inattention Distraction,No Apparent Influence,No Apparent Influence,Driver,27,Male,West,Going Straight Ahead,No Improper Action,No Apparent Influence,No Apparent Influence,33.39292685,-111.931333
-111.9617401,33.39287374,901,2608253,2012/03/08 12:52:00+00,2012,Southern Ave,Priest Dr,-299.904,Not Junction Related,1,0,Accident,Left Turn,Dark Lighted,Clear,Dry,Driver,44,Male,North,Making Left Turn,Made Improper Turn,No Apparent Influence,No Apparent Influence,Driver,19,Male,East,Going Straight Ahead,No Improper Action,No Apparent Influence,No Apparent Influence,33.39287374,-111.9617401