X,Y,OBJECTID,Incidentid,DateTime,Year,StreetName,CrossStreet,Distance,JunctionRelation,Totalinjuries,TotalAccidentities,EventSeverity,Collisionmanner,Lightcondition,Weather,SurfaceCondition,Unittype_One,Age_Drv1,Gender_Drv1,Traveldirection_One,Unitaction_One,Violation1_Drv1,AlcoholUse_Drv1,DrugUse_Drv1,Unittype_Two,Age_Drv2,Gender_Drv2,Traveldirection_Two,Unitaction_Two,Violation1_Drv2,AlcoholUse_Drv2,DrugUse_Drv2,Latitude,Longitude
-111.9519704,33.39285368,997,2646032,2012/03/23 23:17:00+00,2012,Southern Ave,Hardy Dr,0,Intersection Non Interchange,2,0,Accident,Left Turn,Daylight,Clear,Dry,Driver,46,Female,West,Making Left Turn,Failed To Yield Right Of Way,No Apparent Influence,No Apparent Influence,Driver,33,Female,East,Going Straight Ahead,No Improper Action,No Apparent Influence,No Apparent Influence,33.39285368,-111.9519704
-111.9387901,33.39286675,1002,2630705,2012/03/24 02:01:00+00,2012,Southern Ave,Mill Ave,244.992,Not Junction Related,3,0,Accident,Rear End,Dark Lighted,Clear,Dry,Driver,22,Male,West,Going Straight Ahead,Speed To Fast For Conditions,No Apparent Influence,No Apparent Influence,Driver,44,Male,West,Slowing In Trafficway,No Improper Action,No Apparent Influence,No Apparent Influence,33.39286675,-111.9387901
-111.9723139,33.39279675,1037,2611013,2012/03/14 00:53:00+00,2012,Southern Ave,Potter Dr,0,Intersection Non Interchange,2,0,Accident,Left Turn,Daylight,Clear,Dry,Driver,82,Male,Southwest,Making Left Turn,Other,No Apparent Influence,No Apparent Influence,Driver,40,Female,East,Going Straight Ahead,No Improper Action,No Apparent Influence,No Apparent Influence,33.39279675,-111.9723139
-111.9258851,33.39295781,1066,2611007,2012/03/13 00:47:00+00,2012,Southern Ave,Rural Rd,130.944,Intersection Related Non Interchange,1,0,Accident,Rear End,Daylight,Clear,Dry,Driver,33,Male,East,Going Straight Ahead,Inattention Distraction,No Apparent Influence,No Apparent Influence,Driver,111,Unknown,East,Stopped In Trafficway,No Improper Action,No Apparent Influence,No Apparent Influence,33.39295781,-111.9258851
-111.9608659,33.39288029,1078,2624383,2012/03/14 03:10:00+00,2012,Southern Ave,Priest Dr,-33.264,Intersection Related Non Interchange,3,0,Accident,Rear End,Dark Lighted,Clear,Dry,Driver,19,Male,East,Going Straight Ahead,Speed To Fast For Conditions,No Apparent Influence,No Apparent Influence,Driver,59,Male,East,Stopped In Trafficway,No Improper Action,No Apparent Influence,No Apparent Influence,33.39288029,-111.9608659
-111.9174124,33.39297708,1081,2629916,2012/04/04 02:21:00+00,2012,Southern Ave,Dorsey Ln,99.792,Intersection Related Non Interchange,1,0,Accident,Rear End,Dark Lighted,Clear,Dry,Driver,39,Female,West,Going Straight Ahead,Inattention Distraction,No Apparent Influence,No Apparent Influence,Driver,18,Female,West,Slowing In Trafficway,No Improper Action,No Apparent Influence,No Apparent Influence,33.39297708,-111.9174124
-111.9369974,33.39288306,1123,2629980,2012/04/04 23:37:00+00,2012,Southern Ave,Mill Ave,792,Not Junction Related,1,0,Accident,Rear End,Daylight,Clear,Dry,Driver,23,Female,East,Going Straight Ahead,Followed Too Closely,No Apparent Influence,No Apparent Influence,Driver,48,Female,East,Stopped In Trafficway,No Improper Action,No Apparent Influence,No Apparent Influence,33.39288306,-111.9369974
-111.904842,33.39296807,1162,2622425,2012/03/27 23:38:00+00,2012,Southern Ave,Los Feliz Dr,0,Intersection Non Interchange,4,0,Accident,ANGLE (Front To Side)(Other Than Left Turn),Daylight,Clear,Dry,Driver,53,Female,West,Going Straight Ahead,Disregarded Traffic Signal,No Apparent Influence,No Apparent Influence,Driver,32,Male,South,Going Straight Ahead,No Improper Action,No Apparent Influence,No Apparent Influence,33.39296807,-111.904842
-111.9781626,33.39276478,1175,2611755,2012/03/28 15:44:00+00,2012,Southern Ave,48th St,50.16,Not Junction Related,1,0,Accident,Other,Daylight,Clear,Dry,Pedestrian,52,Male,North,Going Straight Ahead,Other,No Apparent Influence,No Apparent Influence,Driver,111,Unknown,East,Going Straight Ahead,No Improper Action,No Apparent Influence,No Apparent Influence,33.39276478,-111.9781626
-111.9259703,33.39295777,1318,2630962,2012/04/17 15:38:00+00,2012,Southern Ave,Rural Rd,105.072,Intersection Related Non Interchange,1,0,Accident,Rear End,Daylight,Clear,Dry,Driver,64,Male,West,Slowing In Trafficway,Inattention Distraction,No Apparent Influence,No Apparent Influence,Driver,51,Male,West,Stopped In Trafficway,No Improper Action,No Apparent Influence,No Apparent Influence,33.39295777,-111.9259703
-111.9475129,33.39284146,1333,2629953,2012/04/18 00:46:00+00,2012,Southern Ave,Roosevelt St,92.928,Intersection Related Interchange,1,0,Accident,Rear End,Daylight,Clear,Dry,Driver,65,Male,West,Going Straight Ahead,Speed To Fast For Conditions,No Apparent Influence,No Apparent Influence,Driver,24,Female,West,Stopped In Trafficway,No Improper Action,No Apparent Influence,No Apparent Influence,33.39284146,-111.9475129
-111.9086771,33.39298659,1339,2647975,2012/04/18 15:32:00+00,2012,Southern Ave,Mcclintock Dr,134.112,Intersection Related Non Interchange,1,0,Accident,Rear End,Daylight,Clear,Dry,Driver,54,Male,West,Going Straight Ahead,Speed To Fast For Conditions,No Apparent Influence,No Apparent Influence,Driver,71,Female,West,Stopped In Trafficway,No Improper Action,No Apparent Influence,No Apparent Influence,33.39298659,-111.9086771
-111.9306113,33.39293212,1340,2626867,2012/04/18 18:18:00+00,2012,Southern Ave,Mcallister Ave,0,Intersection Non Interchange,1,0,Accident,ANGLE (Front To Side)(Other Than Left Turn),Daylight,Clear,Dry,Driver,53,Female,Northwest,Making Left Turn,Other,No Apparent Influence,No Apparent Influence,Driver,35,Female,East,Going Straight Ahead,No Improper Action,No Apparent Influence,No Apparent Influence,33.39293212,-111.9306113
-111.8920179,33.39295519,1431,2624845,2012/04/08 01:21:00+00,2012,Southern Ave,Price Rd,0,Intersection Non Interchange,1,0,Accident,ANGLE (Front To Side)(Other Than Left Turn),Daylight,Clear,Dry,Driver,75,Female,East,Going Straight Ahead,Disregarded Traffic Signal,No Apparent Influence,No Apparent Influence,Driver,28,Female,South,Going Straight Ahead,No Improper Action,No Apparent Influence,No Apparent Influence,33.39295519,-111.8920179
-111.940103,33.39285523,1485,2629891,2012/04/28 00:21:00+00,2012,Southern Ave,Mill Ave,-155.76,Driveway,1,0,Accident,Left Turn,Daylight,Clear,Dry,Driver,18,Female,North,Making Left Turn,Other,No Apparent Influence,No Apparent Influence,Driver,68,Female,East,Going Straight Ahead,No Improper Action,No Apparent Influence,No Apparent Influence,33.39285523,-111.940103
-111.9518912,33.39285424,1576,2631053,2012/04/24 00:30:00+00,2012,Southern Ave,Hardy Dr,24.816,Intersection Related Non Interchange,1,0,Accident,Rear End,Daylight,Clear,Dry,Driver,53,Female,West,Going Straight Ahead,Inattention Distraction,No Apparent Influence,No Apparent Influence,Driver,34,Female,West,Stopped In Trafficway,No Improper Action,No Apparent Influence,No Apparent Influence,33.39285424,-111.9518912
-111.96048,33.39287851,1638,2643842,2012/05/30 15:51:00+00,2012,Southern Ave,Priest Dr,85.008,Intersection Related Non Interchange,1,0,Accident,Rear End,Daylight,Clear,Dry,Driver,23,Female,West,Going Straight Ahead,Speed To Fast For Conditions,No Apparent Influence,No Apparent Influence,Driver,42,Female,West,Stopped In Trafficway,No Improper Action,No Apparent Influence,No Apparent Influence,33.39287851,-111.96048
-111.919633,33.39296326,1754,2640029,2012/06/08 23:09:00+00,2012,Southern Ave,Mariana Cir,119.856,Not Junction Related,1,0,Accident,Rear End,Daylight,Clear,Dry,Driver,54,Female,East,Going Straight Ahead,Speed To Fast For Conditions,No Apparent Influence,No Apparent Influence,Driver,44,Male,East,Slowing In Trafficway,No Improper Action,No Apparent Influence,No Apparent Influence,33.39296326,-111.919633
-111.910576,33.39298675,1842,2636429,2012/06/03 02:56:00+00,2012,Southern Ave,Butte Ave,249.744,Not Junction Related,2,0,Accident,ANGLE (Front To Side)(Other Than Left Turn),Dark Lighted,Clear,Dry,Driver,23,Male,South,Making Left Turn,Other,No Apparent Influence,No Apparent Influence,Driver,33,Male,West,Going Straight Ahead,No Improper Action,No Apparent Influence,No Apparent Influence,33.39298675,-111.910576
-111.9478159,33.39284105,1847,2627367,2012/06/04 12:58:00+00,2012,Southern Ave,Roosevelt St,0,Intersection Non Interchange,2,0,Accident,Left Turn,Daylight,Clear,Dry,Driver,56,Male,East,Making Left Turn,Failed To Yield Right Of Way,No Apparent Influence,No Apparent Influence,Driver,22,Male,West,Going Straight Ahead,No Improper Action,No Apparent Influence,No Apparent Influence,33.39284105,-111.9478159
-111.9264435,33.39295639,1848,2656956,2012/06/04 16:10:00+00,2012,Southern Ave,Rural Rd,-40.128,Not Junction Related,1,0,Accident,Other,Daylight,Clear,Dry,Driver,47,Male,North,Other,Speed To Fast For Conditions,No Apparent Influence,No Apparent Influence,Driver,111,Unknown,Unknown,Properly Parked,Other,No Apparent Influence,No Apparent Influence,33.39295639,-111.9264435
-111.943127,33.39283519,1933,2655473,2012/05/15 14:50:00+00,2012,Southern Ave,Kyrene Rd,166.848,Not Junction Related,1,0,Accident,Rear End,Daylight,Clear,Dry,Driver,24,Male,West,Going Straight Ahead,Inattention Distraction,No Apparent Influence,No Apparent Influence,Driver,71,Female,West,Stopped In Trafficway,No Improper Action,No Apparent Influence,No Apparent Influence,33.39283519,-111.943127
-111.9776386,33.39276762,2023,2642021,2012/07/19 19:24:00+00,2012,Southern Ave,48th St,210.144,Driveway,3,0,Accident,ANGLE (Front To Side)(Other Than Left Turn),Daylight,Clear,Dry,Driver,34,Female,North,Making Right Turn,Failed To Yield Right Of Way,No Apparent Influence,No Apparent Influence,Driver,52,Female,East,Going Straight Ahead,No Improper Action,No Apparent Influence,No Apparent Influence,33.39276762,-111.9776386
-111.9522456,33.39285416,2049,2638556,2012/07/22 22:06:00+00,2012,Southern Ave,Hardy Dr,-83.952,Intersection Related Non Interchange,2,1,Accident,Other,Daylight,Clear,Dry,Driver,71,Male,South,Making U Turn,Made Improper Turn,No Apparent Influence,No Apparent Influence,Driver,34,Female,West,Going Straight Ahead,No Improper Action,No Apparent Influence,No Apparent Influence,33.39285416,-111.9522456
-111.972363,33.39279648,2072,2627598,2012/07/09 00:17:00+00,2012,Southern Ave,Potter Dr,-14.784,Intersection Related Non Interchange,1,0,Accident,Rear End,Daylight,Clear,Dry,Driver,111,Unknown,East,Going Straight Ahead,Inattention Distraction,No Apparent Influence,No Apparent Influence,Driver,33,Female,East,Stopped In Trafficway,No Improper Action,No Apparent Influence,No Apparent Influence,33.39279648,-111.972363
-111.9343929,33.3929088,2127,2640082,2012/07/24 22:49:00+00,2012,Southern Ave,College Ave,156.816,Not Junction Related,2,0,Accident,Rear End,Daylight,Clear,Dry,Driver,39,Female,East,Going Straight Ahead,Inattention Distraction,No Apparent Influence,No Apparent Influence,Driver,54,Male,East,Stopped In Trafficway,No Improper Action,No Apparent Influence,No Apparent Influence,33.3929088,-111.9343929
-111.9093176,33.39298897,2292,2655703,2012/06/24 10:19:00+00,2012,Southern Ave,Mcclintock Dr,-61.776,Intersection Related Non Interchange,1,0,Accident,Rear End,Dark Lighted,Clear,Dry,Driver,255,0,East,Going Straight Ahead,Speed To Fast For Conditions,No Apparent Influence,No Apparent Influence,Driver,33,Male,East,Stopped In Trafficway,No Improper Action,No Apparent Influence,No Apparent Influence,33.39298897,-111.9093176
-111.9532512,33.39285593,2520,2656670,2012/08/29 00:46:00+00,2012,Southern Ave,Hardy Dr,-391.248,Not Junction Related,1,0,Accident,Rear End,Daylight,Clear,Dry,Driver,23,Male,East,Going Straight Ahead,Inattention Distraction,No Apparent Influence,No Apparent Influence,Driver,69,Male,East,Going Straight Ahead,No Improper Action,No Apparent Influence,No Apparent Influence,33.39285593,-111.9532512
-111.9781134,33.39276505,2532,2650719,2012/08/29 23:49:00+00,2012,Southern Ave,48th St,64.944,Not Junction Related,1,0,Accident,Rear End,Daylight,Clear,Dry,Driver,255,0,East,Going Straight Ahead,Inattention Distraction,No Apparent Influence,No Apparent Influence,Driver,52,Male,East,Stopped In Trafficway,No Improper Action,No Apparent Influence,No Apparent Influence,33.39276505,-111.9781134
-111.9183278,33.39296131,2620,2673817,2012/08/24 23:00:00+00,2012,Southern Ave,Dorsey Ln,-180.048,Not Junction Related,1,0,Accident,Rear End,Daylight,Clear,Dry,Driver,41,Male,East,Going Straight Ahead,Speed To Fast For Conditions,No Apparent Influence,No Apparent Influence,Driver,51,Female,East,Slowing In Trafficway,No Improper Action,No Apparent Influence,No Apparent Influence,33.39296131,-111.9183278
-111.9271639,33.39295158,2674,2662495,2012/08/07 03:49:00+00,2012,Southern Ave,Rural Rd,-259.776,Not Junction Related,1,0,Accident,Other,Dark Lighted,Clear,Dry,Pedestrian,24,Female,South,Walking Against Traffic,Did Not Use Crosswalk,Alcohol,No Apparent Influence,Driver,26,Female,East,Going Straight Ahead,No Improper Action,No Apparent Influence,No Apparent Influence,33.39295158,-111.9271639
-111.9115751,33.3929847,2745,2673948,2012/09/05 00:19:00+00,2012,Southern Ave,Butte Ave,-54.912,Intersection Related Non Interchange,1,0,Accident,Rear End,Daylight,Clear,Dry,Driver,32,Male,East,Slowing In Trafficway,Inattention Distraction,No Apparent Influence,No Apparent Influence,Driver,23,Female,East,Stopped In Trafficway,No Improper Action,No Apparent Influence,No Apparent Influence,33.3929847,-111.9115751
-111.9377852,33.39287582,2837,2673819,2012/09/17 00:24:00+00,2012,Southern Ave,Mill Ave,551.76,Not Junction Related,1,0,Accident,ANGLE (Front To Side)(Other Than Left Turn),Daylight,Cloudy,Dry,Pedalcyclist,13,Female,West,Going Straight Ahead,Drove Rode In Opposing Traffic Lane,No Apparent Influence,No Apparent Influence,Driver,39,Male,North,Unknown,No Improper Action,No Apparent Influence,No Apparent Influence,33.39287582,-111.9377852
-111.96341,33.39286127,2839,2665227,2012/09/17 13:28:00+00,2012,Southern Ave,Clementine Ct,50.16,Not Junction Related,1,0,Accident,Rear End,Daylight,Clear,Dry,Driver,61,Female,East,Going Straight Ahead,Speed To Fast For Conditions,No Apparent Influence,No Apparent Influence,Driver,42,Male,East,Stopped In Trafficway,No Improper Action,No Apparent Influence,No Apparent Influence,33.39286127,-111.96341
-111.9606274,33.39287961,2867,2670220,2012/09/10 20:22:00+00,2012,Southern Ave,Priest Dr,40.128,Not Junction Related,1,0,Accident,Sideswipe Same Direction,Daylight,Clear,Dry,Driver,37,Male,West,Making Left Turn,Unsafe Lane Change,No Apparent Influence,No Apparent Influence,Driver,42,Male,West,Going Straight Ahead,No Improper Action,No Apparent Influence,No Apparent Influence,33.39287961,-111.9606274
-111.935162,33.39290152,3075,2671341,2012/09/19 17:44:00+00,2012,Southern Ave,College Ave,-78.144,Intersection Related Non Interchange,2,0,Accident,Rear End,Daylight,Clear,Dry,Driver,21,Male,Unknown,Going Straight Ahead,Inattention Distraction,No Apparent Influence,No Apparent Influence,Driver,30,Female,Unknown,Stopped In Trafficway,No Improper Action,No Apparent Influence,No Apparent Influence,33.39290152,-111.935162
-111.8831748,33.39302513,3092,2673965,2012/09/20 08:15:00+00,2012,Southern Ave,Evergreen Rd,30.096,Intersection Related Non Interchange,1,0,Accident,Single Vehicle,Dark Lighted,Clear,Dry,Driver,24,Male,East,Going Straight Ahead,Other,No Apparent Influence,No Apparent Influence,0,0,0,0,0,0,0,0,33.39302513,-111.8831748
-111.9088703,33.39298759,3126,2671300,2012/09/11 19:12:00+00,2012,Southern Ave,Mcclintock Dr,74.976,Intersection Related Non Interchange,1,0,Accident,Rear End,Daylight,Rain,Wet,Driver,26,Male,West,Going Straight Ahead,Inattention Distraction,No Apparent Influence,No Apparent Influence,Driver,66,Female,West,Stopped In Trafficway,No Improper Action,No Apparent Influence,No Apparent Influence,33.39298759,-111.9088703
-111.9355875,33.39289725,3255,2674106,2012/10/23 15:18:00+00,2012,Southern Ave,College Ave,-208.032,Intersection Related Non Interchange,1,0,Accident,Rear End,Daylight,Clear,Dry,Driver,49,Female,East,Going Straight Ahead,Speed To Fast For Conditions,No Apparent Influence,No Apparent Influence,Driver,26,Male,East,Stopped In Trafficway,No Improper Action,No Apparent Influence,No Apparent Influence,33.39289725,-111.9355875
-111.9270362,33.39295243,3266,2676360,2012/10/16 19:43:00+00,2012,Southern Ave,Rural Rd,-221.232,Not Junction Related,1,0,Accident,Left Turn,Daylight,Clear,Dry,Driver,24,Male,South,Making Left Turn,Failed To Yield Right Of Way,No Apparent Influence,No Apparent Influence,Driver,33,Female,West,Going Straight Ahead,No Improper Action,No Apparent Influence,No Apparent Influence,33.39295243,-111.9270362
-111.9349885,33.39290326,3282,2657970,2012/10/11 00:05:00+00,2012,Southern Ave,College Ave,-24.816,Intersection Related Non Interchange,1,0,Accident,Rear End,Daylight,Clear,Dry,Driver,31,Female,East,Going Straight Ahead,Speed To Fast For Conditions,No Apparent Influence,No Apparent Influence,Driver,27,Male,East,Slowing In Trafficway,No Improper Action,No Apparent Influence,No Apparent Influence,33.39290326,-111.9349885
-111.9248662,33.39295829,3469,2677984,2012/11/06 01:59:00+00,2012,Southern Ave,Rural Rd,441.936,Intersection Related Non Interchange,1,0,Accident,ANGLE (Front To Side)(Other Than Left Turn),Dark Lighted,Clear,Dry,Pedestrian,42,Male,South,Crossing Road,Did Not Use Crosswalk,No Apparent Influence,No Apparent Influence,Driver,24,Male,East,Going Straight Ahead,No Improper Action,No Apparent Influence,No Apparent Influence,33.39295829,-111.9248662
-111.9107397,33.39298644,3472,2679281,2012/11/06 14:34:00+00,2012,Southern Ave,Butte Ave,200.112,Not Junction Related,1,0,Accident,Rear End,Daylight,Clear,Dry,Driver,55,Male,West,Going Straight Ahead,Speed To Fast For Conditions,No Apparent Influence,No Apparent Influence,Driver,51,Female,West,Going Straight Ahead,No Improper Action,No Apparent Influence,No Apparent Influence,33.39298644,-111.9107397
-111.8864349,33.39301442,3579,2678007,2012/10/29 04:42:00+00,2012,Southern Ave,Lebanon Ln,0,Intersection Non Interchange,1,0,Accident,ANGLE (Front To Side)(Other Than Left Turn),Dark Lighted,Clear,Dry,Pedalcyclist,23,Male,East,Going Straight Ahead,Drove Rode In Opposing Traffic Lane,No Apparent Influence,No Apparent Influence,Driver,111,Female,South,Making Right Turn,No Improper Action,No Apparent Influence,No Apparent Influence,33.39301442,-111.8864349
-111.9116995,33.39298448,3850,2675677,2012/11/08 17:19:00+00,2012,Southern Ave,Butte Ave,-92.928,Intersection Related Non Interchange,2,0,Accident,Rear End,Daylight,Clear,Dry,Driver,58,Female,East,Going Straight Ahead,Inattention Distraction,No Apparent Influence,No Apparent Influence,Driver,49,Female,East,Stopped In Trafficway,No Improper Action,No Apparent Influence,No Apparent Influence,33.39298448,-111.9116995
-111.940902,33.39284994,3861,2666980,2012/11/09 01:31:00+00,2012,Southern Ave,Mill Ave,-400.224,Intersection Related Non Interchange,1,0,Accident,Rear End,Dark Lighted,Clear,Dry,Driver,21,Male,East,Going Straight Ahead,Speed To Fast For Conditions,No Apparent Influence,No Apparent Influence,Driver,27,Female,East,Going Straight Ahead,No Improper Action,No Apparent Influence,No Apparent Influence,33.39284994,-111.940902
-111.977953,33.39276592,3885,2670107,2012/11/15 21:30:00+00,2012,Southern Ave,48th St,114.048,Not Junction Related,2,0,Accident,ANGLE (Front To Side)(Other Than Left Turn),Daylight,Clear,Dry,Driver,64,Male,East,Going Straight Ahead,Other,No Apparent Influence,No Apparent Influence,Driver,52,Male,West,Stopped In Trafficway,No Improper Action,No Apparent Influence,No Apparent Influence,33.39276592,-111.977953
-111.9299146,33.39293504,4030,2678053,2012/12/17 23:55:00+00,2012,Southern Ave,Mcallister Ave,212.784,Not Junction Related,1,0,Accident,Sideswipe Same Direction,Daylight,Clear,Dry,Driver,33,Male,East,Going Straight Ahead,Unsafe Lane Change,No Apparent Influence,No Apparent Influence,Driver,23,Male,East,Slowing In Trafficway,No Improper Action,No Apparent Influence,No Apparent Influence,33.39293504,-111.9299146
-111.9291493,33.39293937,4176,2678388,2012/12/13 01:05:00+00,2012,Southern Ave,Rural Rd,-865.92,Driveway,1,0,Accident,ANGLE (Front To Side)(Other Than Left Turn),Dark Lighted,Clear,Dry,Pedalcyclist,24,Female,East,Going Straight Ahead,Drove Rode In Opposing Traffic Lane,No Apparent Influence,No Apparent Influence,Driver,43,Male,South,Making Right Turn,No Improper Action,No Apparent Influence,No Apparent Influence,33.39293937,-111.9291493
-111.9259867,33.39295776,4228,2678782,2012/12/11 23:24:00+00,2012,Southern Ave,Rural Rd,99.792,Not Junction Related,1,0,Accident,Sideswipe Same Direction,Dusk,Clear,Dry,Driver,66,Female,East,Going Straight Ahead,Unsafe Lane Change,No Apparent Influence,No Apparent Influence,Driver,31,Male,East,Going Straight Ahead,Unsafe Lane Change,No Apparent Influence,No Apparent Influence,33.39295776,-111.9259867
-111.960503,33.39287868,4298,2680074,2012/12/21 18:49:00+00,2012,Southern Ave,Priest Dr,78.144,Intersection Related Non Interchange,1,0,Accident,Rear End,Daylight,Clear,Dry,Driver,33,Male,West,Going Straight Ahead,Speed To Fast For Conditions,No Apparent Influence,No Apparent Influence,Driver,56,Female,West,Stopped In Trafficway,No Improper Action,No Apparent Influence,No Apparent Influence,33.39287868,-111.960503
-111.8940424,33.39298601,5,2584480,2012/01/10 18:23:00+00,2012,Southern Ave,Price Rd,-617.76,Not Junction Related,0,0,No Accident,Rear End,Daylight,Clear,Dry,Driver,34,Male,East,Going Straight Ahead,Speed To Fast For Conditions,No Apparent Influence,No Apparent Influence,Driver,255,Female,East,Stopped In Trafficway,No Improper Action,No Apparent Influence,No Apparent Influence,33.39298601,-111.8940424
-111.9397066,33.39285836,33,2598201,2012/01/03 23:11:00+00,2012,Southern Ave,Mill Ave,-34.848,Not Junction Related,0,0,No Accident,Rear End,Daylight,Clear,Dry,Driver,50,Male,West,Going Straight Ahead,Speed To Fast For Conditions,No Apparent Influence,No Apparent Influence,Driver,53,Female,Northwest,Stopped In Trafficway,No Improper Action,No Apparent Influence,No Apparent Influence,33.39285836,-111.9397066
-111.9378834,33.39287493,35,2598183,2012/01/04 01:11:00+00,2012,Southern Ave,Mill Ave,522.192,Driveway,0,0,No Accident,Left Turn,Dark Lighted,Clear,Dry,Driver,32,Male,North,Making Left Turn,Made Improper Turn,No Apparent Influence,No Apparent Influence,Driver,46,Male,West,Going Straight Ahead,No Improper Action,No Apparent Influence,No Apparent Influence,33.39287493,-111.9378834
-111.939304,33.3928621,56,2598837,2012/01/05 14:28:00+00,2012,Southern Ave,Mill Ave,88.176,Intersection Related Non Interchange,0,0,No Accident,Sideswipe Same Direction,Daylight,Clear,Dry,Driver,64,Male,West,Going Straight Ahead,Unknown,No Apparent Influence,No Apparent Influence,Driver,46,Male,West,Going Straight Ahead,Unknown,No Apparent Influence,No Apparent Influence,33.3928621,-111.939304
-111.8904387,33.39294113,123,2589828,2012/01/28 19:24:00+00,2012,Southern Ave,Price Rd,0,Intersection Interchange,0,0,No Accident,Sideswipe Same Direction,Daylight,Clear,Dry,Driver,76,Male,Northwest,Making Right Turn,Made Improper Turn,No Apparent Influence,No Apparent Influence,Driver,64,Male,Northwest,Making Right Turn,No Improper Action,No Apparent Influence,No Apparent Influence,33.39294113,-111.8904387
-111.9516062,33.3928538,151,2596425,2012/01/30 23:03:00+00,2012,Southern Ave,Hardy Dr,111.936,Intersection Related Non Interchange,0,0,No Accident,Rear End,Daylight,Clear,Dry,Driver,20,Female,West,Going Straight Ahead,Inattention Distraction,No Apparent Influence,No Apparent Influence,Driver,34,Female,West,Stopped In Trafficway,No Improper Action,No Apparent Influence,No Apparent Influence,33.3928538,-111.9516062
-111.911182,33.39298559,156,2597068,2012/01/06 00:22:00+00,2012,Southern Ave,Butte Ave,64.944,Not Junction Related,0,0,No Accident,Rear End,Dusk,Clear,Dry,Driver,16,Male,East,Going Straight Ahead,Speed To Fast For Conditions,No Apparent Influence,No Apparent Influence,Driver,18,Female,East,Stopped In Trafficway,No Improper Action,No Apparent Influence,No Apparent Influence,33.39298559,-111.911182
-111.8901117,33.39294688,170,2586133,2012/01/31 20:20:00+00,2012,Southern Ave,Price Rd,99.792,Not Junction Related,0,0,No Accident,Rear End,Daylight,Clear,Unknown,Driver,255,0,East,Going Straight Ahead,Followed Too Closely,No Apparent Influence,No Apparent Influence,Driver,69,Female,East,Slowing In Trafficway,No Improper Action,No Apparent Influence,No Apparent Influence,33.39294688,-111.8901117
-111.9094584,33.39298872,198,2597317,2012/02/02 01:35:00+00,2012,Southern Ave,Mcclintock Dr,-105.072,Not Junction Related,0,0,No Accident,Rear End,Dark Lighted,Clear,Dry,Driver,20,Female,East,Going Straight Ahead,Inattention Distraction,No Apparent Influence,No Apparent Influence,Driver,59,Female,East,Stopped In Trafficway,No Improper Action,No Apparent Influence,No Apparent Influence,33.39298872,-111.9094584
-111.9270787,33.39295215,213,2595591,2012/02/03 01:15:00+00,2012,Southern Ave,Rural Rd,-233.904,Intersection Related Non Interchange,0,0,No Accident,Left Turn,Dusk,Clear,Dry,Driver,23,Male,Southeast,Making Left Turn,Made Improper Turn,No Apparent Influence,No Apparent Influence,Driver,26,Female,East,Going Straight Ahead,No Improper Action,No Apparent Influence,No Apparent Influence,33.39295215,-111.9270787
-111.9109035,33.39298612,251,2595934,2012/01/21 02:27:00+00,2012,Southern Ave,Butte Ave,149.952,Not Junction Related,0,0,No Accident,Sideswipe Same Direction,Dark Lighted,Clear,Dry,Driver,26,Male,West,Going Straight Ahead,Unsafe Lane Change,No Apparent Influence,No Apparent Influence,Driver,22,Male,West,Going Straight Ahead,No Improper Action,No Apparent Influence,No Apparent Influence,33.39298612,-111.9109035
-111.8986602,33.39298032,267,2593424,2012/01/06 19:06:00+00,2012,Southern Ave,Fairfield Dr,61.776,Not Junction Related,0,0,No Accident,Left Turn,Daylight,Clear,Dry,Driver,37,Male,West,Making U Turn,Made Improper Turn,No Apparent Influence,No Apparent Influence,Driver,53,Female,West,Going Straight Ahead,No Improper Action,No Apparent Influence,No Apparent Influence,33.39298032,-111.8986602
-111.9723466,33.39279657,270,2598651,2012/01/06 21:47:00+00,2012,Southern Ave,Potter Dr,-10.032,Intersection Non Interchange,0,0,No Accident,Rear End,Daylight,Clear,Dry,Driver,49,Male,East,Going Straight Ahead,Speed To Fast For Conditions,No Apparent Influence,No Apparent Influence,Driver,29,Female,East,Stopped In Trafficway,No Improper Action,No Apparent Influence,No Apparent Influence,33.39279657,-111.9723466
-111.9761407,33.39277506,299,2596071,2012/01/09 22:58:00+00,2012,Southern Ave,Fair Ln,-44.88,Not Junction Related,0,0,No Accident,Rear End,Daylight,Clear,Dry,Driver,40,Female,West,Going Straight Ahead,Speed To Fast For Conditions,No Apparent Influence,No Apparent Influence,Driver,30,Male,West,Slowing In Trafficway,No Improper Action,No Apparent Influence,No Apparent Influence,33.39277506,-111.9761407
-111.9775076,33.39276832,347,2592540,2012/01/18 22:35:00+00,2012,Southern Ave,48th St,249.744,Not Junction Related,0,0,No Accident,Sideswipe Same Direction,Daylight,Clear,Dry,Driver,50,Male,East,Changing Lanes,Unsafe Lane Change,No Apparent Influence,No Apparent Influence,Driver,35,Male,East,Going Straight Ahead,No Improper Action,No Apparent Influence,No Apparent Influence,33.39276832,-111.9775076