X,Y,OBJECTID,Incidentid,DateTime,Year,StreetName,CrossStreet,Distance,JunctionRelation,Totalinjuries,TotalAccidentities,EventSeverity,Collisionmanner,Lightcondition,Weather,SurfaceCondition,Unittype_One,Age_Drv1,Gender_Drv1,Traveldirection_One,Unitaction_One,Violation1_Drv1,AlcoholUse_Drv1,DrugUse_Drv1,Unittype_Two,Age_Drv2,Gender_Drv2,Traveldirection_Two,Unitaction_Two,Violation1_Drv2,AlcoholUse_Drv2,DrugUse_Drv2,Latitude,Longitude
-111.9007726,33.39297554,350,2595023,2012/01/18 23:26:00+00,2012,Southern Ave,Country Club Way,-70.224,Intersection Related Non Interchange,0,0,No Accident,ANGLE (Front To Side)(Other Than Left Turn),Daylight,Clear,Dry,Driver,82,Female,South,Making Right Turn,Failed To Yield Right Of Way,No Apparent Influence,No Apparent Influence,Driver,20,Female,West,Going Straight Ahead,No Improper Action,No Apparent Influence,No Apparent Influence,33.39297554,-111.9007726
-111.9783261,33.39276368,353,2592261,2012/01/22 09:58:00+00,2012,Southern Ave,48th St,0,Intersection Non Interchange,0,0,No Accident,Left Turn,Dark Lighted,Clear,Dry,Driver,21,Male,West,Making Left Turn,Failed To Yield Right Of Way,Alcohol,No Apparent Influence,Driver,22,Female,East,Going Straight Ahead,No Improper Action,No Apparent Influence,No Apparent Influence,33.39276368,-111.9783261
-111.9759933,33.39277581,363,2595671,2012/01/23 23:28:00+00,2012,Southern Ave,Fair Ln,0,Intersection Non Interchange,0,0,No Accident,Single Vehicle,Daylight,Clear,Dry,Driver,42,Female,Southeast,Making Left Turn,Speed To Fast For Conditions,No Apparent Influence,No Apparent Influence,0,0,0,0,0,0,0,0,33.39277581,-111.9759933
-111.9082972,33.39298463,483,2599193,2012/02/03 19:49:00+00,2012,Southern Ave,Mcclintock Dr,249.744,Driveway,0,0,No Accident,Left Turn,Daylight,Clear,Dry,Driver,22,Female,North,Making Left Turn,Made Improper Turn,No Apparent Influence,No Apparent Influence,Driver,27,Female,West,Going Straight Ahead,No Improper Action,No Apparent Influence,No Apparent Influence,33.39298463,-111.9082972
-111.9281068,33.39294527,485,2599194,2012/02/03 20:38:00+00,2012,Southern Ave,Rural Rd,-548.064,Driveway,0,0,No Accident,ANGLE (Front To Side)(Other Than Left Turn),Daylight,Clear,Dry,Driver,61,Male,South,Making Right Turn,Made Improper Turn,No Apparent Influence,No Apparent Influence,Driver,19,Male,West,Going Straight Ahead,No Improper Action,No Apparent Influence,No Apparent Influence,33.39294527,-111.9281068
-111.9432089,33.39283465,532,2608176,2012/03/01 00:44:00+00,2012,Southern Ave,Kyrene Rd,142.032,Not Junction Related,0,0,No Accident,Rear End,Daylight,Clear,Dry,Driver,20,Male,East,Going Straight Ahead,Speed To Fast For Conditions,No Apparent Influence,No Apparent Influence,Driver,22,Male,East,Stopped In Trafficway,No Improper Action,No Apparent Influence,No Apparent Influence,33.39283465,-111.9432089
-111.9255935,33.39295795,569,2608301,2012/03/04 03:21:00+00,2012,Southern Ave,Rural Rd,220.176,Not Junction Related,0,0,No Accident,Sideswipe Same Direction,Dark Lighted,Clear,Dry,Driver,58,Male,West,Changing Lanes,Unsafe Lane Change,No Apparent Influence,No Apparent Influence,Driver,22,Male,West,Going Straight Ahead,No Improper Action,No Apparent Influence,No Apparent Influence,33.39295795,-111.9255935
-111.9780479,33.3927654,585,2601301,2012/03/05 18:26:00+00,2012,Southern Ave,48th St,85.008,Intersection Related Non Interchange,0,0,No Accident,Rear End,Daylight,Clear,Dry,Driver,30,Male,West,Going Straight Ahead,Speed To Fast For Conditions,No Apparent Influence,No Apparent Influence,Driver,47,Male,West,Stopped In Trafficway,No Improper Action,No Apparent Influence,No Apparent Influence,33.3927654,-111.9780479
-111.90445,33.39296778,649,2603474,2012/02/27 22:14:00+00,2012,Southern Ave,Los Feliz Dr,119.856,Not Junction Related,0,0,No Accident,Sideswipe Same Direction,Daylight,Clear,Dry,Driver,20,Male,West,Changing Lanes,Inattention Distraction,No Apparent Influence,No Apparent Influence,Driver,47,Female,West,Going Straight Ahead,No Improper Action,No Apparent Influence,No Apparent Influence,33.39296778,-111.90445
-111.9264763,33.39295617,681,2597079,2012/03/01 00:07:00+00,2012,Southern Ave,Rural Rd,-50.16,Not Junction Related,0,0,No Accident,Rear End,Daylight,Clear,Dry,Driver,41,Female,East,Going Straight Ahead,Speed To Fast For Conditions,No Apparent Influence,No Apparent Influence,Driver,21,Female,East,Slowing In Trafficway,No Improper Action,No Apparent Influence,No Apparent Influence,33.39295617,-111.9264763
-111.8983261,33.39298072,690,2603146,2012/02/23 22:11:00+00,2012,Southern Ave,Fairfield Dr,164.208,Not Junction Related,0,0,No Accident,Rear End,Daylight,Clear,Dry,Driver,17,Male,East,Going Straight Ahead,Speed To Fast For Conditions,No Apparent Influence,No Apparent Influence,Driver,44,Male,East,Slowing In Trafficway,No Improper Action,No Apparent Influence,No Apparent Influence,33.39298072,-111.8983261
-111.9262324,33.39295765,726,2600004,2012/02/14 23:14:00+00,2012,Southern Ave,Rural Rd,24.816,Intersection Related Non Interchange,0,0,No Accident,Rear End,Daylight,Rain,Wet,Driver,19,Female,East,Slowing In Trafficway,Inattention Distraction,No Apparent Influence,No Apparent Influence,Driver,70,Female,East,Stopped In Trafficway,No Improper Action,No Apparent Influence,No Apparent Influence,33.39295765,-111.9262324
-111.9281146,33.39294523,813,2611045,2012/03/17 22:24:00+00,2012,Southern Ave,Rural Rd,-550.176,Intersection Related Non Interchange,0,0,No Accident,Sideswipe Same Direction,Daylight,Clear,Dry,Driver,111,Unknown,East,Changing Lanes,Unsafe Lane Change,No Apparent Influence,No Apparent Influence,Driver,18,Male,East,Going Straight Ahead,No Improper Action,No Apparent Influence,No Apparent Influence,33.39294523,-111.9281146
-111.952488,33.39285459,830,2628866,2012/03/19 21:46:00+00,2012,Southern Ave,Hardy Dr,-157.872,Intersection Related Non Interchange,0,0,No Accident,Left Turn,Daylight,Cloudy,Dry,Driver,68,Female,Northeast,Making Left Turn,Other,No Apparent Influence,No Apparent Influence,Driver,20,Male,West,Going Straight Ahead,No Improper Action,No Apparent Influence,No Apparent Influence,33.39285459,-111.952488
-111.9255673,33.39295796,875,2611058,2012/03/06 23:54:00+00,2012,Southern Ave,Rural Rd,228.096,Driveway,0,0,No Accident,ANGLE (Front To Side)(Other Than Left Turn),Daylight,Clear,Dry,Driver,24,Male,North,Making Left Turn,Made Improper Turn,No Apparent Influence,No Apparent Influence,Driver,23,Male,East,Going Straight Ahead,No Improper Action,No Apparent Influence,No Apparent Influence,33.39295796,-111.9255673
-111.9265647,33.39295558,890,2630071,2012/03/07 19:57:00+00,2012,Southern Ave,Rural Rd,-77.088,Intersection Related Non Interchange,0,0,No Accident,Rear End,Daylight,Clear,Dry,Driver,60,Male,East,Going Straight Ahead,Followed Too Closely,No Apparent Influence,No Apparent Influence,Driver,52,Female,East,Stopped In Trafficway,No Improper Action,No Apparent Influence,No Apparent Influence,33.39295558,-111.9265647
-111.9660763,33.39283562,894,2611066,2012/03/07 23:00:00+00,2012,Southern Ave,Clementine Ct,-765.072,Not Junction Related,0,0,No Accident,Rear End,Daylight,Clear,Dry,Driver,18,Male,East,Going Straight Ahead,Inattention Distraction,No Apparent Influence,No Apparent Influence,Driver,39,Female,East,Slowing In Trafficway,No Improper Action,No Apparent Influence,No Apparent Influence,33.39283562,-111.9660763
-111.9077897,33.392982,907,2611078,2012/03/08 21:31:00+00,2012,Southern Ave,Mcclintock Dr,404.976,Intersection Non Interchange,0,0,No Accident,Left Turn,Daylight,Clear,Dry,Driver,57,Female,North,Making Left Turn,Made Improper Turn,No Apparent Influence,No Apparent Influence,Driver,24,Female,West,Going Straight Ahead,No Improper Action,No Apparent Influence,No Apparent Influence,33.392982,-111.9077897
-111.9783359,33.39276364,949,2617722,2012/04/02 01:10:00+00,2012,Southern Ave,48th St,-3.168,Intersection Related Non Interchange,0,0,No Accident,ANGLE (Front To Side)(Other Than Left Turn),Dark Lighted,Clear,Dry,Driver,20,Female,East,Going Straight Ahead,Inattention Distraction,No Apparent Influence,No Apparent Influence,Driver,25,Female,South,Making Right Turn,No Improper Action,No Apparent Influence,No Apparent Influence,33.39276364,-111.9783359
-111.9609936,33.39287933,1009,2610992,2012/03/24 22:11:00+00,2012,Southern Ave,Priest Dr,-71.808,Intersection Related Interchange,0,0,No Accident,Rear End,Daylight,Clear,Dry,Driver,111,Unknown,East,Going Straight Ahead,Disregarded Traffic Signal,No Apparent Influence,No Apparent Influence,Driver,20,Female,East,Stopped In Trafficway,No Improper Action,No Apparent Influence,No Apparent Influence,33.39287933,-111.9609936
-111.9665182,33.39283117,1052,2610977,2012/03/11 02:20:00+00,2012,Southern Ave,Clementine Ct,-900.24,Not Junction Related,0,0,No Accident,Rear End,Dark Lighted,Clear,Dry,Driver,59,Male,West,Going Straight Ahead,Other,No Apparent Influence,No Apparent Influence,Driver,63,Male,West,Stopped In Trafficway,Other,No Apparent Influence,No Apparent Influence,33.39283117,-111.9665182
-111.9619038,33.39287251,1053,2624379,2012/03/26 23:43:00+00,2012,Southern Ave,Priest Dr,-350.064,Not Junction Related,0,0,No Accident,ANGLE (Front To Side)(Other Than Left Turn),Daylight,Clear,Dry,Driver,21,Male,North,Going Straight Ahead,Inattention Distraction,No Apparent Influence,No Apparent Influence,Driver,20,Female,East,Going Straight Ahead,No Improper Action,No Apparent Influence,No Apparent Influence,33.39287251,-111.9619038
-111.8832731,33.39302461,1120,2626857,2012/04/04 15:42:00+00,2012,Southern Ave,Evergreen Rd,0,Intersection Non Interchange,0,0,No Accident,ANGLE (Front To Side)(Other Than Left Turn),Daylight,Clear,Dry,Driver,44,Female,East,Going Straight Ahead,Disregarded Traffic Signal,No Apparent Influence,No Apparent Influence,Driver,48,Female,South,Going Straight Ahead,No Improper Action,No Apparent Influence,No Apparent Influence,33.39302461,-111.8832731
-111.9524389,33.3928545,1125,2647259,2012/04/05 02:36:00+00,2012,Southern Ave,Hardy Dr,-143.088,Not Junction Related,0,0,No Accident,Rear End,Dark Lighted,Clear,Dry,Driver,24,Female,East,Going Straight Ahead,Inattention Distraction,No Apparent Influence,No Apparent Influence,Driver,31,Male,East,Stopped In Trafficway,No Improper Action,No Apparent Influence,No Apparent Influence,33.3928545,-111.9524389
-111.9759141,33.39277691,1155,2630044,2012/04/07 02:27:00+00,2012,Southern Ave,Fair Ln,24.816,Intersection Related Non Interchange,0,0,No Accident,Single Vehicle,Dark Lighted,Clear,Dry,Driver,27,Female,East,Going Straight Ahead,Other,No Apparent Influence,No Apparent Influence,0,0,0,0,0,0,0,0,33.39277691,-111.9759141
-111.9439234,33.39283428,1217,2655315,2012/05/02 00:20:00+00,2012,Southern Ave,Kyrene Rd,-77.088,Not Junction Related,0,0,No Accident,ANGLE (Front To Side)(Other Than Left Turn),Daylight,Clear,Dry,Driver,26,Female,East,Changing Lanes,Other,No Apparent Influence,No Apparent Influence,Driver,45,Male,East,Going Straight Ahead,No Improper Action,No Apparent Influence,No Apparent Influence,33.39283428,-111.9439234
-111.9082481,33.39298437,1223,2655749,2012/05/02 15:05:00+00,2012,Southern Ave,Mcclintock Dr,265.056,Not Junction Related,0,0,No Accident,Rear End,Daylight,Clear,Dry,Driver,42,Female,West,Backing,Other,No Apparent Influence,No Apparent Influence,Driver,23,Female,West,Stopped In Trafficway,No Improper Action,No Apparent Influence,No Apparent Influence,33.39298437,-111.9082481
-111.891954,33.39295322,1240,2618957,2012/05/03 04:16:00+00,2012,Southern Ave,Price Rd,20.064,Intersection Related Non Interchange,0,0,No Accident,Rear End,Dark Lighted,Clear,Dry,Driver,255,0,West,Unknown,Unknown,No Apparent Influence,No Apparent Influence,Driver,20,Female,West,Stopped In Trafficway,No Improper Action,No Apparent Influence,No Apparent Influence,33.39295322,-111.891954
-111.9341867,33.39291083,1279,2628104,2012/05/10 00:18:00+00,2012,Southern Ave,College Ave,220.176,Intersection Related Non Interchange,0,0,No Accident,Rear End,Daylight,Rain,Wet,Driver,19,Male,West,Going Straight Ahead,Speed To Fast For Conditions,No Apparent Influence,No Apparent Influence,Driver,23,Female,West,Slowing In Trafficway,No Improper Action,No Apparent Influence,No Apparent Influence,33.39291083,-111.9341867
-111.9258392,33.39295783,1292,2630328,2012/05/10 23:48:00+00,2012,Southern Ave,Rural Rd,145.2,Not Junction Related,0,0,No Accident,Sideswipe Same Direction,Daylight,Clear,Dry,Driver,67,Male,East,Changing Lanes,Unsafe Lane Change,No Apparent Influence,No Apparent Influence,Driver,59,Female,East,Going Straight Ahead,No Improper Action,No Apparent Influence,No Apparent Influence,33.39295783,-111.9258392
-111.9404599,33.39285287,1317,2650810,2012/04/27 00:33:00+00,2012,Southern Ave,Mill Ave,-265.056,Not Junction Related,0,0,No Accident,Rear End,Daylight,Clear,Dry,Driver,23,Female,East,Going Straight Ahead,Speed To Fast For Conditions,No Apparent Influence,No Apparent Influence,Driver,17,Female,East,Stopped In Trafficway,No Improper Action,No Apparent Influence,No Apparent Influence,33.39285287,-111.9404599
-111.9021061,33.39297288,1383,2631142,2012/05/04 21:58:00+00,2012,Southern Ave,Kenwood Ln,-68.112,Intersection Related Non Interchange,0,0,No Accident,Rear End,Daylight,Clear,Dry,Driver,57,Female,East,Going Straight Ahead,Inattention Distraction,No Apparent Influence,No Apparent Influence,Driver,51,Female,East,Stopped In Trafficway,No Improper Action,No Apparent Influence,No Apparent Influence,33.39297288,-111.9021061
-111.9635723,33.39286083,1424,2650822,2012/05/08 23:15:00+00,2012,Southern Ave,Clementine Ct,0,Intersection Non Interchange,0,0,No Accident,Left Turn,Daylight,Clear,Dry,Driver,19,Male,Northwest,Making Left Turn,Other,No Apparent Influence,No Apparent Influence,Driver,35,Female,East,Going Straight Ahead,No Improper Action,No Apparent Influence,No Apparent Influence,33.39286083,-111.9635723
-111.9276223,33.39294851,1509,2629986,2012/04/30 06:44:00+00,2012,Southern Ave,Rural Rd,-400.224,Not Junction Related,0,0,No Accident,Sideswipe Same Direction,Dark Lighted,Clear,Dry,Driver,27,Female,East,Changing Lanes,Inattention Distraction,No Apparent Influence,No Apparent Influence,Driver,22,Female,East,Going Straight Ahead,No Improper Action,No Apparent Influence,No Apparent Influence,33.39294851,-111.9276223
-111.9398048,33.39285753,1511,2619302,2012/04/30 14:39:00+00,2012,Southern Ave,Mill Ave,-64.944,Not Junction Related,0,0,No Accident,Sideswipe Same Direction,Daylight,Clear,Dry,Driver,65,Male,Southeast,Making Right Turn,Other,No Apparent Influence,No Apparent Influence,Driver,38,Female,East,Stopped In Trafficway,No Improper Action,No Apparent Influence,No Apparent Influence,33.39285753,-111.9398048
-111.9111623,33.39298563,1513,2630007,2012/04/30 19:22:00+00,2012,Southern Ave,Butte Ave,70.752,Intersection Related Non Interchange,0,0,No Accident,Rear End,Daylight,Clear,Dry,Driver,67,Male,West,Going Straight Ahead,Speed To Fast For Conditions,No Apparent Influence,No Apparent Influence,Driver,20,Female,West,Stopped In Trafficway,No Improper Action,No Apparent Influence,No Apparent Influence,33.39298563,-111.9111623
-111.9398703,33.39285698,1515,2631034,2012/04/30 21:19:00+00,2012,Southern Ave,Mill Ave,-85.008,Not Junction Related,0,0,No Accident,Sideswipe Same Direction,Daylight,Clear,Dry,Driver,48,Male,East,Other,Other,No Apparent Influence,No Apparent Influence,Driver,52,Female,East,Going Straight Ahead,No Improper Action,No Apparent Influence,No Apparent Influence,33.39285698,-111.9398703
-111.9181148,33.39296098,1560,2627056,2012/04/21 19:43:00+00,2012,Southern Ave,Dorsey Ln,-115.104,Intersection Related Non Interchange,0,0,No Accident,Rear End,Daylight,Clear,Dry,Driver,32,Male,West,Making U Turn,No Improper Action,No Apparent Influence,No Apparent Influence,Driver,26,Female,West,Going Straight Ahead,Speed To Fast For Conditions,No Apparent Influence,No Apparent Influence,33.39296098,-111.9181148
-111.9603655,33.39287765,1570,2627059,2012/04/23 04:02:00+00,2012,Southern Ave,Priest Dr,119.856,Intersection Related Non Interchange,0,0,No Accident,Rear End,Dark Lighted,Clear,Dry,Driver,24,Male,West,Backing,Inattention Distraction,No Apparent Influence,No Apparent Influence,Driver,30,Male,West,Stopped In Trafficway,No Improper Action,No Apparent Influence,No Apparent Influence,33.39287765,-111.9603655
-111.9188153,33.37123434,327,2595908,2012/01/17 05:37:00+00,2012,Southshore Dr,Sailors Reef Rd,-70.224,Not Junction Related,0,0,No Accident,Single Vehicle,Dark Lighted,Clear,Dry,Driver,21,Female,East,Going Straight Ahead,Failed To Keep In Proper Lane,Alcohol,No Apparent Influence,0,0,0,0,0,0,0,0,33.37123434,-111.9188153
-111.9261285,33.41287976,1084,2611023,2012/03/14 14:37:00+00,2012,Spence Ave,Rural Rd,44.88,Intersection Related Non Interchange,1,0,Accident,ANGLE (Front To Side)(Other Than Left Turn),Daylight,Clear,Dry,Pedalcyclist,25,Male,South,Crossing Road,Failed To Yield Right Of Way,No Apparent Influence,No Apparent Influence,Driver,61,Female,West,Making Right Turn,No Improper Action,No Apparent Influence,No Apparent Influence,33.41287976,-111.9261285
-111.9192034,33.41286674,1297,2650837,2012/05/11 06:55:00+00,2012,Spence Ave,Stanley Pl,60.192,Intersection Related Non Interchange,1,0,Accident,Rear End,Dark Lighted,Clear,Dry,Driver,22,Male,East,Going Straight Ahead,Inattention Distraction,No Apparent Influence,Drugs,Driverless,0,0,Unknown,Properly Parked,0,0,0,33.41286674,-111.9192034
-111.922582,33.41286697,1448,2626859,2012/04/13 18:15:00+00,2012,Spence Ave,Bonarden Ln,0,Intersection Non Interchange,0,0,No Accident,Left Turn,Daylight,Clear,Dry,Driver,28,Female,Northwest,Making Left Turn,Other,No Apparent Influence,No Apparent Influence,Driver,21,Female,East,Going Straight Ahead,No Improper Action,No Apparent Influence,No Apparent Influence,33.41286697,-111.922582
-111.9586982,33.31988083,1113,2619745,2012/03/16 15:26:00+00,2012,Stacie Way,Ray Rd,-20.064,Intersection Related Non Interchange,0,0,No Accident,Other,Daylight,Clear,Dry,Driver,38,Female,North,Backing,Other,No Apparent Influence,No Apparent Influence,Driver,30,Female,North,Stopped In Trafficway,No Improper Action,No Apparent Influence,No Apparent Influence,33.31988083,-111.9586982
-111.9273519,33.41301166,596,2591894,2012/02/23 07:39:00+00,2012,Sunset Dr,Apache Blvd,-633.6,Not Junction Related,0,0,No Accident,Other,Dark Lighted,Clear,Dry,Driver,19,Female,North,Backing,Inattention Distraction,No Apparent Influence,No Apparent Influence,Driver,48,Male,South,Stopped In Trafficway,No Improper Action,No Apparent Influence,No Apparent Influence,33.41301166,-111.9273519
-111.922463,33.447302,2221,2629289,2012/07/13 09:30:00+00,2012,Susan Ln,Bridalwreath St,-80.784,Intersection Related Non Interchange,1,0,Accident,Single Vehicle,Dark Lighted,Unknown,Unknown,Driver,23,Male,South,Making Right Turn,Speed To Fast For Conditions,No Apparent Influence,No Apparent Influence,0,0,0,0,0,0,0,0,33.447302,-111.922463
-111.9226892,33.4473023,343,2592308,2012/01/18 12:15:00+00,2012,Susan Ln,Bridalwreath St,-149.952,Not Junction Related,0,0,No Accident,Unknown,Dark Lighted,Clear,Dry,Driver,255,0,Unknown,Unknown,Speed To Fast For Conditions,No Apparent Influence,No Apparent Influence,Driver,255,0,West,Properly Parked,No Improper Action,No Apparent Influence,No Apparent Influence,33.4473023,-111.9226892
-111.9188141,33.44223757,492,2593511,2012/02/03 23:30:00+00,2012,Tempe Dr,Oleander St,51.744,Not Junction Related,0,0,No Accident,Rear End,Dark Lighted,Clear,Dry,Driver,255,0,East,Unknown,Unknown,No Apparent Influence,No Apparent Influence,Driverless,0,0,East,Properly Parked,0,0,0,33.44223757,-111.9188141
-111.9229549,33.44223481,1586,2619304,2012/04/25 06:04:00+00,2012,Tempe Dr,Frances St,76.032,Not Junction Related,0,0,No Accident,Rear To Side,Dark Lighted,Clear,Dry,Driver,111,Unknown,South,Backing,Unknown,No Apparent Influence,No Apparent Influence,Driverless,0,0,East,Properly Parked,0,0,0,33.44223481,-111.9229549
-111.9222726,33.3894034,2122,2639997,2012/06/30 06:58:00+00,2012,Terrace Rd,Laguna Dr,-347.952,Not Junction Related,1,0,Accident,ANGLE (Front To Side)(Other Than Left Turn),Dark Not Lighted,Clear,Dry,Driver,32,Female,South,Negotiating A Curve,Failed To Keep In Proper Lane,Alcohol,No Apparent Influence,Driverless,0,0,North,Properly Parked,0,0,0,33.3894034,-111.9222726
-111.9229237,33.41721501,2259,2673984,2012/06/21 00:29:00+00,2012,Terrace Rd,Rural Rd,1320,Not Junction Related,1,0,Accident,Rear End,Daylight,Clear,Dry,Driver,21,Female,Northwest,Slowing In Trafficway,Inattention Distraction,No Apparent Influence,No Apparent Influence,Driver,26,Male,Northwest,Stopped In Trafficway,No Improper Action,No Apparent Influence,No Apparent Influence,33.41721501,-111.9229237
-111.9263345,33.41913236,3142,2675578,2012/09/13 05:17:00+00,2012,Terrace Rd,Rural Rd,-14.784,Intersection Related Non Interchange,1,0,Accident,Head On,Dark Lighted,Clear,Dry,Pedalcyclist,21,Female,South,Going Straight Ahead,Drove Rode In Opposing Traffic Lane,No Apparent Influence,No Apparent Influence,Driver,21,Female,West,Slowing In Trafficway,No Improper Action,No Apparent Influence,No Apparent Influence,33.41913236,-111.9263345
-111.9204378,33.4149727,3510,2679302,2012/11/01 20:26:00+00,2012,Terrace Rd,Apache Blvd,78.144,Intersection Related Non Interchange,1,0,Accident,ANGLE (Front To Side)(Other Than Left Turn),Daylight,Clear,Dry,Pedalcyclist,26,Male,East,Going Straight Ahead,Drove Rode In Opposing Traffic Lane,No Apparent Influence,No Apparent Influence,Driver,30,Male,South,Making Right Turn,No Improper Action,No Apparent Influence,No Apparent Influence,33.4149727,-111.9204378
-111.9243822,33.41851555,4467,2691315,2013/01/31 01:42:00+00,2013,Terrace Rd,Lemon St,880.176,Driveway,1,0,Accident,ANGLE (Front To Side)(Other Than Left Turn),Dark Lighted,Clear,Dry,Pedalcyclist,22,Male,South,Going Straight Ahead,Drove Rode In Opposing Traffic Lane,No Apparent Influence,No Apparent Influence,Driver,20,Male,West,Making Right Turn,No Improper Action,No Apparent Influence,No Apparent Influence,33.41851555,-111.9243822
-111.922558,33.40488486,43,2590525,2012/01/04 16:03:00+00,2012,Terrace Rd,Palmcroft Dr,-152.064,Alley Access Related,0,0,No Accident,Single Vehicle,Dark Unknown Lighting,Unknown,Unknown,Driver,111,Unknown,North,Unknown,Speed To Fast For Conditions,No Apparent Influence,No Apparent Influence,0,0,0,0,0,0,0,0,33.40488486,-111.922558
-111.9259207,33.41916223,345,2595021,2012/01/18 17:26:00+00,2012,Terrace Rd,Rural Rd,111.936,Intersection Related Interchange,0,0,No Accident,Single Vehicle,Daylight,Clear,Dry,Driver,17,Female,Southeast,Making Right Turn,Speed To Fast For Conditions,No Apparent Influence,No Apparent Influence,0,0,0,0,0,0,0,0,33.41916223,-111.9259207
-111.9226037,33.40713397,1640,2627376,2012/05/30 18:15:00+00,2012,Terrace Rd,Broadway Rd,-136.224,Not Junction Related,0,0,No Accident,Rear To Side,Daylight,Clear,Dry,Driver,31,Male,West,Backing,Other,No Apparent Influence,No Apparent Influence,Driver,31,Male,South,Going Straight Ahead,No Improper Action,No Apparent Influence,No Apparent Influence,33.40713397,-111.9226037
-111.9285384,33.35273938,1872,2629220,2012/06/16 20:19:00+00,2012,Todd Dr,Rural Rd,-10.032,Intersection Non Interchange,1,0,Accident,ANGLE (Front To Side)(Other Than Left Turn),Daylight,Clear,Dry,Pedalcyclist,21,Male,North,Going Straight Ahead,Drove Rode In Opposing Traffic Lane,No Apparent Influence,No Apparent Influence,Driver,25,Male,East,Going Straight Ahead,No Improper Action,No Apparent Influence,No Apparent Influence,33.35273938,-111.9285384
-111.9544796,33.37181892,2575,2662501,2012/08/12 07:53:00+00,2012,Tulane Dr,Hardy Dr,24.816,Intersection Related Non Interchange,1,0,Accident,Single Vehicle,Dark Lighted,Clear,Dry,Driver,18,Male,South,Making Left Turn,Speed To Fast For Conditions,Alcohol,No Apparent Influence,0,0,0,0,0,0,0,0,33.37181892,-111.9544796
-111.9289343,33.42024321,665,2657868,2012/02/28 20:55:00+00,2012,Tyler St,Mcallister Ave,0,Intersection Non Interchange,0,0,No Accident,Rear End,Daylight,Clear,Dry,Driver,27,Male,South,Backing,Unknown,No Apparent Influence,No Apparent Influence,Driver,19,Female,North,Stopped In Trafficway,No Improper Action,No Apparent Influence,No Apparent Influence,33.42024321,-111.9289343
-111.9522116,33.42190701,8,2598369,2012/01/01 07:25:00+00,2012,University Dr,Hardy Dr,0,Intersection Non Interchange,6,0,Accident,ANGLE (Front To Side)(Other Than Left Turn),Dark Lighted,Clear,Dry,Driver,23,Female,West,Making Left Turn,Inattention Distraction,Alcohol,No Apparent Influence,Driver,20,Female,East,Going Straight Ahead,No Improper Action,No Apparent Influence,No Apparent Influence,33.42190701,-111.9522116
-111.8902956,33.42201099,111,2589039,2012/01/27 21:09:00+00,2012,University Dr,Price Rd,0,Intersection Non Interchange,3,0,Accident,Sideswipe Same Direction,Daylight,Cloudy,Dry,Driver,72,Male,West,Making U Turn,Made Improper Turn,No Apparent Influence,No Apparent Influence,Driver,21,Male,East,Going Straight Ahead,No Improper Action,No Apparent Influence,No Apparent Influence,33.42201099,-111.8902956
-111.9339073,33.42196074,180,2599212,2012/02/01 03:15:00+00,2012,University Dr,College Ave,319.968,Not Junction Related,1,0,Accident,Rear End,Dark Lighted,Clear,Dry,Driver,23,Male,East,Going Straight Ahead,Inattention Distraction,No Apparent Influence,No Apparent Influence,Driver,40,Male,East,Stopped In Trafficway,No Improper Action,No Apparent Influence,No Apparent Influence,33.42196074,-111.9339073
-111.9469972,33.42189669,207,2597100,2012/02/02 22:37:00+00,2012,University Dr,Roosevelt St,87.12,Not Junction Related,1,0,Accident,Rear End,Daylight,Clear,Dry,Driver,20,Female,East,Going Straight Ahead,Speed To Fast For Conditions,No Apparent Influence,No Apparent Influence,Driver,40,Male,East,Stopped In Trafficway,No Improper Action,No Apparent Influence,No Apparent Influence,33.42189669,-111.9469972
-111.8941289,33.42206242,220,2586100,2012/01/19 16:34:00+00,2012,University Dr,Price Rd,-666.864,Not Junction Related,1,0,Accident,Rear End,Daylight,Clear,Dry,Driver,255,0,East,Going Straight Ahead,Speed To Fast For Conditions,No Apparent Influence,No Apparent Influence,Driver,50,Male,East,Stopped In Trafficway,No Improper Action,No Apparent Influence,No Apparent Influence,33.42206242,-111.8941289
-111.8865126,33.42209055,264,2595913,2012/01/22 02:33:00+00,2012,University Dr,George Dr,275.088,Not Junction Related,3,0,Accident,Rear End,Dark Lighted,Clear,Dry,Driver,69,Female,East,Going Straight Ahead,Speed To Fast For Conditions,No Apparent Influence,No Apparent Influence,Driver,24,Female,East,Slowing In Trafficway,No Improper Action,No Apparent Influence,No Apparent Influence,33.42209055,-111.8865126
-111.9052983,33.42203211,330,2599209,2012/01/17 15:44:00+00,2012,University Dr,Melody Ln,50.16,Intersection Related Interchange,2,0,Accident,Rear End,Daylight,Clear,Dry,Driver,21,Female,West,Going Straight Ahead,Inattention Distraction,No Apparent Influence,No Apparent Influence,Driver,20,Male,West,Slowing In Trafficway,No Improper Action,No Apparent Influence,No Apparent Influence,33.42203211,-111.9052983