X,Y,OBJECTID,Incidentid,DateTime,Year,StreetName,CrossStreet,Distance,JunctionRelation,Totalinjuries,TotalAccidentities,EventSeverity,Collisionmanner,Lightcondition,Weather,SurfaceCondition,Unittype_One,Age_Drv1,Gender_Drv1,Traveldirection_One,Unitaction_One,Violation1_Drv1,AlcoholUse_Drv1,DrugUse_Drv1,Unittype_Two,Age_Drv2,Gender_Drv2,Traveldirection_Two,Unitaction_Two,Violation1_Drv2,AlcoholUse_Drv2,DrugUse_Drv2,Latitude,Longitude
-111.9389844,33.42193894,362,2596090,2012/01/23 22:25:00+00,2012,University Dr,Mill Ave,312.048,Not Junction Related,1,0,Accident,Rear End,Daylight,Clear,Dry,Driver,22,Female,East,Going Straight Ahead,Speed To Fast For Conditions,No Apparent Influence,No Apparent Influence,Driver,22,Male,East,Stopped In Trafficway,No Improper Action,No Apparent Influence,No Apparent Influence,33.42193894,-111.9389844
-111.909089,33.42197784,428,2603137,2012/02/20 04:39:00+00,2012,University Dr,Mcclintock Dr,-4.752,Intersection Related Non Interchange,1,0,Accident,Left Turn,Dark Lighted,Clear,Dry,Driver,52,Male,Southwest,Making Right Turn,Made Improper Turn,No Apparent Influence,No Apparent Influence,Driver,21,Male,Northwest,Making Left Turn,No Improper Action,No Apparent Influence,No Apparent Influence,33.42197784,-111.909089
-111.9096166,33.42197943,588,2599615,2012/02/15 01:44:00+00,2012,University Dr,Mcclintock Dr,-165.792,Not Junction Related,2,0,Accident,Rear End,Dark Lighted,Cloudy,Dry,Driver,23,Male,East,Going Straight Ahead,Speed To Fast For Conditions,No Apparent Influence,No Apparent Influence,Driver,31,Female,East,Stopped In Trafficway,No Improper Action,No Apparent Influence,No Apparent Influence,33.42197943,-111.9096166
-111.9527849,33.42190955,611,2595568,2012/02/09 21:39:00+00,2012,University Dr,Hardy Dr,-174.768,Not Junction Related,1,0,Accident,ANGLE (Front To Side)(Other Than Left Turn),Daylight,Clear,Dry,Pedalcyclist,33,Male,East,Making Right Turn,Other,No Apparent Influence,No Apparent Influence,Driver,54,Male,Southwest,Going Straight Ahead,No Improper Action,No Apparent Influence,No Apparent Influence,33.42190955,-111.9527849
-111.9293538,33.42201023,647,2591889,2012/02/27 18:30:00+00,2012,University Dr,Stadium Dr,-129.888,Railway Grade Crossing,1,0,Accident,Rear End,Daylight,Clear,Unknown,Driver,255,0,West,Going Straight Ahead,Unknown,No Apparent Influence,No Apparent Influence,Driver,36,Male,West,Stopped In Trafficway,No Improper Action,No Apparent Influence,No Apparent Influence,33.42201023,-111.9293538
-111.9365358,33.4219471,783,2603460,2012/02/24 16:50:00+00,2012,University Dr,Forest Ave,33.264,Intersection Related Non Interchange,1,0,Accident,ANGLE (Front To Side)(Other Than Left Turn),Daylight,Clear,Dry,Driver,20,Male,East,Making Left Turn,Other,No Apparent Influence,No Apparent Influence,Pedestrian,62,Male,North,Crossing Road,No Improper Action,No Apparent Influence,No Apparent Influence,33.4219471,-111.9365358
-111.9433706,33.42190333,787,2593050,2012/02/24 21:21:00+00,2012,University Dr,Ash Ave,-299.904,Railway Grade Crossing,1,0,Accident,ANGLE (Front To Side)(Other Than Left Turn),Daylight,Clear,Dry,Pedalcyclist,20,Male,South,Crossing Road,Did Not Use Crosswalk,No Apparent Influence,No Apparent Influence,Driver,18,Male,West,Going Straight Ahead,No Improper Action,No Apparent Influence,No Apparent Influence,33.42190333,-111.9433706
-111.9732124,33.42191425,880,2599993,2012/03/07 11:26:00+00,2012,University Dr,State Route 143 Exit 1 P-Ramp,1320,Not Junction Related,1,0,Accident,Single Vehicle,Dark Lighted,Clear,Dry,Driver,48,Female,East,Going Straight Ahead,Drove Rode In Opposing Traffic Lane,No Apparent Influence,No Apparent Influence,0,0,0,0,0,0,0,0,33.42191425,-111.9732124
-111.936971,33.42194576,897,2628992,2012/03/08 00:27:00+00,2012,University Dr,Forest Ave,-99.792,Intersection Related Non Interchange,3,0,Accident,Rear End,Daylight,Clear,Dry,Driver,54,Male,West,Going Straight Ahead,Inattention Distraction,No Apparent Influence,No Apparent Influence,Driver,19,Female,West,Stopped In Trafficway,No Improper Action,No Apparent Influence,No Apparent Influence,33.42194576,-111.936971
-111.9603463,33.42193711,905,2611073,2012/03/08 18:51:00+00,2012,University Dr,Priest Dr,173.184,Intersection Related Non Interchange,1,0,Accident,ANGLE (Front To Side)(Other Than Left Turn),Daylight,Clear,Dry,Driver,27,Male,Southeast,Other,Other,No Apparent Influence,No Apparent Influence,Driver,23,Female,West,Going Straight Ahead,No Improper Action,No Apparent Influence,No Apparent Influence,33.42193711,-111.9603463
-111.9126121,33.42199287,943,2629029,2012/04/01 02:47:00+00,2012,University Dr,Mcclintock Dr,-1079.76,Not Junction Related,1,0,Accident,ANGLE (Front To Side)(Other Than Left Turn),Dark Lighted,Clear,Dry,Driver,20,Male,Northeast,Making Right Turn,Made Improper Turn,No Apparent Influence,No Apparent Influence,Driver,21,Male,East,Going Straight Ahead,No Improper Action,No Apparent Influence,No Apparent Influence,33.42199287,-111.9126121
-111.9401699,33.42193166,1075,2648379,2012/04/03 22:11:00+00,2012,University Dr,Mill Ave,-50.16,Intersection Related Interchange,1,0,Accident,ANGLE (Front To Side)(Other Than Left Turn),Daylight,Clear,Dry,Pedestrian,21,Male,South,Going Straight Ahead,Disregarded Traffic Signal,No Apparent Influence,No Apparent Influence,Driver,29,Female,East,Going Straight Ahead,No Improper Action,No Apparent Influence,No Apparent Influence,33.42193166,-111.9401699
-111.9177909,33.42201555,1093,2611032,2012/03/15 01:02:00+00,2012,University Dr,Dorsey Ln,-34.848,Intersection Related Non Interchange,1,0,Accident,ANGLE (Front To Side)(Other Than Left Turn),Daylight,Clear,Dry,Driver,20,Female,Southeast,Making Right Turn,Other,No Apparent Influence,No Apparent Influence,Pedalcyclist,35,Male,East,Going Straight Ahead,No Improper Action,No Apparent Influence,No Apparent Influence,33.42201555,-111.9177909
-111.9100556,33.42198131,1104,2630765,2012/03/15 23:42:00+00,2012,University Dr,Mcclintock Dr,-299.904,Not Junction Related,2,0,Accident,Left Turn,Daylight,Clear,Dry,Driver,19,Female,Northeast,Making Left Turn,Other,No Apparent Influence,No Apparent Influence,Driver,51,Female,East,Going Straight Ahead,No Improper Action,No Apparent Influence,No Apparent Influence,33.42198131,-111.9100556
-111.9616672,33.42193821,1130,2622479,2012/04/05 19:42:00+00,2012,University Dr,Priest Dr,-231.264,Not Junction Related,2,0,Accident,ANGLE (Front To Side)(Other Than Left Turn),Daylight,Clear,Dry,Driver,21,Female,Northwest,Other,Other,No Apparent Influence,No Apparent Influence,Driver,32,Female,East,Going Straight Ahead,No Improper Action,No Apparent Influence,No Apparent Influence,33.42193821,-111.9616672
-111.8948206,33.42207697,1132,2630000,2012/04/05 21:45:00+00,2012,University Dr,River Dr,159.984,Not Junction Related,1,0,Accident,ANGLE (Front To Side)(Other Than Left Turn),Daylight,Clear,Dry,Driver,23,Female,Unknown,Other,Other,No Apparent Influence,No Apparent Influence,Driver,68,Female,Unknown,Going Straight Ahead,No Improper Action,No Apparent Influence,No Apparent Influence,33.42207697,-111.8948206
-111.9095969,33.42197934,1145,2630011,2012/04/06 08:40:00+00,2012,University Dr,Mcclintock Dr,-159.984,Not Junction Related,2,0,Accident,Rear End,Dark Lighted,Clear,Dry,Driver,32,Male,East,Going Straight Ahead,Exceeded Lawful Speed,Alcohol,No Apparent Influence,Driver,22,Female,East,Stopped In Trafficway,No Improper Action,No Apparent Influence,No Apparent Influence,33.42197934,-111.9095969
-111.9678394,33.42194191,1148,2629911,2012/04/06 20:00:00+00,2012,University Dr,52nd St,530.112,Not Junction Related,1,0,Accident,Rear End,Daylight,Clear,Dry,Driver,48,Male,East,Going Straight Ahead,Speed To Fast For Conditions,No Apparent Influence,No Apparent Influence,Driver,48,Male,East,Slowing In Trafficway,No Improper Action,No Apparent Influence,No Apparent Influence,33.42194191,-111.9678394
-111.9593301,33.42193314,1289,2655451,2012/05/10 17:27:00+00,2012,University Dr,Margo Dr,-229.152,Not Junction Related,1,0,Accident,Left Turn,Daylight,Clear,Dry,Driver,19,Male,Southwest,Making Left Turn,Other,No Apparent Influence,No Apparent Influence,Driver,62,Male,East,Going Straight Ahead,No Improper Action,No Apparent Influence,No Apparent Influence,33.42193314,-111.9593301
-111.8941319,33.42206249,1465,2627061,2012/04/16 02:45:00+00,2012,University Dr,River Dr,370.128,Not Junction Related,1,0,Accident,Single Vehicle,Dark Lighted,Clear,Dry,Driver,30,Female,West,Going Straight Ahead,Speed To Fast For Conditions,No Apparent Influence,No Apparent Influence,0,0,0,0,0,0,0,0,33.42206249,-111.8941319
-111.9420611,33.42192896,1487,2630894,2012/04/28 02:00:00+00,2012,University Dr,Ash Ave,99.792,Intersection Related Non Interchange,1,0,Accident,Left Turn,Dusk,Clear,Dry,Pedalcyclist,25,Male,West,Going Straight Ahead,Drove Rode In Opposing Traffic Lane,No Apparent Influence,No Apparent Influence,Driver,23,Female,North,Making Left Turn,No Improper Action,No Apparent Influence,No Apparent Influence,33.42192896,-111.9420611
-111.967056,33.42194223,1510,2629990,2012/04/30 14:09:00+00,2012,University Dr,52nd St,768.768,Not Junction Related,1,0,Accident,ANGLE (Front To Side)(Other Than Left Turn),Daylight,Clear,Dry,Pedalcyclist,55,Male,East,Other,Other,No Apparent Influence,No Apparent Influence,Driver,29,Male,South,Other,No Improper Action,No Apparent Influence,No Apparent Influence,33.42194223,-111.967056
-111.8958836,33.42208781,1714,2629265,2012/05/19 22:03:00+00,2012,University Dr,River Dr,-165.264,Not Junction Related,1,0,Accident,Single Vehicle,Daylight,Clear,Dry,Driver,19,Male,West,Going Straight Ahead,Failed To Keep In Proper Lane,No Apparent Influence,No Apparent Influence,0,0,0,0,0,0,0,0,33.42208781,-111.8958836
-111.9762556,33.42189504,1728,2627245,2012/05/21 18:43:00+00,2012,University Dr,48th St,0,Not Junction Related,3,0,Accident,Other,Daylight,Clear,Dry,Driver,111,Unknown,East,Backing,Other,No Apparent Influence,No Apparent Influence,Driver,23,Male,West,Stopped In Trafficway,No Improper Action,No Apparent Influence,No Apparent Influence,33.42189504,-111.9762556
-111.9331675,33.42196894,1783,2629618,2012/06/12 20:20:00+00,2012,University Dr,College Ave,545.952,Not Junction Related,1,0,Accident,ANGLE (Front To Side)(Other Than Left Turn),Daylight,Clear,Dry,Pedalcyclist,22,Male,West,Going Straight Ahead,Other,No Apparent Influence,No Apparent Influence,Driver,56,Female,North,Making Right Turn,No Improper Action,No Apparent Influence,No Apparent Influence,33.42196894,-111.9331675
-111.9306296,33.42199295,1898,2648499,2012/06/19 00:52:00+00,2012,University Dr,College Ave,1320,Unknown,1,0,Accident,Unknown,Daylight,Unknown,Unknown,Driver,32,Male,Unknown,Unknown,Unknown,No Apparent Influence,No Apparent Influence,Driver,29,Male,Unknown,Unknown,Unknown,No Apparent Influence,No Apparent Influence,33.42199295,-111.9306296
-111.9431252,33.42191808,1901,2648212,2012/06/19 01:28:00+00,2012,University Dr,Ash Ave,-224.928,Thru Roadway,1,0,Accident,Rear End,Daylight,Clear,Dry,Driver,20,Male,East,Going Straight Ahead,Followed Too Closely,No Apparent Influence,No Apparent Influence,Driver,33,Male,East,Slowing In Trafficway,No Improper Action,No Apparent Influence,No Apparent Influence,33.42191808,-111.9431252
-111.9627489,33.42193652,2015,2640108,2012/07/18 21:18:00+00,2012,University Dr,Albert Ave,0,Frontage Road Non Interchange,1,0,Accident,Single Vehicle,Daylight,Clear,Dry,Driver,26,Male,East,Other,No Improper Action,No Apparent Influence,No Apparent Influence,0,0,0,0,0,0,0,0,33.42193652,-111.9627489
-111.9253779,33.42202421,2024,2650760,2012/07/19 20:08:00+00,2012,University Dr,Rural Rd,281.952,Not Junction Related,1,0,Accident,Rear End,Daylight,Clear,Dry,Driver,18,Female,East,Going Straight Ahead,Speed To Fast For Conditions,No Apparent Influence,No Apparent Influence,Driver,22,Male,East,Stopped In Trafficway,No Improper Action,No Apparent Influence,No Apparent Influence,33.42202421,-111.9253779
-111.9097836,33.42198015,2032,2640055,2012/07/20 19:01:00+00,2012,University Dr,Mcclintock Dr,-217.008,Intersection Related Non Interchange,2,0,Accident,Rear End,Daylight,Clear,Dry,Driver,19,Female,East,Going Straight Ahead,Inattention Distraction,No Apparent Influence,No Apparent Influence,Driver,27,Female,East,Stopped In Trafficway,No Improper Action,No Apparent Influence,No Apparent Influence,33.42198015,-111.9097836
-111.9215437,33.42201723,2121,2641881,2012/06/30 05:49:00+00,2012,University Dr,Dorsey Ln,-1180.08,Not Junction Related,1,0,Accident,Single Vehicle,Dark Lighted,Clear,Dry,Driver,22,Male,East,Going Straight Ahead,Speed To Fast For Conditions,No Apparent Influence,No Apparent Influence,0,0,0,0,0,0,0,0,33.42201723,-111.9215437
-111.959717,33.42193508,2197,2639992,2012/07/11 18:46:00+00,2012,University Dr,Priest Dr,364.848,Intersection Related Non Interchange,1,0,Accident,Rear End,Daylight,Clear,Dry,Driver,23,Female,West,Going Straight Ahead,Speed To Fast For Conditions,No Apparent Influence,No Apparent Influence,Driver,57,Female,West,Slowing In Trafficway,No Improper Action,No Apparent Influence,No Apparent Influence,33.42193508,-111.959717
-111.9265744,33.42202443,2293,2638576,2012/06/24 10:38:00+00,2012,University Dr,Rural Rd,-83.952,Intersection Related Non Interchange,1,0,Accident,Rear End,Dark Lighted,Clear,Dry,Driver,32,Male,East,Going Straight Ahead,Speed To Fast For Conditions,Alcohol,No Apparent Influence,Driver,40,Male,East,Stopped In Trafficway,No Improper Action,No Apparent Influence,No Apparent Influence,33.42202443,-111.9265744
-111.9497219,33.42190353,2301,2628058,2012/07/02 19:00:00+00,2012,University Dr,Mckemy St,70.752,Not Junction Related,1,0,Accident,Left Turn,Daylight,Clear,Dry,Driver,28,Female,Southeast,Making Left Turn,Other,No Apparent Influence,No Apparent Influence,Driver,24,Female,West,Going Straight Ahead,No Improper Action,No Apparent Influence,No Apparent Influence,33.42190353,-111.9497219
-111.9455518,33.42189337,2388,2650857,2012/07/06 19:45:00+00,2012,University Dr,Roosevelt St,528,Driveway,1,0,Accident,ANGLE (Front To Side)(Other Than Left Turn),Daylight,Clear,Dry,Pedalcyclist,20,Female,East,Going Straight Ahead,Other,No Apparent Influence,No Apparent Influence,Driver,24,Male,South,Other,Unknown,No Apparent Influence,No Apparent Influence,33.42189337,-111.9455518
-111.9470365,33.4218968,2626,2656770,2012/08/25 04:52:00+00,2012,University Dr,Roosevelt St,74.976,Not Junction Related,1,0,Accident,ANGLE (Front To Side)(Other Than Left Turn),Dark Lighted,Clear,Dry,Pedalcyclist,22,Female,West,Going Straight Ahead,Other,No Apparent Influence,No Apparent Influence,Driver,19,Male,North,Making Right Turn,No Improper Action,No Apparent Influence,No Apparent Influence,33.4218968,-111.9470365
-111.8876896,33.42208466,2636,2673755,2012/08/26 01:22:00+00,2012,University Dr,George Dr,-85.008,Intersection Related Non Interchange,2,0,Accident,Left Turn,Dusk,Clear,Dry,Driver,23,Male,South,Making Left Turn,Made Improper Turn,No Apparent Influence,No Apparent Influence,Driver,18,Female,West,Going Straight Ahead,No Improper Action,No Apparent Influence,No Apparent Influence,33.42208466,-111.8876896
-111.9088605,33.42198473,2714,2656374,2012/08/16 22:50:00+00,2012,University Dr,Mcclintock Dr,66,Intersection Related Non Interchange,2,0,Accident,Rear End,Daylight,Clear,Dry,Driver,38,Male,West,Going Straight Ahead,Speed To Fast For Conditions,No Apparent Influence,No Apparent Influence,Driver,27,Male,West,Stopped In Trafficway,No Improper Action,No Apparent Influence,No Apparent Influence,33.42198473,-111.9088605
-111.8937056,33.42204991,2751,2664636,2012/09/05 18:57:00+00,2012,University Dr,Lola Ln,80.256,Intersection Related Non Interchange,2,0,Accident,Rear End,Daylight,Clear,Dry,Driver,37,Male,East,Going Straight Ahead,Inattention Distraction,No Apparent Influence,No Apparent Influence,Driver,20,Male,East,Slowing In Trafficway,No Improper Action,No Apparent Influence,No Apparent Influence,33.42204991,-111.8937056
-111.901796,33.42208678,2783,2656406,2012/08/19 02:50:00+00,2012,University Dr,Smith Rd,-400.224,Driveway,1,0,Accident,Left Turn,Dark Lighted,Clear,Dry,Driver,18,Male,Southwest,Making Left Turn,Inattention Distraction,No Apparent Influence,No Apparent Influence,Driver,20,Male,East,Going Straight Ahead,No Improper Action,No Apparent Influence,No Apparent Influence,33.42208678,-111.901796
-111.9163554,33.42201027,2786,2665115,2012/08/19 19:09:00+00,2012,University Dr,Dorsey Ln,403.92,Not Junction Related,1,0,Accident,Rear End,Daylight,Clear,Dry,Driver,21,Female,East,Going Straight Ahead,Speed To Fast For Conditions,No Apparent Influence,No Apparent Influence,Driver,48,Male,East,Making Right Turn,No Improper Action,No Apparent Influence,No Apparent Influence,33.42201027,-111.9163554
-111.9351585,33.42195134,2912,2662476,2012/09/24 19:53:00+00,2012,University Dr,College Ave,-61.776,Intersection Related Non Interchange,4,0,Accident,Rear End,Daylight,Clear,Dry,Driver,53,Male,Unknown,Going Straight Ahead,Followed Too Closely,No Apparent Influence,No Apparent Influence,Driver,19,Male,Unknown,Slowing In Trafficway,No Improper Action,No Apparent Influence,No Apparent Influence,33.42195134,-111.9351585
-111.90999,33.42198103,2947,2674016,2012/10/04 17:18:00+00,2012,University Dr,Mcclintock Dr,-279.84,Intersection Related Non Interchange,1,0,Accident,Rear End,Daylight,Clear,Dry,Driver,20,Female,West,Going Straight Ahead,Speed To Fast For Conditions,No Apparent Influence,No Apparent Influence,Driver,60,Male,West,Stopped In Trafficway,No Improper Action,No Apparent Influence,No Apparent Influence,33.42198103,-111.90999
-111.9045308,33.42204534,3133,2669959,2012/09/12 05:03:00+00,2012,University Dr,Perry Ln,99.792,Not Junction Related,1,0,Accident,Rear End,Dark Lighted,Clear,Dry,Driver,22,Male,East,Going Straight Ahead,Speed To Fast For Conditions,No Apparent Influence,No Apparent Influence,Driver,44,Male,East,Stopped In Trafficway,No Improper Action,No Apparent Influence,No Apparent Influence,33.42204534,-111.9045308
-111.8931344,33.42203442,3232,2673792,2012/10/21 07:05:00+00,2012,University Dr,Price Rd,-363.792,Not Junction Related,1,0,Accident,Sideswipe Same Direction,Dark Lighted,Clear,Dry,Driver,43,Female,West,Changing Lanes,Failed To Yield Right Of Way,No Apparent Influence,No Apparent Influence,Driver,38,Male,West,Going Straight Ahead,No Improper Action,No Apparent Influence,No Apparent Influence,33.42203442,-111.8931344
-111.940242,33.42193155,3244,2674756,2012/10/16 01:15:00+00,2012,University Dr,Mill Ave,-71.808,Intersection Related Non Interchange,1,0,Accident,Rear End,Dark Lighted,Clear,Dry,Driver,25,Male,East,Slowing In Trafficway,Inattention Distraction,No Apparent Influence,No Apparent Influence,Driver,78,Female,East,Stopped In Trafficway,No Improper Action,No Apparent Influence,No Apparent Influence,33.42193155,-111.940242
-111.8943615,33.42206751,3285,2673788,2012/10/17 01:53:00+00,2012,University Dr,River Dr,299.904,Not Junction Related,2,0,Accident,Left Turn,Dark Lighted,Clear,Dry,Driver,20,Female,Southeast,Making Left Turn,Failed To Yield Right Of Way,No Apparent Influence,No Apparent Influence,Driver,21,Female,West,Going Straight Ahead,No Improper Action,No Apparent Influence,No Apparent Influence,33.42206751,-111.8943615
-111.8914528,33.42200351,3298,2673786,2012/10/18 00:50:00+00,2012,University Dr,Price Rd,149.952,Intersection Related Non Interchange,2,0,Accident,Rear End,Dusk,Clear,Dry,Driver,20,Female,West,Going Straight Ahead,Speed To Fast For Conditions,No Apparent Influence,No Apparent Influence,Driver,55,Female,West,Stopped In Trafficway,No Improper Action,No Apparent Influence,No Apparent Influence,33.42200351,-111.8914528
-111.9027789,33.4220732,3387,2674767,2012/10/07 05:03:00+00,2012,University Dr,Smith Rd,-700.128,Not Junction Related,1,0,Accident,Rear End,Dark Lighted,Clear,Dry,Driver,20,Male,West,Going Straight Ahead,Inattention Distraction,No Apparent Influence,No Apparent Influence,Driver,22,Male,West,Slowing In Trafficway,No Improper Action,No Apparent Influence,No Apparent Influence,33.4220732,-111.9027789
-111.9469514,33.42189656,3411,2673735,2012/10/09 18:17:00+00,2012,University Dr,Roosevelt St,100.848,Not Junction Related,2,0,Accident,Left Turn,Daylight,Clear,Dry,Driver,20,Female,Southwest,Making Left Turn,Other,No Apparent Influence,No Apparent Influence,Driver,42,Female,East,Going Straight Ahead,No Improper Action,No Apparent Influence,No Apparent Influence,33.42189656,-111.9469514
-111.9211372,33.42201688,3435,2678006,2012/11/02 23:24:00+00,2012,University Dr,Dorsey Ln,-1056,Driveway,1,0,Accident,Left Turn,Daylight,Clear,Dry,Driver,20,Female,Southwest,Making Left Turn,Failed To Yield Right Of Way,No Apparent Influence,No Apparent Influence,Driver,26,Female,East,Going Straight Ahead,No Improper Action,No Apparent Influence,No Apparent Influence,33.42201688,-111.9211372
-111.9424544,33.42192858,3441,2669962,2012/11/03 14:59:00+00,2012,University Dr,Ash Ave,-20.064,Intersection Related Interchange,1,0,Accident,ANGLE (Front To Side)(Other Than Left Turn),Daylight,Clear,Dry,Driver,37,Female,Southwest,Making Right Turn,Failed To Yield Right Of Way,No Apparent Influence,No Apparent Influence,Pedalcyclist,23,Male,South,Crossing Road,Other,No Apparent Influence,No Apparent Influence,33.42192858,-111.9424544
-111.9259415,33.42202485,3451,2677991,2012/11/04 06:08:00+00,2012,University Dr,Rural Rd,109.824,Not Junction Related,1,0,Accident,Single Vehicle,Dark Lighted,Clear,Dry,Driver,22,Male,East,Avoiding Vehicle Object Pedestrian,Speed To Fast For Conditions,Alcohol,No Apparent Influence,0,0,0,0,0,0,0,0,33.42202485,-111.9259415
-111.9411445,33.42193021,3493,2666652,2012/11/01 08:19:00+00,2012,University Dr,Maple Ave,30.096,Not Junction Related,1,0,Accident,Head On,Dark Lighted,Clear,Dry,Driver,255,0,West,Going Straight Ahead,Unknown,No Apparent Influence,No Apparent Influence,Pedestrian,21,Male,North,Going Straight Ahead,No Improper Action,No Apparent Influence,No Apparent Influence,33.42193021,-111.9411445
-111.9093512,33.42197829,3508,2665100,2012/11/01 19:07:00+00,2012,University Dr,Mcclintock Dr,-85.008,Intersection Related Non Interchange,1,0,Accident,Rear End,Daylight,Clear,Dry,Driver,21,Male,East,Going Straight Ahead,Speed To Fast For Conditions,Alcohol,No Apparent Influence,Driver,18,Female,East,Stopped In Trafficway,No Improper Action,No Apparent Influence,No Apparent Influence,33.42197829,-111.9093512
-111.9286006,33.42201485,3578,2675524,2012/10/29 02:44:00+00,2012,University Dr,Mcallister Ave,99.792,Intersection Related Interchange,3,0,Accident,Rear End,Dark Lighted,Clear,Dry,Driver,27,Male,West,Going Straight Ahead,Inattention Distraction,No Apparent Influence,No Apparent Influence,Driver,36,Female,West,Stopped In Trafficway,No Improper Action,No Apparent Influence,No Apparent Influence,33.42201485,-111.9286006
-111.9301818,33.42199902,3595,2674031,2012/10/31 00:00:00+00,2012,University Dr,Mcallister Ave,-382.8,Not Junction Related,1,0,Accident,Left Turn,Daylight,Clear,Dry,Driver,39,Male,West,Making Left Turn,Failed To Yield Right Of Way,No Apparent Influence,No Apparent Influence,Pedalcyclist,22,Male,East,Making Left Turn,No Improper Action,No Apparent Influence,No Apparent Influence,33.42199902,-111.9301818
-111.8899867,33.4220154,3716,2675391,2012/11/26 23:18:00+00,2012,University Dr,Price Rd,95.04,Intersection Interchange,1,0,Accident,Rear End,Daylight,Clear,Dry,Driver,34,Male,West,Slowing In Trafficway,Speed To Fast For Conditions,No Apparent Influence,No Apparent Influence,Driver,54,Female,West,Slowing In Trafficway,No Improper Action,No Apparent Influence,No Apparent Influence,33.4220154,-111.8899867
-111.908159,33.42199297,3759,2677703,2012/11/30 00:51:00+00,2012,University Dr,Mcclintock Dr,279.84,Intersection Related Non Interchange,1,0,Accident,Rear End,Dusk,Clear,Dry,Driver,23,Male,West,Going Straight Ahead,Inattention Distraction,No Apparent Influence,No Apparent Influence,Driver,63,Female,West,Stopped In Trafficway,No Improper Action,No Apparent Influence,No Apparent Influence,33.42199297,-111.908159
-111.925155,33.42202396,3843,2679243,2012/11/08 02:05:00+00,2012,University Dr,Rural Rd,350.064,Not Junction Related,1,0,Accident,ANGLE (Front To Side)(Other Than Left Turn),Dark Lighted,Clear,Dry,Pedalcyclist,17,Male,West,Going Straight Ahead,Failed To Yield Right Of Way,No Apparent Influence,No Apparent Influence,Driver,20,Male,North,Going Straight Ahead,No Improper Action,No Apparent Influence,No Apparent Influence,33.42202396,-111.925155
-111.9139493,33.42199864,3889,2677895,2012/11/15 23:58:00+00,2012,University Dr,Dorsey Ln,1137.84,Not Junction Related,1,0,Accident,Rear End,Daylight,Clear,Dry,Driver,32,Male,East,Going Straight Ahead,Speed To Fast For Conditions,No Apparent Influence,No Apparent Influence,Driver,48,Male,East,Stopped In Trafficway,No Improper Action,No Apparent Influence,No Apparent Influence,33.42199864,-111.9139493
-111.9025498,33.42207656,4000,2678014,2012/11/14 01:58:00+00,2012,University Dr,Smith Rd,-629.904,Not Junction Related,1,0,Accident,ANGLE (Front To Side)(Other Than Left Turn),Dark Lighted,Clear,Dry,Driver,54,Male,Northeast,Other,Failed To Yield Right Of Way,No Apparent Influence,No Apparent Influence,Driver,36,Male,West,Going Straight Ahead,No Improper Action,No Apparent Influence,No Apparent Influence,33.42207656,-111.9025498
-111.9265188,33.42202499,4218,2674785,2012/12/10 19:01:00+00,2012,University Dr,Rural Rd,-67.056,Not Junction Related,1,0,Accident,Single Vehicle,Daylight,Clear,Dry,Driver,24,Male,West,Going Straight Ahead,No Improper Action,No Apparent Influence,No Apparent Influence,0,0,0,0,0,0,0,0,33.42202499,-111.9265188
-111.8939092,33.42205694,4219,2680190,2012/12/10 21:15:00+00,2012,University Dr,Price Rd,-599.808,Driveway,1,0,Accident,Other,Daylight,Clear,Dry,Driver,255,0,South,Making Right Turn,Failed To Yield Right Of Way,No Apparent Influence,No Apparent Influence,Pedestrian,27,Female,West,Going Straight Ahead,No Improper Action,No Apparent Influence,No Apparent Influence,33.42205694,-111.8939092
-111.904072,33.4220531,4464,2692285,2013/01/18 23:08:00+00,2013,University Dr,Perry Ln,240.24,Not Junction Related,1,0,Accident,Left Turn,Daylight,Clear,Dry,Driver,20,Female,North,Making Left Turn,Failed To Yield Right Of Way,No Apparent Influence,No Apparent Influence,Driver,26,Male,East,Going Straight Ahead,No Improper Action,No Apparent Influence,No Apparent Influence,33.4220531,-111.904072
-111.895343,33.42208616,4484,2691317,2013/02/01 07:07:00+00,2013,University Dr,River Dr,0,Intersection Non Interchange,1,0,Accident,ANGLE (Front To Side)(Other Than Left Turn),Dark Lighted,Clear,Dry,Driver,59,Male,South,Making Left Turn,Other,No Apparent Influence,No Apparent Influence,Driver,24,Female,West,Going Straight Ahead,No Improper Action,No Apparent Influence,No Apparent Influence,33.42208616,-111.895343
-111.8936704,33.42204895,21,2591207,2012/01/02 19:38:00+00,2012,University Dr,Price Rd,-528,Driveway,0,0,No Accident,ANGLE (Front To Side)(Other Than Left Turn),Daylight,Clear,Dry,Driver,17,Female,Northwest,Other,Other,No Apparent Influence,No Apparent Influence,Driver,19,Female,East,Going Straight Ahead,No Improper Action,No Apparent Influence,No Apparent Influence,33.42204895,-111.8936704